BOSCH Serie 6 WAU28T64GB 9 kg 1400 Spin Washing Machine - White,479.0,4.6,541.0
SAMSUNG Series 6 AddWash + Auto Dose WW90T684DLH/S1 WiFi-enabled 9 kg 1400 Spin Washing Machine - White,569.99,4.55,180.0
SAMSUNG Series 5+ AddWash WW90T554DAN/S1 WiFi-enabled 9 kg 1400 Spin Washing Machine - Graphite,479.0,4.6,778.0
AEG Soft Water L9FEC966R 9 kg 1600 Spin Washing Machine - White,969.99,4.85,103.0
BOSCH Serie 4 WAN28281GB 8 kg 1400 Spin Washing Machine - White,439.0,4.5,3428.0
SAMSUNG Series 5 ecobubble WW90TA046AX/EU 9 kg 1400 Spin Washing Machine - Graphite,449.0,4.65,1304.0
SAMSUNG Series 5 ecobubble WW90TA046AE/EU 9 kg 1400 Spin Washing Machine - White,449.99,4.65,1304.0
HOTPOINT NSWR 743U GK UK N 7 kg 1400 Spin Washing Machine - Graphite,349.99,4.4,3092.0
HOTPOINT NSWM 1043C GG UK N 10 kg 1400 Spin Washing Machine - Graphite,399.99,4.45,944.0
HOTPOINT NSWR 743U WK UK N 7 kg 1400 Spin Washing Machine - White,329.99,4.4,3092.0
HOTPOINT NSWM 1044C BS UK N 10kg 1400 Spin Washing Machine - Black,399.99,4.45,944.0
SAMSUNG Series 5+ AddWash WW90T554DAW/S1 WiFi-enabled 9 kg 1400 Spin Washing Machine - White,479.0,4.6,778.0
HOTPOINT NSWM 1044C W UK N 10kg 1400 Spin Washing Machine - White,379.99,4.45,944.0
SAMSUNG Series 5+ Auto Dose WW90T534DAW/S1 WiFi-enabled 9 kg 1400 Spin Washing Machine,479.0,4.55,241.0
SAMSUNG Series 5+ Auto Dose WW90T534DAN/S1 WiFi-enabled 9 kg 1400 Spin Washing Machine - Graphite,479.0,4.55,241.0
LOGIK L712WM20 7 kg 1200 Spin Washing Machine - White,209.0,4.35,7673.0
LOGIK L814WM20 8 kg 1400 Spin Washing Machine - White,229.0,4.25,6421.0
BEKO WTK72011W 7 kg 1200 Spin Washing Machine - White,219.99,4.15,3939.0
BEKO RecycledTub WTK94121W 9 kg 1400 Spin Washing Machine - White,309.99,4.4,417.0
BEKO WTK82011W 8 kg 1200 Spin Washing Machine - White,229.0,3.9,3314.0
LOGIK LIW714W20 Integrated 7 kg 1400 Spin Washing Machine,299.0,4.2,484.0
LG AI DD V3 F4V310SNE 10.5 kg 1400 Spin Washing Machine - Graphite,429.0,4.65,670.0
INDESIT IWC 71453 W UK N 7 kg 1400 Spin Washing Machine - White,249.99,4.15,4339.0
LOGIK L914WM20 9 kg 1400 Spin Washing Machine - White,249.0,4.25,1362.0
HOOVER H-Wash 300 H3W 68TME NFC 8 kg 1600 Spin Washing Machine - White,299.99,4.35,734.0
BEKO Pro AquaTech B5W5941AW Bluetooth 9 kg 1400 Spin Washing Machine - White,359.99,4.3,42.0
LG AI DD V3 F4V310WNE 10.5 kg 1400 Spin Washing Machine - White,429.0,4.55,549.0
CANDY CS 14102DE NFC 10 kg 1400 Spin Washing Machine - White,279.99,4.55,53.0
INDESIT IWC 71452 W UK N 7 kg 1400 Spin Washing Machine – White,219.99,4.2,5819.0
BOSCH Serie 2 WAJ28008GB 7 kg 1400 Spin Washing Machine - White,369.99,4.45,705.0
HOOVER H-Wash 300 H3W410TE NFC 10 kg 1400 Spin Washing Machine - White,299.0,4.2,651.0
HOOVER H-Wash 300 H3W 68TMGGE 8 kg 1600 Spin Washing Machine - Graphite,319.99,4.4,589.0
HOOVER H-WASH 300 Pro HBWOS 69TAMCET Integrated WiFi-enabled 9 kg 1600 Spin Washing Machine - White,469.0,4.2,823.0
BEKO WTK74011A 7 kg 1400 Spin Washing Machine - Anthracite,299.99,3.95,212.0
BOSCH Serie 6 WAU28R90GB 9 kg 1400 Spin Washing Machine - White,512.0,4.6,345.0
LOGIK L1014WM20 10 kg 1400 Spin Washing Machine - White,269.99,4.35,885.0
SAMSUNG Series 6 AddWash + Auto Dose WW90T684DLN/S1 WiFi-enabled 9 kg 1400 Spin Washing Machine - Graphite,599.0,4.55,180.0
INDESIT Innex BWE 91683X W UK 9 kg 1600 Spin Washing Machine - White,329.99,4.2,218.0
BEKO Pro IronFast RecycledTub B3W5942IW Bluetooth 9 kg 1400 Spin Washing Machine - White,349.99,4.6,41.0
BEKO Pro AquaTech B5W5941AG Bluetooth 9 kg 1400 Spin Washing Machine – Graphite,419.99,4.3,42.0
BEKO WTK74011W 7 kg 1400 Spin Washing Machine - White,289.99,3.9,206.0
HOTPOINT NSWR 944C WK UK N 9 kg 1400 Spin Washing Machine - White,319.99,4.4,5540.0
INDESIT MTWC 91484 W 9 kg 1400 Spin Washing Machine - White,299.99,4.2,5819.0
BOSCH Serie 4 WAN28081GB 7 kg 1400 Spin Washing Machine - White,379.0,4.5,3075.0
LOGIK LIW814W20 Integrated 8 kg 1400 Spin Washing Machine,339.0,4.4,456.0
SAMSUNG Series 5 ecobubble WW80TA046AX/EU 8 kg 1400 Spin Washing Machine - Graphite,429.0,4.6,5636.0
HOOVER H3W69TME NFC 9 kg 1600 Spin Washing Machine - White,339.99,4.3,859.0
HOOVER H-Wash 300 H3W410TGGE NFC 10 kg 1400 Spin Washing Machine - Graphite,319.99,4.2,118.0
HOOVER H-Wash 500 HWB 49AMBCR WiFi-enabled 9 kg 1400 Spin Washing Machine - Graphite,409.99,4.4,2485.0
SAMSUNG Series 5 ecobubble WW70TA046TE/EU 7 kg 1400 Spin Washing Machine - White,389.99,4.6,158.0
BEKO Pro AquaTech WEX84064E0W Bluetooth 8 kg 1400 Spin Washing Machine – White,329.99,3.95,55.0
HOOVER H-Wash 500 HWB 410AMC WiFi-enabled 10 kg 1400 Spin Washing Machine - White,409.99,4.5,355.0
HOOVER H-Wash 500 HWB 69AMC WiFi-enabled 9 kg 1600 Spin Washing Machine - White,439.99,4.4,169.0
HOOVER H-Wash 500 HWB 411AMC WiFi-enabled 11 kg 1400 Spin Washing Machine - White,439.99,4.4,6.0
HOTPOINT Core NSWR 843C WK UK 8 kg 1400 Spin Washing Machine - White,299.99,4.4,5538.0
BEKO WTIK72111 Integrated 7 kg 1200 Spin Washing Machine,309.0,4.0,73.0
HOTPOINT Core NSWR 843C BS UK N 8 kg 1400 Spin Washing Machine – Black,299.99,4.4,5538.0
HOOVER H-Wash 500 HWB49AMC Smart 9 kg 1400 Spin Washing Machine - White,379.99,4.4,2488.0
BEKO Pro RecycledTub WEX840530B Bluetooth 8 kg 1400 Spin Washing Machine - Black,299.99,4.5,162.0
BEKO Pro RecycledTub WEX840530W Bluetooth 8 kg 1400 Spin Washing Machine - White,289.99,4.5,162.0
HOOVER H-WASH 300 Pro HBWOS 69TAMCBET Integrated WiFi-enabled 9 kg 1600 Spin Washing Machine - Black,499.0,4.2,823.0
BEKO WTIK74111 Integrated 7 kg 1400 Spin Washing Machine,349.0,4.2,111.0
BOSCH Serie 8 WIW28501GB Integrated 8 kg 1400 Spin Washing Machine,799.0,4.7,111.0
HOOVER H-WASH 300 HBWS 48D2E Integrated 8 kg 1400 Spin Washing Machine,379.0,4.1,483.0
INDESIT Innex BWE 71452W UK N 7 kg 1400 Spin Washing Machine – White,279.99,4.45,269.0
HOOVER H-Wash 300 H3WS69TAMCGE NFC 9 kg 1600 Spin Washing Machine - Granite,409.99,4.25,1046.0
BEKO Pro RecycledTub WTIK76121 Integrated 7 kg 1600 Spin Washing Machine,369.0,4.25,112.0
CANDY CS 1482DE NFC 8 kg 1400 Spin Washing Machine - White,249.99,4.4,277.0
BEKO Pro RecycledTub WTIK84121 Integrated 8 kg 1400 Spin Washing Machine,419.0,4.2,57.0
BEKO RecycledTub WTK104121A 10 kg 1400 Spin Washing Machine - Anthracite,329.99,4.5,983.0
BEKO RecycledTub WTK84011W 8 kg 1400 Spin Washing Machine - White,269.99,3.7,341.0
HOOVER H-Wash 300 H3WS610TAMCGE NFC 10 kg 1600 Spin Washing Machine – Graphite,439.99,4.3,318.0
HOTPOINT Core NSWR 963C WK UK N 9 kg 1600 Spin Washing Machine - White,339.99,4.2,2662.0
HOOVER H-WASH 300 H3WS68TAMCE NFC 8 kg 1600 Spin Washing Machine - White,329.99,4.35,1789.0
SAMSUNG Series 5+ Auto Dose WW10T534DAW/S1 WiFi-enabled 10.5 kg 1400 Spin Washing Machine - White,599.99,4.55,133.0
BEKO RecycledTub WTK104121W 10 kg 1400 Spin Washing Machine - White,299.99,4.5,982.0
HAIER I-Pro Series 5 HW90-B14959S8U1 WiFi-enabled 9 kg 1400 rpm Washing Machine - Anthracite,439.99,4.75,32.0
SAMSUNG Series 5+ AddWash WW80T554DAN/S1 WiFi-enabled 8 kg 1400 Spin Washing Machine - Graphite,499.0,4.65,177.0
LG AI DD V3 F4V309SNE 9 kg 1400 Spin Washing Machine - Graphite,399.0,4.55,797.0
MIELE W1 WCA030 7 kg 1400 Spin Washing Machine - White,729.99,4.65,82.0
BOSCH Serie 4 WAN282X1GB 8 kg 1400 Spin Washing Machine - Silver Inox,479.99,4.5,405.0
SAMSUNG Series 4 WW90T4040CX/EU 9 kg 1400 Spin Washing Machine - Graphite,429.99,4.8,9.0
SAMSUNG Series 5 ecobubble WW80TA046TH/EU 8 kg 1400 Spin Washing Machine - White,479.99,4.6,5636.0
CANDY CS1492DE NFC 9 kg 1400 Spin Washing Machine – White,259.99,4.55,157.0
BOSCH Serie 6 WAU28TS1GB 9 kg 1400 Spin Washing Machine - Silver Inox,499.0,4.6,133.0
LG TurboWash 360 with AI DD V9 F4V909BTSE WiFi-enabled 9 kg 1400 Spin Washing Machine - Black,899.99,4.65,46.0
HOOVER H-Wash 300 HBWS 49D2ACE Integrated 9 kg 1400 Spin Washing Machine,459.0,4.65,36.0
SAMSUNG Series 5 ecobubble WW80TA046AE/EU 8 kg 1400 Spin Washing Machine - White,479.99,4.6,5636.0
SHARP ES-NFB8141WD-EN 8 kg 1400 Spin Washing Machine - White,269.99,3.65,22.0
SAMSUNG Series 9 QuickDrive WW90T986DSX/S1 WiFi-enabled 9 kg 1600 Spin Washing Machine - Graphite,1159.99,4.55,43.0
BEKO WTL74051B 7 kg 1400 Spin Washing Machine - Black,329.99,3.9,183.0
BEKO Pro AquaTech B5W51041AW Bluetooth 10 kg 1400 Spin Washing Machine – White,419.99,4.1,47.0
CANDY CBW 49D2E Integrated 9 kg 1400 Spin Washing Machine,399.0,4.45,24.0
HOOVER H-Wash 500 HWB410AMBCR WiFi-enabled 10 kg 1400 Spin Washing Machine - Graphite,459.99,4.5,355.0
SAMSUNG Series 5+ Auto Dose WW80T534DAN/S1 WiFi-enabled 8 kg 1400 Spin Washing Machine - Graphite,549.99,4.2,45.0
CANDY CBW 48D2E 8 kg 1400 Spin Integrated Washing Machine,349.0,4.55,74.0
HOOVER H-Wash 300 H3W 69TMGGE NFC 9 kg 1600 Spin Washing Machine - Graphite,399.99,4.35,366.0
INDESIT IWC 81483 W UK N 8 kg 1400 Spin Washing Machine - White,269.99,4.15,4339.0
SAMSUNG Series 5+ Auto Dose WW10T534DAN/S1 WiFi-enabled 10 kg 1400 Spin Washing Machine - Graphite,629.99,4.55,133.0
HOTPOINT NSWR 944C GK UK N 9 kg 1400 Spin Washing Machine - Graphite,319.99,4.4,5538.0
HAIER I-Pro Series 7 HW100-B14979S 10 kg 1400 Spin Washing Machine - Graphite,629.99,4.6,85.0
HOOVER H-Wash 300 H3W49TGGE NFC 9 kg 1400 Spin Washing Machine - Graphite,369.99,4.2,630.0
HOOVER H-Wash 300 H3W 48TGGE NFC 8 kg 1400 Spin Washing Machine – Graphite,319.99,4.4,356.0
BEKO Pro RecycledTub B3W51042IW Bluetooth 10 kg 1400 Spin Washing Machine - White,379.99,4.2,14.0
HOOVER H-Wash 300 H3W49TE NFC 9 kg 1400 Spin Washing Machine - White,279.0,4.25,905.0
HISENSE WFGE10141VM 10 kg 1400 rpm Washing Machine - White,379.99,4.65,24.0
HOTPOINT Core NSWR 963C GK UK N 9 kg 1600 Spin Washing Machine - Graphite,339.99,4.2,2660.0
HOOVER H-Wash 500 HWB 69AMBCR WiFi-enabled 9 kg 1600 Spin Washing Machine - Graphite,459.99,4.4,169.0
SAMSUNG Series 4 WW70T4040EE/EU 7 kg 1400 Spin Washing Machine - White,369.99,4.8,12.0
BOSCH Serie 6 i-DOS WAU28PH9GB WiFi-enabled 9 kg 1400 Spin Washing Machine - White,629.99,4.45,87.0
HOTPOINT Activecare NM11 964 BC A UK N 9 kg 1600 Spin Washing Machine - Black,399.99,4.4,2485.0
LG AI DD V5 F4V509SSE WiFi-enabled 9 kg 1400 Spin Washing Machine - Graphite,669.99,4.55,35.0
HOOVER H-WASH 300 Pro HBWOS 69TMET-80 Integrated WiFi-enabled 9 kg 1600 Spin Washing Machine,429.0,3.05,8.0
MIELE W1 WWD020 WCS 8 kg 1400 Spin Washing Machine - White,899.0,,
CANDY CBW49D2BBE Integrated 9 kg 1400 Spin Washing Machine - Black,399.0,4.0,13.0
BEKO WTL74051S 7 kg 1400 Spin Washing Machine - Silver,349.99,3.9,184.0
SAMSUNG Series 6 AddWash + Auto Dose WW10T684DLH/S1 WiFi-enabled 10.5 kg 1400 Spin Washing Machine - White,799.99,4.65,46.0
AEG Soft Water L9FEC966R 9 kg 1600 Spin Washing Machine - White,969.99,4.85,103.0
HAIER I-Pro Series 5 HW90-B14959U1-UK WiFi-enabled 9 kg 1400 Spin Washing Machine - White,439.99,4.6,21.0
LG TurboWash 360 with AI DD V9 F4V909WTSE WiFi-enabled 9 kg 1400 Spin Washing Machine - White,869.99,4.65,63.0
HOTPOINT Core NSWR 843C GK UK 8 kg 1400 Spin Washing Machine - Graphite,299.99,4.4,5538.0
BOSCH Serie 6 WAL28RH1GB WiFi-enabled 10 kg 1400 Washing Machine - White,624.0,4.65,6.0
NEFF W543BX1GB Integrated 8 kg 1400 Spin Washing Machine - White,719.0,4.55,69.0
ZANUSSI ZWF144A2PW 10 kg 1400 Spin Washing Machine - White,499.99,4.65,56.0
BOSCH Serie 6 i-DOS WAU28S80GB 8 kg 1400 Spin Washing Machine - White,569.99,4.4,98.0
ZANUSSI ZWC1301 3 kg 1300 Spin Washing Machine - White,539.0,,
LG TurboWash 360 with AIDD V9 F6V909BTSA WiFi-enabled 9 kg 1600 Spin Washing Machine - Black Steel,999.99,4.9,4.0
HOTPOINT BIWMHG91484 Integrated 9 kg 1400 Spin Washing Machine,519.0,4.3,228.0
GRUNDIG GW75843TW Bluetooth 8 kg 1400 rpm Washing Machine - White,329.0,4.2,16.0
GRUNDIG FiberCatcher GW78941FW Bluetooth 9 kg 1400 Spin Washing Machine - White,479.99,4.45,31.0
HOOVER H-Wash 300 H3W48TE NFC 8 kg 1400 Spin Washing Machine - White,319.99,4.3,1467.0
HAIER 636 Series HW100-B14636N 10 kg 1400 Spin Washing Machine - White,529.99,4.8,26.0
CANDY Smart Pro CSO 1483DWCE WiFi-enabled 8 kg 1400 Spin Washing Machine - White,319.99,4.1,17.0
HOTPOINT Activecare NM11 844 WC A UK N 8 kg 1400 Spin Washing Machine - White,379.99,4.4,2488.0
LG EZDispense with TurboWash 360 V9 F6V910WTSA WiFi-enabled 10.5 kg 1600 Spin Washing Machine - White,999.99,4.25,2.0
SAMSUNG Series 6 AddWash + Auto Dose WW10T684DLN/S1 WiFi-enabled 10.5 kg 1400 Spin Washing Machine - Graphite,829.99,4.65,46.0
HISENSE WFGE80141VM 8 kg 1400 Spin Washing Machine - White,379.99,4.55,57.0
GRUNDIG GW75942TG Bluetooth 9 kg 1400 rpm Washing Machine - Graphite,399.99,4.6,40.0
MIELE W1 TwinDos WWG 660 WCS WiFi-enabled 9 kg 1400 Spin Washing Machine - White,1149.99,4.55,82.0
HAIER I-Pro Series 7 HW80-B14979 8 kg 1400 Spin Washing Machine - White,499.0,4.5,61.0
HOOVER H-Wash 300 HBWS 48D2ACE Integrated 8 kg 1400 Spin Washing Machine,429.0,4.0,216.0
HOTPOINT Activecare NM11 964 WC UK N 9 kg 1600 Spin Washing Machine - White,399.99,4.4,2488.0
LG AI DD V3 F4V309WNE 9 kg 1400 Spin Washing Machine - White,399.0,4.55,672.0
SHARP ES-NFB8141SD 8 kg 1400 Spin Washing Machine - Silver,289.99,2.85,24.0
CANDY Rapido RO14114DWMCE WiFi-enabled 11 kg 1400 Spin Washing Machine - White,439.99,3.75,4.0
MONTPELLIER MW7141S 7 kg 1400 Spin Washing Machine - Silver,299.99,4.6,5.0
HAIER I-Pro Series 5 HW100-B14959U1 WiFi-enabled 10 kg 1400 rpm Washing Machine - White,469.99,4.65,20.0
SAMSUNG Series 4 WW80T4040EE/EU 8 kg 1400 Spin Washing Machine - White,399.99,4.45,56.0
GRUNDIG FiberCatcher GW781041FW Bluetooth 10 kg 1400 rpm Washing Machine - White,479.99,4.45,9.0
HAIER 636 Series HW80-B14636N 8 kg 1400 Spin Washing Machine - White,469.99,4.65,36.0
NEFF W544BX1GB Integrated 8 kg 1400 rpm Washing Machine,799.0,4.7,43.0
GRUNDIG GW75962TW Bluetooth 9 kg 1600 rpm Washing Machine - White,349.99,4.5,6.0
MONTPELLIER MW7141K 7 kg 1400 Spin Washing Machine - Black,299.99,4.35,3.0
AEG ProSteam L7FEE965R 9 kg 1600 Spin Washing Machine - White,609.99,4.8,82.0
GRUNDIG FiberCatcher GW78941FG Bluetooth 9 kg 1400 Spin Washing Machine - Graphite,489.99,4.45,31.0
SAMSUNG Series 4 AddWash WW90T4540AE/EU Smart 9 kg 1400 Spin Washing Machine - White,479.99,4.6,86.0
SAMSUNG Series 8 QuickDrive WW90T854DBH/S1 WiFi-enabled 9 kg 1400 Spin Washing Machine - White,799.99,4.5,23.0
HOTPOINT Activecare NM11 964 GC A UK N 9 kg 1600 Spin Washing Machine - Graphite,399.99,4.4,2485.0
SAMSUNG Series 4 AddWash WW90T4540AX/EU Smart 9 kg 1400 Spin Washing Machine - Graphite,479.99,4.6,86.0
HOTPOINT BIWMHG81484 Integrated 8 kg 1400 Spin Washing Machine,489.0,4.35,295.0
MIELE WWG 360 WiFi-enabled 9 kg 1400 Spin Washing Machine - White,1199.99,4.6,38.0
SHARP ES-NFB0142WD-EN 10 kg 1400 Spin Washing Machine - White,329.99,4.4,8.0
HOOVER H-Wash 300 HBWS48D1ACBE Integrated 8 kg 1400 Spin Washing Machine – Black,399.0,4.0,216.0
HAIER I-Pro Series 7 HW80-B14979S 8 kg 1400 Spin Washing Machine - Graphite,499.99,4.7,90.0
HISENSE WFGE90141VM 9 kg 1400 Spin Washing Machine - White,359.99,3.9,16.0
LG Direct Drive F4MT08WE 8 kg 1400 Spin Washing Machine - White,429.99,4.5,283.0
SAMSUNG Series 4 WW90T4040CE/EU 9 kg 1400 Spin Washing Machine - White,429.99,4.5,18.0
BEKO WTL76151W 7 kg 1600 Spin Washing Machine - White,329.99,4.2,62.0
LG TurboWash 360 with AI DD V9 F4V910BTSE WiFi-enabled 10.5 kg 1400 Spin Washing Machine - Black,949.99,3.8,8.0
LG AI DD V5 F4V510WSE WiFi-enabled 10.5 kg 1400 Spin Washing Machine - White,709.99,4.2,9.0
HOOVER H-Wash 300 HBWS49D1ACBE Integrated 9 kg 1400 Spin Washing Machine – Black,439.0,4.0,5.0
SHARP ES-NFB9141WD-EN 9 kg 1400 Spin Washing Machine - White,299.99,4.1,17.0
HISENSE WFGE80142VM 8 kg 1400 rpm Washing Machine - White,369.99,4.25,22.0
BOSCH Serie 8 WAX32GH4GB WiFi-enabled 10 kg 1600 Spin Washing Machine - White,969.0,4.95,24.0
MIELE W1 PowerWash & TwinDos WWI 860 WiFi-enabled 9 kg 1600 Spin Washing Machine - White,1499.99,4.9,15.0
HOTPOINT ActiveCare NM11 1044 WC A UK N 10 kg 1400 Spin Washing Machine - White,419.0,4.4,2485.0
HOOVER H-WASH 300 Lite HBWS 49D2E-80 Integrated 9 kg 1400 Spin Washing Machine,429.0,4.0,216.0
LG EZDispense with TurboWash 360 V9 F6V910BTSA WiFi-enabled 10.5 kg 1600 Spin Washing Machine - Black,1049.99,4.5,10.0
SAMSUNG Series 5 ecobubble WW12T504DAN WiFi-enabled 12 kg 1400 Spin Washing Machine - Graphite,679.99,5.0,1.0
LG FH4G1BCS2 WiFi-enabled 12 kg 1400 Spin Washing Machine - White,999.99,4.55,73.0
LG EZDispense with TurboWash 360 V11 F4V1112WTSA WiFi-enabled 12 kg 1400 Spin Washing Machine - White,1399.99,4.2,27.0
GRUNDIG GW751042TW Bluetooth 10 kg 1400 rpm Washing Machine - White,419.99,4.15,12.0
HOTPOINT Gentlepower H8 W946WB 9 kg 1400 Spin Washing Machine - White,639.99,4.45,12.0
SAMSUNG Series 5+ AddWash WW80T554DAW/S1 WiFi-enabled 8 kg 1400 Spin Washing Machine - White,549.99,4.65,177.0
AEG AEG ProSense L6FBJ842P 8 kg 1400 Spin Washing Machine - White,609.99,,
LG EZDispense with TurboWash 360 V11 F4V1112BTSA WiFi-enabled 12 kg 1400 Spin Washing Machine - Black,1399.99,4.75,2.0
LG AI DD V3 F4V309WSE 9 kg 1400 Spin Washing Machine - White,599.99,4.7,51.0
HAIER I-Pro Series 7 HW100-B14979 10 kg 1400 Spin Washing Machine - White,629.99,4.75,112.0
LG TurboWash with Steam V7 F4V712STSE WiFi-enabled 12 kg 1400 Spin Washing Machine - Graphite,849.99,4.25,10.0
MIELE WWR 860 WiFi-enabled 9 kg 1600 Spin Washing Machine - White,1999.99,4.85,17.0
SAMSUNG Series 5+ Auto Dose WW80T534DAW/S1 WiFi-enabled 8 kg 1400 Spin Washing Machine - White,549.99,4.2,45.0
SAMSUNG Series 6 AddWash + Auto Dose WW80T684DLN/S1 WiFi-enabled 8 kg 1400 Spin Washing Machine - Graphite,649.99,4.6,26.0
LG TurboWash 360 with AIDD V9 F6V909WTSA WiFi-enabled 9 kg 1600 Spin Washing Machine - White,949.99,4.85,3.0
BOSCH Serie 8 WAX32M81GB WiFi-enabled 10 kg 1600 Spin Washing Machine - White,1019.0,,
SHARP ES-NFB914AWC-EN 9 kg 1400 Spin Washing Machine - White,329.99,3.35,12.0
LG EZDispense with TurboWash 360 V11 F6V1110WTSA WiFi-enabled 10.5 kg 1600 Spin Washing Machine - White,1349.99,5.0,1.0
HOTPOINT H6 W845WB UK 8 kg 1400 Spin Washing Machine - White,559.99,4.3,15.0
BOSCH Serie 8 WAX32MH9GB WiFi-enabled 9 kg 1600 Spin Washing Machine - White,899.99,4.6,150.0
BEKO Pro HygieneShield WEY104064TW Bluetooth 10 kg 1400 Spin Washing Machine - White,429.99,4.4,21.0
MIELE W1 TwinDos WWD 660 WiFi-enabled 8 kg 1400 Spin Washing Machine - White,999.99,4.75,97.0
MONTPELLIER MW1045W 10 kg 1500 rpm Washing Machine - White,329.99,2.5,1.0
MONTPELLIER MW7141W 7 kg 1400 Spin Washing Machine - White,279.99,3.25,4.0
AEG ProSteam L7FEE865R Washing Machine - White,579.99,4.85,202.0
SAMSUNG Series 8 QuickDrive WW90T854DBX/S1 WiFi-enabled 9 kg 1400 Spin Washing Machine - Graphite,829.99,4.5,23.0
LG TurboWash 360 with Steam+ V10 F4V1012BTSE WiFi-enabled 12 kg 1400 Spin Washing Machine - Black,1149.99,4.5,3.0
LG AI DD V3 F4V309SSE 9 kg 1400 Spin Washing Machine - Graphite,629.99,4.55,18.0
LG AI DD V5 F4V510SSE WiFi-enabled 10.5 kg 1400 Spin Washing Machine - Graphite,739.99,4.2,13.0
HAIER I-Pro Series 7 HW120-B14979 12 kg 1400 Spin Washing Machine - White,649.0,4.5,38.0
MONTPELLIER MIWM84 Integrated 8 kg 1400 Spin Washing Machine,399.0,,
SAMSUNG Series 5 ecobubble WW12T504DAW WiFi-enabled 12 kg 1400 Spin Washing Machine - White,699.99,4.0,6.0
SAMSUNG Series 9 QuickDrive WW90T986DSH/S1 WiFi-enabled 9 kg 1600 Spin Washing Machine - White,1169.99,4.55,43.0
SAMSUNG Series 6 AddWash + Auto Dose WW80T684DLH/S1 WiFi-enabled 8 kg 1400 Spin Washing Machine - White,629.99,4.6,26.0
MIELE W1 PowerWash WWD 320 8 kg 1400 Spin Washing Machine - White,1049.99,4.65,70.0
LG EZDispense with TurboWash 360 V11 F6V1110BTSA WiFi-enabled 10.5 kg 1600 Spin Washing Machine - Black,1349.99,4.9,4.0
LG TurboWash with AI DD V7 F4V709WTSE WiFi-enabled 9 kg 1400 Spin Washing Machine - White,579.99,4.6,78.0
BOSCH Serie 6 WGG256M1GB 10 kg 1600 Spin Washing Machine - White,899.0,,
SHARP ES-NFH014CWC-EN 10 kg 1400 Spin Washing Machine - White,329.99,2.2,5.0
BOSCH Serie 6 WGG24409GB 9 kg 1400 Spin Washing Machine - White,779.0,,
LG TurboWash 360 with Steam+ V10 F4V1012WTSE WiFi-enabled 12 kg 1400 Spin Washing Machine - White,1099.99,3.0,2.0
HOOVER H-Wash 500 HWDB 610AMBCR Auto Dosing WiFi-enabled 10 kg 1600 Spin Washing Machine - Graphite,549.99,4.25,27.0
HOOVER H-Wash 500 Auto Dosing HWDB 69AMBC WiFi-enabled 9 kg 1600 Spin Washing Machine - White,459.99,3.95,100.0
HOTPOINT H7 W945WB 9 kg 1400 Spin Washing Machine - White,619.99,4.5,6.0
AEG ProSteam L7FEE945R 9 kg 1400 Spin Washing Machine - White & Stainless Steel,679.99,,
LG TurboWash with Steam V7 F4V712WTSE WiFi-enabled 12 kg 1400 Spin Washing Machine - White,819.99,4.15,4.0
LG TurboWash with AI DD V7 F4V709STSE WiFi-enabled 9 kg 1400 Spin Washing Machine - Graphite,599.99,4.9,13.0
HOTPOINT NM11 844 GC A UK N 8 kg 1400 Spin Washing Machine – Graphite,439.99,4.4,2485.0
CDA CI3161 Integrated 6 kg 1200 Spin Washing Machine,409.0,3.85,55.0
LG TurboWash 360 with AI DD V10 F6V1010WTSE WiFi-enabled 10.5 kg 1600 Spin Washing Machine - White,849.99,4.4,31.0
LG TurboWash with AI DD V7 F4V710STSE WiFi-enabled 10.5 kg 1400 Spin Washing Machine - Graphite,649.99,4.65,24.0
LG EZDispense TurboWash with AI DD V7 F4V710STSA WiFi-enabled 10.5 kg 1400 Spin Washing Machine - Graphite,729.99,4.8,5.0
LG TurboWash 360 with AI DD V10 F6V1009BTSE WiFi-enabled 9 kg 1600 Spin Washing Machine - Black,849.99,4.65,10.0
LG TurboWash 360 with AI DD V10 F6V1010BTSE WiFi-enabled 10.5 kg 1600 Spin Washing Machine - Black,899.99,4.45,10.0
LG EZDispense TurboWash with AI DD V7 F4V709STSA WiFi-enabled 9 kg 1400 Spin Washing Machine - Graphite,679.99,4.95,7.0
GRUNDIG GW75942TW Bluetooth 9 kg 1400 rpm Washing Machine - White,369.99,4.6,40.0
LG EZDispense TurboWash with AI DD V7 F4V710WTSA WiFi-enabled 10.5 kg 1400 Spin Washing Machine - White,869.99,4.85,3.0
LG TurboWash 360 with AI DD V10 F6V1009WTSE WiFi-enabled 9 kg 1600 Spin Washing Machine - White,799.99,4.85,24.0
LG TurboWash with AI DD V7 F4V710WTSE WiFi-enabled 10.5 kg 1400 Spin Washing Machine - White,629.99,4.6,49.0
SHARP ES-NFH014CWB 10 kg 1400 Spin Washing Machine - White,349.99,,
LG EZDispense TurboWash with AI DD V7 F4V709WTSA WiFi-enabled 9 kg 1400 Spin Washing Machine - White,819.99,3.4,4.0
BOSCH Serie 6 WIW28301GB Integrated 8 kg 1400 Spin Washing Machine,699.0,4.65,170.0
CANDY Rapido RO1694DWMCE WiFi-enabled 9 kg 1600 Spin Washing Machine - White,359.99,4.35,59.0
INDESIT BIWMIL91484 Integrated 9 kg 1400 Spin Washing Machine,399.0,4.3,180.0
INDESIT Innex BWE 101683X W UK N 10 kg 1600 Spin Washing Machine - White,339.99,4.35,926.0
SHARP ES-NFB814AWC-EN 8 kg 1400 Spin Washing Machine - White,279.0,3.9,26.0
HOTPOINT BI WMHG 71483 UK N Integrated 7 kg 1400 Spin Washing Machine,429.0,4.4,107.0
CANDY Rapido RO16104DWMCE WiFi-enabled 10 kg 1600 Spin Washing Machine - White,439.99,4.4,13.0
LG TurboWash 360 with AI DD V9 F4V910WTSE WiFi-enabled 10.5 kg 1400 Spin Washing Machine - White,919.99,4.75,39.0
SHARP ES-NFB8141BD 8 kg 1400 Spin Washing Machine - Black,289.99,3.8,30.0
INDESIT Innex BWE 71452K UK N 7 kg 1400 Spin Washing Machine - Black,299.99,4.45,247.0
MONTPELLIER MW9145P 9 kg 1400 Spin Washing Machine - White,359.0,4.0,2.0
INDESIT BIWMIL81284 Integrated 8 kg 1200 Spin Washing Machine,389.0,4.35,113.0
BOSCH Serie 8 WAV28MH4GB WiFi-enabled 9 kg 1400 Spin Washing Machine - White,879.0,,
HOOVER H-Wash 500 HWDB 69AMBCR Auto Dosing WiFi-enabled 9 kg 1600 Spin Washing Machine - Graphite,489.99,4.05,15.0
HOOVER H-Wash 500 HWB 411AMBCR WiFi-enabled 11 kg 1400 Spin Washing Machine - Graphite,479.99,4.65,3.0
ZANUSSI Z714W43BI Integrated 7 kg 1400 Spin Washing Machine,589.0,4.1,91.0
HOOVER H-Wash 300 H3WS68TAMCGE NFC 8 kg 1600 Spin Washing Machine - Graphite,389.99,4.45,75.0
HOOVER H-Wash 500 HWB 414AMC WiFi-enabled 14 kg 1400 Spin Washing Machine - White,559.99,4.85,21.0
HAIER I-Pro Series 5 HW100-B14959S8U1UK WiFi-enabled 10 kg 1400 rpm Washing Machine - Anthracite,469.99,4.7,23.0
ZANUSSI ZWF745B4PW 7 kg 1400 Spin Washing Machine - White,329.99,4.55,73.0
CANDY Smart Pro CSO1493DWCE WiFi-enabled 9 kg 1400 Spin Washing Machine - White,299.99,4.85,13.0
CANDY Rapido RO14104DWMCE WiFi-enabled 10 kg 1400 Spin Washing Machine - White,369.99,4.55,41.0
BEKO Pro RecycledTub WTIK86151F Integrated 8 kg 1600 Spin Washing Machine,429.0,4.5,30.0
AEG 7000 Series L7FC8432BI Integrated 8 kg 1400 Spin Washing Machine,699.0,4.65,139.0
BOSCH Serie 8 WAX28EH1GB WiFi-enabled 10 kg 1400 Spin Washing Machine - White,1089.0,5.0,1.0
AEG 7000 Series L7FE7261BI Integrated 7 kg 1200 Spin Washing Machine,579.0,4.6,53.0
HOTPOINT Gentlepower H8 W046SB UK 10 kg 1400 Spin Washing Machine - Silver,679.99,4.0,1.0
HOTPOINT Activecare NM11 945 BC A UK N 9 kg 1400 Spin Washing Machine - Black,439.0,4.4,2488.0
ZANUSSI ZWF845B4DG 8 kg 1400 Spin Washing Machine - White,419.99,4.6,56.0
ZANUSSI ZWF944A2PW 9 kg 1400 Spin Washing Machine - White,419.0,4.6,49.0
MONTPELLIER MW8145W 8 kg 1400 Spin Washing Machine - White,299.99,4.2,13.0
HOOVER H-Wash 500 HWDB 610AMB Auto Dosing WiFi-enabled 10 kg 1600 Spin Washing Machine - White,509.99,3.85,19.0
HOTPOINT Activecare NM11 945 GC UK N 9 kg 1400 Spin Washing Machine - Graphite,419.0,4.4,2485.0
BOSCH Serie 8 WAV28EH3GB WiFi-enabled 9 kg 1400 Spin Washing Machine - White,1049.99,4.65,3.0
CANDY CBW 48D2XCE Integrated 8 kg 1400 Spin Washing Machine,449.0,4.65,13.0
