Desktops,"HP 22-df0040na 21.5"" All-in-One PC - Intel® Pentium®, 128 GB SSD, White"
Desktops,"HP 24-dp0002na 23.8"" All-in-One PC - AMD Ryzen 5, 256 GB SSD, Silver"
Desktops,"ASUS Zen AiO M5401 23.8"" All-in-One PC - AMD Ryzen 3, 512 GB SDD, Black & Gold"
Desktops,"LENOVO IdeaCentre AIO 3 23.8"" All-in-One PC - AMD Ryzen 3, 256 GB SSD, Black"
Desktops,"LENOVO IdeaCentre AIO 5i 27"" All-in-One PC - Intel® Core™ i7, 1 TB SSD, Grey"
Desktops,"LENOVO IdeaCentre AIO 3i 27"" All-in-One PC - Intel® Core™ i3, 256 GB SSD, Black"
Desktops,"ACER Aspire C24-1600 23.8"" All-in-One PC - Intel® Pentium®, 256 GB SSD, Black"
Desktops,"LENOVO IdeaCentre AIO 3i 23.8"" All-in-One PC - Intel® Core™ i3, 256 GB SSD, Black"
Desktops,"HP Pavilion TP01-2000na Desktop PC - AMD Ryzen 7, 1 TB HDD & 256 GB SSD, Silver"
Desktops,"HP Slim S01-aF1011na Desktop PC - Intel® Celeron®, 256 GB SSD, Black"
Desktops,"APPLE iMac 4.5K 24"" (2021) - M1, 256 GB SSD, Blue"
Desktops,"DELL Inspiron 3891 Desktop PC - Intel® Core™ i5, 1 TB HDD & 256 SSD, Black"
Desktops,"DELL Inspiron 3891 Desktop PC - Intel® Core™ i3, 1 TB HDD, Black"
Desktops,"HP Slim S01-aF1018na Desktop PC - Intel® Pentium®, 512 GB SSD, Black"
Desktops,"ACER Aspire C24-1650 23.8"" All-in-One PC - Intel® Core™ i5, 1 TB SSD, Silver"
Desktops,"LENOVO IdeaCentre AIO 3 23.8"" All-in-One PC - AMD Ryzen 3, 256 GB SSD, Black"
Desktops,"ACER Aspire C24-1650 23.8"" All-in-One PC - Intel® Core™ i3, 256 GB SSD, Silver"
Desktops,"DELL Inspiron AIO 7700 27"" All-in-One PC - Intel® Core™ i7, 1 TB HDD & 512 GB SSD, Silver"
Desktops,"APPLE iMac 4.5K 24"" (2021) - M1, 512 GB SSD, Silver"
Desktops,"LENOVO IdeaCentre AIO 3i 23.8"" All-in-One PC - Intel® Core™ i5, 512 GB SSD, Black"
Desktops,"HP Pavilion 27-d1005na 27"" All-in-One PC - Intel® Core™ i5, 1 TB SSD, White"
Desktops,"APPLE Mac Mini (2020) - M1, 256 GB SSD"
Desktops,"APPLE iMac 4.5K 24"" (2021) - M1, 512 GB SSD, Blue"
Desktops,"LENOVO IdeaCentre AIO 3i 27"" All-in-One PC - Intel® Core™ i3, 256 GB SSD, Black"
Desktops,"ACER Aspire XC-1660 Desktop PC - Intel® Core™ i5, 1 TB HDD, Black"
Desktops,"APPLE iMac 4.5K 24"" (2021) - M1, 256 GB SSD, Pink"
Desktops,"LENOVO IdeaCentre AIO 5i 27"" All-in-One PC - Intel® Core™ i7, 1 TB SSD, Grey"
Desktops,"APPLE iMac 4.5K 24"" (2021) - M1, 256 GB SSD, Green"
Desktops,APPLE Studio Display with Nano-Texture Glass & Tilt-Adjustable Stand - Silver
Desktops,"ACER Aspire TC-1660 Desktop PC - Intel® Core™ i7, 1 TB HDD & 256 GB SSD, Black"
Desktops,"HP 22-dd0001na 21.5"" All-in-One PC - AMD Ryzen 3, 128 GB SSD, White"
Desktops,"ACER Aspire TC-1660 Desktop PC - Intel® Core™ i5, 1 TB HDD & 256 GB SSD, Black"
Desktops,"HP Pavilion 27-d1007na 27"" All-in-One PC - Intel® Core™ i7, 1 TB SSD, White"
Desktops,"HUAWEI MateStation S Desktop PC & 23.8"" Full HD Monitor Bundle - AMD Ryzen 5, 256 GB SSD, Grey"
Desktops,"ACER Aspire C22-820 21.5"" All-in-One PC - Intel® Pentium®, 128 GB SSD, Silver"
Desktops,"HP Pavilion 24-k0045na 23.8"" All-in-One PC - Intel® Core™ i5, 512 GB SSD, White"
Desktops,"ACER Aspire XC-1660 Desktop PC - Intel® Core™ i5, 1 TB SSD, Black"
Desktops,"HP 27-dp0033na 27"" All-in-One PC - Intel® Core™ i5, 512 GB SSD, Silver"
Desktops,"DELL Inspiron AIO 5400 23.8"" All-in-One PC - Intel® Core™ i3, 256 GB SSD, Silver"
Desktops,"LENOVO IdeaCentre AIO 3 23.8"" All-in-One PC - AMD Ryzen 5, 256 GB SSD, Black"
Desktops,"APPLE iMac 5K 27"" (2020) - Intel® Core™ i5, 512 GB SSD"
Desktops,"APPLE Mac Mini (2020) - M1, 512 GB SSD"
Desktops,"ACER Aspire C24-1650 23.8"" All-in-One PC - Intel® Core™ i5, 256 GB SSD, Silver"
Desktops,"APPLE iMac 4.5K 24"" (2021) - M1, 512 GB SSD, Green"
Desktops,"DELL XPS DT 8940 Desktop PC - Intel® Core™ i5, 256 GB SSD, Black"
Desktops,"HP 24-cb0021na 23.8"" All-in-One PC - AMD Ryzen 5, 512 GB SSD, White"
Desktops,"APPLE iMac 4.5K 24"" (2021) - M1, 256 GB SSD, Silver"
Desktops,"LENOVO IdeaCentre AIO 3 27"" All-in-One PC - AMD Ryzen 7, 512 GB SSD, Black"
Desktops,"HP M01-F2000na Desktop PC - Intel® Core™ i3, 256 GB SSD, Black"
Desktops,"ACER Aspire C24-1651 23.8"" All-in-One PC - Intel® Core™ i5, 1 TB HDD & 256 GB SSD, Silver"
Desktops,"DELL XPS 8950 Desktop PC - Intel® Core™ i7, 2 TB HDD & 512 GB SSD, Black"
Desktops,"ACER Aspire C22-1650 21.5"" All-in-One PC - Intel® Core™ i3, 256 GB SSD, Silver"
Desktops,"APPLE iMac 4.5K 24"" (2021) - M1, 256 GB SSD, Silver"
Desktops,"ACER Aspire C27-1655 27"" All-in-One PC - Intel® Core™ i7, 1 TB SSD, Silver"
Desktops,"DELL Inspiron AIO 5400 23.8"" All-in-One PC - Intel® Core™ i5, 1 TB HDD & 512 GB SSD, Silver"
Desktops,"HP ENVY TE02-0000na Desktop - Intel® Core™ i7, 1 TB HDD & 512 GB SSD, Silver"
Desktops,"LENOVO IdeaCentre 3 Desktop PC - AMD Ryzen 3, 256 GB SSD, Grey"
Desktops,"HP Pavilion 27-d1021na 27"" All-in-One PC - Intel® Core™ i7, 1 TB SSD, White"
Desktops,"LENOVO Yoga AIO 7 27"" All-in-One PC - AMD Ryzen 7, 1 TB SSD, Grey & White"
Desktops,"HP M01-F2004na Desktop PC - AMD Ryzen 5, 1 TB HDD & 256 GB SSD, Black"
Desktops,"ACER Aspire C27-1655 27"" All-in-One PC - Intel® Core™ i3, 1 TB SSD, Silver"
Desktops,"HP Pavilion 24-k0003na 23.8"" All-in-One PC - AMD Ryzen 5, 512 GB SSD, White"
Desktops,"ACER Chromebox CXi4 Mini Desktop PC - Intel® Celeron™, 32 GB eMMC, Silver"
Desktops,"HP 27-dp1022na 27"" All-in-One PC - Intel® Core™ i5, 512 GB SSD, Silver"
Desktops,"HP 22-dd1002na 21.5"" All-in-One PC - Intel® Core™ i3, 256 GB SSD, White"
Desktops,"HP 22-df0018na 21.5"" All-in-One PC - AMD Ryzen 3, 256 GB SSD, White"
Desktops,"HUAWEI MateStation S Desktop PC - AMD Ryzen 5, 256 GB SSD, Grey"
Desktops,"ACER Aspire C27-1655 27"" All-in-One PC - Intel® Core™ i5, 1 TB SSD, Silver"
Desktops,"ACER Aspire C24-1651 23.8"" All-in-One PC - Intel® Core™ i7, 1 TB HDD & 512 GB SSD, Silver"
Desktops,"LENOVO IdeaCentre AIO 5i 27"" All-in-One PC - Intel® Core™ i5, 512 GB SSD, Grey"
Desktops,"APPLE iMac 4.5K 24"" (2021) - M1, 256 GB SSD, Green"
Desktops,"HP ENVY 34-c0001na 34"" All-in-One PC - Intel® Core™ i7, 1 TB SSD, Silver"
Desktops,"APPLE Mac Mini (2020) - Intel® Core™ i5, 512 GB SSD"
Desktops,"LENOVO IdeaCentre AIO 3 27"" All-in-One PC - AMD Ryzen 5, 512 GB SSD, Black"
Desktops,"ASUS Zen AiO A5200 21.5"" All-in-One PC - Intel® Core™ i3, 256 GB SDD, Black & Gold"
Desktops,"APPLE iMac 4.5K 24"" (2021) - M1, 256 GB SSD, Blue"
Desktops,"ACER Aspire XC-1660 Desktop PC - Intel® Core™ i3, 1 TB HDD, Black"
Desktops,"HP Chromebase 21.5"" All-in-One PC - Intel® Core™ i3, 256 GB SSD, White"
Desktops,"APPLE iMac 5K 27"" (2020) - Intel® Core™ i7, 512 GB SSD"
Desktops,"HP Chromebase 21.5"" All-in-One PC - Intel® Pentium®, 256 GB SSD, White"
Desktops,"ACER ConceptD CT300-51A Desktop PC - Intel® Core™ i7, 1 TB HDD & 1 TB SSD, White"
Desktops,"LENOVO IdeaCentre AIO 3 23.8"" All-in-One PC - AMD Ryzen 7, 512 GB SSD, Black"
Desktops,"LENOVO IdeaCentre AIO 3i 23.8"" Intel® Core™ i5 All-in-One PC & Microsoft 365 Family Bundle - Black"
Desktops,"APPLE iMac 21.5"" - Intel® Core™ i5, 256 GB SSD"
Desktops,"LENOVO IdeaCentre AIO 5i 24"" All-in-One PC - Intel® Core™ i5, 512 GB SSD, Grey"
Desktops,"APPLE iMac 4.5K 24"" (2021) - M1, 256 GB SSD, Pink"
Desktops,"ACER ConceptD CT700-71A Desktop PC - Intel® Xeon®, 1 TB HDD & 1 TB SSD, White"
Desktops,"HP 24-cb0023na 23.8"" All-in-One PC - AMD Ryzen 3, 256 GB SSD, White"
Desktops,"LENOVO IdeaCentre AIO 3 23.8"" All-in-One PC - AMD Athlon Silver, 256 GB SSD, Black"
Desktops,"LENOVO IdeaCentre AIO 3 23.8"" All-in-One PC - AMD Ryzen 5, 512 GB SSD, Black"
Desktops,"APPLE iMac 5K 27"" (2020) - Intel® Core™ i5, 256 GB SSD"
Desktops,"ACER Revo RN96 Desktop PC - Intel® Core™ i3, 512 GB SSD, Black"
Desktops,"HP 22-dd0000na 21.5"" All-in-One PC - Intel® Pentium®, 128 GB SSD, White"
Desktops,"ACER ConceptD CT300-51A Desktop PC - Intel® Core™ i5, 1 TB HDD & 1 TB SSD, White"
Desktops,"APPLE Mac Studio - M1 Max, 512 GB SSD, Silver"
Desktops,APPLE Studio Display with Tilt- & Height-Adjustable Stand - Silver
Desktops,"APPLE iMac 4.5K 24"" (2021) - M1, 512 GB SSD, Pink"
Desktops,"MSI PRO DP20Z Desktop PC - AMD Ryzen 3, 256 GB SSD, Black"
Desktops,APPLE Studio Display with Tilt-Adjustable Stand - Silver
Desktops,"LENOVO IdeaCentre AIO 3 23.8"" All-in-One PC - AMD Ryzen 3, 128 GB SSD, Black"
Desktops,"APPLE Mac Studio - M1 Ultra, 1 TB SSD, Silver"
Desktops,"HP ENVY 34-c0000na 34"" All-in-One PC - Intel® Core™ i7, 1 TB SSD, Silver"
Desktops,"ACER ConceptD CT300-51A Desktop PC - Intel® Core™ i7, 1 TB HDD & 1 TB SSD, White"
Desktops,"ASUS Chromebox 3 Mini Desktop PC - Intel® Celeron™, 32 GB SSD, Black"
Desktops,"DELL Inspiron AIO 7700 27"" All-in-One PC - Intel® Core™ i5, 512 GB SSD, Silver"
Desktops,"GIGABYTE BRIX Barebones Desktop PC - Intel® Core™ i3, Black"
Desktops,"MSI Cubi 5 10M Barebones Mini Desktop PC - Intel® Core™ i7, Black"
Desktops,"MSI PRO DP20Z Desktop PC - AMD Ryzen 7, 256 GB SSD, Black"
Desktops,"ASUS Chromebox 3 Mini Desktop PC - Intel® Celeron™, 32 GB SSD, Grey"
