Fridge Freezers,SAMSUNG RS8000 RS67A8810S9/EU American-Style Fridge Freezer - Matte Stainless
Fridge Freezers,BOSCH Serie 2 KGN34NWEAG 50/50 Fridge Freezer - White
Fridge Freezers,BOSCH Serie 4 KGN39VLEBG 70/30 Fridge Freezer - Inox
Fridge Freezers,BOSCH KGN27NLFAG 50/50 Fridge Freezer - Inox
Fridge Freezers,LG GSLD50DSXM American-Style Fridge Freezer - Dark Graphite
Fridge Freezers,ESSENTIALS C50BS20 60/40 Fridge Freezer - Silver
Fridge Freezers,LOGIK LSBSDX20 American-Style Fridge Freezer - Inox
Fridge Freezers,ESSENTIALS C55CW18 60/40 Fridge Freezer - White
Fridge Freezers,LOGIK LFC50S20 50/50 Fridge Freezer - Silver
Fridge Freezers,ESSENTIALS CE55CW18 50/50 Fridge Freezer - White
Fridge Freezers,LOGIK LFC55W22 60/40 Fridge Freezer - White
Fridge Freezers,KENWOOD KIFF5020 Integrated 50/50 Fridge Freezer - Sliding Hinge
Fridge Freezers,KENWOOD KIFF7020 Integrated 70/30 Fridge Freezer - Sliding Hinge
Fridge Freezers,LOGIK LFC50W20 50/50 Fridge Freezer - White
Fridge Freezers,SAMSUNG RB34T602ESA/EU 70/30 Fridge Freezer - Silver
Fridge Freezers,BOSCH KGN27NWFAG 50/50 Fridge Freezer - White
Fridge Freezers,LOGIK LSD55W20 50/50 Fridge Freezer - White
Fridge Freezers,KENWOOD KSBSDX20 American-Style Fridge Freezer - Inox
Fridge Freezers,BEKO CFG3582S 50/50 Fridge Freezer - Silver
Fridge Freezers,SAMSUNG RS8000 RS67A8810B1/EU American-Style Fridge Freezer - Black Stainless Steel
Fridge Freezers,LOGIK LSSBSS20 American-Style Fridge Freezer - Inox
Fridge Freezers,LOGIK LFC50B20 50/50 Fridge Freezer - Black
Fridge Freezers,ESSENTIALS C50TW20 70/30 Fridge Freezer - White
Fridge Freezers,KENWOOD KSBNDIX20 American-Style Fridge Freezer - Inox
Fridge Freezers,SAMSUNG Bespoke RB38A7B53S9/EU 70/30 Fridge Freezer - Matte Stainless
Fridge Freezers,INDESIT IBD 5517 W UK 1 50/50 Fridge Freezer - White
Fridge Freezers,BEKO Pro HarvestFresh CXFG3691VA 50/50 Fridge Freezer - Anthracite
Fridge Freezers,SAMSUNG RB38T633ESA/EU 70/30 Fridge Freezer - Silver
Fridge Freezers,SAMSUNG RB34T632EBN/EU 70/30 Fridge Freezer - Black
Fridge Freezers,BEKO Pro HarvestFresh BCFD3V73 Integrated 70/30 Fridge Freezer - Sliding Hinge
Fridge Freezers,BEKO CXFP3582DS 50/50 Fridge Freezer - Silver
Fridge Freezers,SAMSUNG RL4363SBASL/EU 70/30 Fridge Freezer - Aluminium
Fridge Freezers,HISENSE PureFlat RS694N4TCF American-Style Fridge Freezer - Stainless Steel
Fridge Freezers,HOTPOINT HBD 5517 W UK 1 50/50 Fridge Freezer - White
Fridge Freezers,HAIER HB16FMAA Fridge Freezer - Stainless Steel
Fridge Freezers,ESSENTIALS CIFF5020 Integrated 50/50 Fridge Freezer - Sliding Hinge
Fridge Freezers,LOGIK LESSBSX22 Slim American-Style Fridge Freezer - Inox
Fridge Freezers,BEKO CXFG3552W 50/50 Fridge Freezer - White
Fridge Freezers,KENWOOD KSBS4DX20 Fridge Freezer - Inox
Fridge Freezers,SAMSUNG RB34T652DWW/EU 70/30 Fridge Freezer - White
Fridge Freezers,GRUNDIG GKF35810N 50/50 Fridge Freezer - Brushed Steel
Fridge Freezers,BEKO Pro BCFD350 Integrated 50/50 Fridge Freezer
Fridge Freezers,MONTPELLIER MS175BK 50/50 Fridge Freezer - Black
Fridge Freezers,BEKO CFG3552S 50/50 Fridge Freezer - Silver
Fridge Freezers,BEKO CFG3552B 50/50 Fridge Freezer - Black
Fridge Freezers,KENWOOD KNFD2MX20 70/30 Fridge Freezer - Inox
Fridge Freezers,BEKO CFG3582DW 50/50 Fridge Freezer - White
Fridge Freezers,LOGIK LNFD55X20 50/50 Fridge Freezer - Inox
Fridge Freezers,HOOVER HVNB 618FX5WDK 50/50 Fridge Freezer - Stainless Steel
Fridge Freezers,HAIER HTR5619FNMI 70/30 Fridge Freezer - Inox
Fridge Freezers,BOSCH KGN27NLFAG 50/50 Fridge Freezer - Inox
Fridge Freezers,HAIER HTR5619FWMI 70/30 Fridge Freezer - Stainless Steel
Fridge Freezers,BEKO CSG3571S 60/40 Fridge Freezer - Silver
Fridge Freezers,BEKO CFG3582B 50/50 Fridge Freezer - Black
Fridge Freezers,KENWOOD KSBSB20 American-Style Fridge Freezer - Black
Fridge Freezers,LG UVnano GSLD81PZRF American-Style Smart Fridge Freezer - Shiny Steel
Fridge Freezers,LOGIK LFF55S18 50/50 Fridge Freezer - Silver
Fridge Freezers,KENWOOD KNF60X19 60/40 Fridge Freezer – Silver
Fridge Freezers,HOTPOINT HBC18 5050 F1 Integrated 50/50 Fridge Freezer - Sliding Hinge
Fridge Freezers,SAMSUNG RS3000 RS50N3513BC/EU American-Style Fridge Freezer - Black
Fridge Freezers,SAMSUNG RB31FDRNDSA/EU 70/30 Fridge Freezer - Silver
Fridge Freezers,BEKO Pro BCFD373 Integrated 70/30 Fridge Freezer
Fridge Freezers,KENWOOD KSBSX20 American-Style Fridge Freezer - Inox
Fridge Freezers,BEKO CSG3571W 60/40 Fridge Freezer - White
Fridge Freezers,SAMSUNG BRB26600FWW/EU Integrated 70/30 Fridge Freezer - Sliding Hinge
Fridge Freezers,LOGIK LNFD55W20 50/50 Fridge Freezer - White
Fridge Freezers,KENWOOD KMD70X19 Fridge Freezer - Inox
Fridge Freezers,INDESIT IBC18 5050 F1 Integrated 50/50 Fridge Freezer - Sliding Hinge
Fridge Freezers,KENWOOD KSBSDB19 American-Style Fridge Freezer - Black
Fridge Freezers,BEKO Pro CXFG3790S 50/50 Fridge Freezer - Silver
Fridge Freezers,BEKO CSG3582W 50/50 Fridge Freezer - White
Fridge Freezers,BEKO CFG3552W 50/50 Fridge Freezer - White
Fridge Freezers,HISENSE RB327N4WB1 50/50 Fridge Freezer - Black
Fridge Freezers,BOSCH Serie 2 KGN34NLEAG 50/50 Fridge Freezer - Silver
Fridge Freezers,BEKO CFG1501W 40/60 Fridge Freezer - White
Fridge Freezers,HAIER Cube Series HB16WMAA 70/30 Fridge Freezer - Stainless Steel
Fridge Freezers,KENWOOD KMD60X19 Fridge Freezer - Inox
Fridge Freezers,LOGIK LNF55X20 50/50 Fridge Freezer - Inox
Fridge Freezers,BEKO CSG3582DB 50/50 Fridge Freezer - Black
Fridge Freezers,HOTPOINT HBNF 55181 W UK 1 50/50 Fridge Freezer - White
Fridge Freezers,BEKO Pro HarvestFresh GNE490IR3VPS Fridge Freezer - Stainless Steel Effect
Fridge Freezers,BEKO HarvestFresh BCFD4V50 Integrated 50/50 Fridge Freezer - Sliding Hinge
Fridge Freezers,BEKO Pro HarvestFresh CXFG3601VW 50/50 Fridge Freezer - White
Fridge Freezers,HISENSE PureFlat RF540N4WF1 Fridge Freezer - Black Steel
Fridge Freezers,MONTPELLIER MS175W 50/50 Fridge Freezer - White
Fridge Freezers,BEKO ASL1331PX American-Style Fridge Freezer - Brushed Steel
Fridge Freezers,LOGIK LFF55W18 50/50 Fridge Freezer - White
Fridge Freezers,ESSENTIALS C50BW16 60/40 Fridge Freezer - White
Fridge Freezers,HOTPOINT FFU4D X 1 Fridge Freezer - Inox
Fridge Freezers,HISENSE RB327N4WW1 50/50 Fridge Freezer - White
Fridge Freezers,BEKO CFG3582DS 50/50 Fridge Freezer - Silver
Fridge Freezers,SAMSUNG RB38T602CS9/EU 70/30 Fridge Freezer - Matte Stainless Steel
Fridge Freezers,HISENSE RB440N4WWF 60/40 Fridge Freezer - White
Fridge Freezers,BEKO CFG1501S 40/60 Fridge Freezer - Silver
Fridge Freezers,KENWOOD KSBSDIX20 American-Style Fridge Freezer - Inox
Fridge Freezers,HOOVER HVNB 618FB5K 50/50 Fridge Freezer - Black
Fridge Freezers,BEKO BCSD173 Integrated 70/30 Fridge Freezer - Sliding Hinge
Fridge Freezers,LOGIK LSBSW20 American-Style Fridge Freezer - White
Fridge Freezers,BEKO CSP3685PS 60/40 Fridge Freezer - Stainless Steel
Fridge Freezers,INDESIT IBD 5515 S 1 60/40 Fridge Freezer - Silver
Fridge Freezers,HISENSE PureFlat RF749N4WIF Fridge Freezer - Stainless Steel
Fridge Freezers,HISENSE RB395N4WC1 60/40 Fridge Freezer - Stainless Steel
Fridge Freezers,BEKO Pro CXFG3790G 50/50 Fridge Freezer - Graphite
Fridge Freezers,BEKO Pro HarvestFresh ASD2342VPS American-Style Fridge Freezer - Stainless Steel
Fridge Freezers,HISENSE PureFlat RS694N4TFF American-Style Fridge Freezer - Black
Fridge Freezers,BEKO CXFP3582W 50/50 Fridge Freezer - White
Fridge Freezers,BEKO Pro HarvestFresh CXFG3685DVPS 60/40 Fridge Freezer - Stainless Steel Effect
Fridge Freezers,GRUNDIG BioFridge VitaminZone GKN67920DX 60/40 Fridge Freezer - Stainless Steel
Fridge Freezers,SAMSUNG RS6HA8880S9/EU American-Style Smart Fridge Freezer - Matte Stainless
Fridge Freezers,BEKO Pro HarvestFresh CNG3582VW 50/50 Fridge Freezer - White
Fridge Freezers,BEKO HarvestFresh CFB3G3686VPS 60/40 Fridge Freezer - Stainless Steel
Fridge Freezers,BEKO BCSD150 Integrated 50/50 Fridge Freezer
Fridge Freezers,SAMSUNG BRB26705DWW/EU Integrated 70/30 Fridge Freezer - Sliding Hinge
Fridge Freezers,HAIER HETR3619FWMG 70/30 Fridge Freezer - Gentle Silver
Fridge Freezers,HISENSE PureFlat RS694N4TBF American-Style Fridge Freezer - Black
Fridge Freezers,LG NatureFRESH GBB61DSJEN 60/40 Fridge Freezer - Graphite
Fridge Freezers,SAMSUNG RS8000 RS68A8840B1/EU American-Style Fridge Freezer - Black Stainless Steel
Fridge Freezers,SAMSUNG RS3000 RS54N3103SA/EU American-Style Fridge Freezer - Metal Graphite
Fridge Freezers,HOOVER HCF5172XK 50/50 Fridge Freezer - Inox
Fridge Freezers,KENWOOD KNFD2MX22 70/30 Fridge Freezer - Inox
Fridge Freezers,INDESIT IBD 5517 S UK 1 50/50 Fridge Freezer - Silver
Fridge Freezers,HOTPOINT FFU4D K 1 Fridge Freezer - Black
Fridge Freezers,SHARP SJ-BB02DTXWF 50/50 Fridge Freezer - White
Fridge Freezers,HOOVER HVN 6182W5KN 50/50 Fridge Freezer - White
Fridge Freezers,CANDY CBL3518FK Integrated Smart 70/30 Fridge Freezer - Sliding Hinge
Fridge Freezers,SAMSUNG Bespoke RB34A6B2E12/EU 70/30 Fridge Freezer - White
Fridge Freezers,GRUNDIG GKF35810DN 50/50 Fridge Freezer - Brushed Steel
Fridge Freezers,BOSCH Serie 4 KGV33VLEAG 60/40 Fridge Freezer - Inox
Fridge Freezers,HOTPOINT HBNF 55181 S UK 1 50/50 Fridge Freezer - Silver
Fridge Freezers,HOTPOINT HBNF 55181 B UK 1 50/50 Fridge Freezer - Black
Fridge Freezers,BEKO CSG3582B 50/50 Fridge Freezer - Black
Fridge Freezers,SAMSUNG Bespoke RL38A776ASR/EU 70/30 Fridge Freezer - Real Stainless
Fridge Freezers,BEKO MN13790PX Fridge Freezer - Brushed Steel
Fridge Freezers,SAMSUNG RF23R62E3SR/EU Smart Fridge Freezer - Real Stainless
Fridge Freezers,HAIER Cube Series HTF-456DM6 Fridge Freezer - Stainless Steel
Fridge Freezers,LG GBB72PZEFN 70/30 Fridge Freezer - Steel
Fridge Freezers,GRUNDIG GKF35810W 50/50 Fridge Freezer - White
Fridge Freezers,SAMSUNG RS3000 RS50N3513WW/EU American-Style Fridge Freezer - White
Fridge Freezers,HISENSE PureFlat RQ758N4SWI1 Fridge Freezer - Stainless Steel
Fridge Freezers,SAMSUNG RS3000 RS50N3513S8/EU American-Style Fridge Freezer - Inox Silver
Fridge Freezers,BOSCH Serie 2 KIV87NSF0G Integrated 70/30 Fridge Freezer - Sliding Hinge
Fridge Freezers,BEKO Pro HarvestFresh GNE360520DX Fridge Freezer - Stainless Steel
Fridge Freezers,HISENSE RB440N4WCF 60/40 Fridge Freezer - Stainless Steel
Fridge Freezers,SAMSUNG RS3000 RS50N3513SA/EU American-Style Fridge Freezer - Metal Graphite
Fridge Freezers,HOOVER HMDNB 6184WK 70/30 Fridge Freezer - White
Fridge Freezers,INDESIT INFC8 50TI1 W 1 50/50 Fridge Freezer - White
Fridge Freezers,MONTPELLIER Retro MAB386C 60/40 Fridge Freezer - Cream
Fridge Freezers,HOOVER HVNB 618FDX5WDK 50/50 Fridge Freezer - Black
Fridge Freezers,SAMSUNG Bespoke RB34A6B2E41/EU 70/30 Fridge Freezer - Glam Navy
Fridge Freezers,BOSCH Serie 4 KGV336WEAG 60/40 Fridge Freezer - White
Fridge Freezers,SHARP SJ-BA33DHXIE 50/50 Fridge Freezer - Stainless Steel
Fridge Freezers,LG DoorCooling GBB72MCUF Smart 70/30 Fridge Freezer - Matte Black
Fridge Freezers,HISENSE PureFlat RF540N4WI1 Fridge Freezer - Stainless Steel
Fridge Freezers,SAMSUNG BRB26705FWW/EU Integrated 70/30 Fridge Freezer - Sliding Hinge
Fridge Freezers,BEKO Pro HarvestFresh CFP3691DVW 50/50 Fridge Freezer - Gloss White
Fridge Freezers,BEKO CFG1501B 40/60 Fridge Freezer - Black
Fridge Freezers,SAMSUNG Bespoke RB34A6B2E39/EU 70/30 Fridge Freezer - Beige
Fridge Freezers,SAMSUNG RB34T632ESA/EU 70/30 Fridge Freezer - Silver
Fridge Freezers,SAMSUNG RS8000 RS6HA8891B1/EU American-Style Smart Fridge Freezer - Black Stainless
Fridge Freezers,SAMSUNG Bespoke RB38A7B53B1/EU 70/30 Fridge Freezer - Black Stainless
Fridge Freezers,LG InstaView GSXV91BSAE American-Style Smart Fridge Freezer - Stainless Steel
Fridge Freezers,BEKO Pro HarvestFresh CFP3691VW 50/50 Fridge Freezer - White
Fridge Freezers,HAIER HSR3918FIMP American-Style Fridge Freezer - Platinum Inox
Fridge Freezers,INDESIT INFC8 50TI1 S 1 50/50 Fridge Freezer - Silver
Fridge Freezers,BEKO Pro CXFG3691S 50/50 Fridge Freezer - Silver
Fridge Freezers,HOTPOINT NFFUD 191 X 1 50/50 Fridge Freezer - Optic Inox
Fridge Freezers,HISENSE PureFlat RQ758N4SWF1 Fridge Freezer - Black Stainless Steel
Fridge Freezers,LOGIK LSBSX20 American-Style Fridge Freezer - Inox
Fridge Freezers,GRUNDIG GKFED455 Integrated 50/50 Fridge Freezer - Sliding Hinge
Fridge Freezers,SAMSUNG RS3000 RS52N3313SA/EU American-Style Fridge Freezer - Metal Graphite
Fridge Freezers,HISENSE PureFlat RQ563N4AI1 Fridge Freezer - Stainless Steel
Fridge Freezers,BOSCH KGE49AICAG 60/40 Fridge Freezer - Inox
Fridge Freezers,HISENSE RF750N4ISF Fridge Freezer - Stainless Steel
Fridge Freezers,SHARP SJ-BA33IHXWE 50/50 Fridge Freezer - White
Fridge Freezers,BEKO Pro HarvestFresh CNG4601DVPS 50/50 Fridge Freezer - Stainless Steel Effect
Fridge Freezers,LG NatureFRESH GBF62PZJMN 70/30 Fridge Freezer - Graphite
Fridge Freezers,HOOVER HHSF918F1XK American-Style Fridge Freezer - Stainless Steel
Fridge Freezers,HISENSE RB395N4WF1 60/40 Fridge Freezer - Black
Fridge Freezers,SAMSUNG RS3000 RS52N3313WW/EU American-Style Fridge Freezer - White
Fridge Freezers,BEKO Pro CXFG3691W 50/50 Fridge Freezer - White
Fridge Freezers,LG NatureFRESH GSLV71MCTF American-Style Smart Fridge Freezer - Matte Black
Fridge Freezers,BEKO Pro CXFG3685W 60/40 Fridge Freezer - White
Fridge Freezers,HISENSE PureFlat RQ563N4AF1 Fridge Freezer - Black Steel
Fridge Freezers,HOOVER HMDNB 6184XK 70/30 Fridge Freezer - Silver
Fridge Freezers,BEKO ASL1342B American-Style Fridge Freezer - Black
Fridge Freezers,INDESIT IBNF 55181 W UK 1 60/40 Fridge Freezer - White
Fridge Freezers,BEKO Pro CFG1790DW 50/50 Fridge Freezer - White
Fridge Freezers,BEKO Pro CFG1790DS 50/50 Fridge Freezer - Silver
Fridge Freezers,BEKO CFG3582W 50/50 Fridge Freezer - White
Fridge Freezers,HOOVER HVNB 618FDX5K 50/50 Fridge Freezer - Dark Inox
Fridge Freezers,LG NatureFRESH GBB62PZGCC 70/30 Fridge Freezer
Fridge Freezers,HISENSE RB390N4WC1 60/40 Fridge Freezer - Stainless Steel
Fridge Freezers,HISENSE PureFlat RF632N4WIF Fridge Freezer - Stainless Steel
Fridge Freezers,HOTPOINT HBNF 55181 S AQUA UK 1 50/50 Fridge Freezer - Silver
Fridge Freezers,HISENSE PureFlat RQ758N4SAI1 Fridge Freezer - Stainless Steel
Fridge Freezers,LG InstaView GSXV91MCAE American-Style Smart Fridge Freezer - Matte Black
Fridge Freezers,BOSCH Serie 4 KGN36VLEAG 60/40 Fridge Freezer - Silver
Fridge Freezers,BEKO Pro HarvestFresh CFP3691DVS 50/50 Fridge Freezer - Matte Silver
Fridge Freezers,SAMSUNG RB36T602ESA/EU 70/30 Fridge Freezer - Silver
Fridge Freezers,HAIER Cube Series HTF-540DGG7 Fridge Freezer - Iconic Glass
Fridge Freezers,GRUNDIG GKFED473 Integrated 70/30 Fridge Freezer - Sliding Hinge
Fridge Freezers,INDESIT LI6 S1E W 70/30 Fridge Freezer - White
Fridge Freezers,HISENSE PureFlat RF540N4AI1 Fridge Freezer - Stainless Steel
Fridge Freezers,SAMSUNG RS8000 RS68A8520S9/EU American-style Fridge Freezer - Matte Stainless
Fridge Freezers,HISENSE PureFlat RF749N4WFF Fridge Freezer - Black Stainless Steel
Fridge Freezers,SHARP SJ-BF227M00X Integrated 50/50 Fridge Freezer - Fixed Hinge
Fridge Freezers,KENWOOD KNFD2MT22 70/30 Fridge Freezer - Black Inox
Fridge Freezers,BEKO Pro HarvestFresh CFG3691DVA 50/50 Fridge Freezer - Anthracite
Fridge Freezers,BOSCH Serie 2 KIN85NFF0G Integrated 50/50 Fridge Freezer - Fixed Hinge
Fridge Freezers,BOSCH Serie 2 KGN33NLEAG 60/40 Fridge Freezer - Inox
Fridge Freezers,MONTPELLIER MFF18860X 60/40 Fridge Freezer - Inox
Fridge Freezers,NEFF KI7851SF0G 50/50 Integrated Fridge Freezer - Sliding Hinge
Fridge Freezers,HAIER HTF-520IP7 Fridge Freezer - Silver
Fridge Freezers,HISENSE RB440N4WFF 60/40 Fridge Freezer - Black Stainless Steel
Fridge Freezers,SAMSUNG RS8000 RS68A8530B1/EU American-Style Fridge Freezer - Black Steel
Fridge Freezers,CANDY BCBF 50 NUK/N Integrated 50/50 Fridge Freezer - Sliding Hinge
Fridge Freezers,HOTPOINT H3T 811I W 1 60/40 Fridge Freezer - White
Fridge Freezers,SAMSUNG RS8000 RS68A8840S9/EU American-Style Fridge Freezer - Matte Stainless
Fridge Freezers,HOOVER HMDNB 6184BK 70/30 Fridge Freezer - Black
Fridge Freezers,HOOVER HOBL3518FK Integrated Smart 70/30 Fridge Freezer – Sliding Hinge
Fridge Freezers,HOOVER HHSBSO 6174BWDK American-Style Fridge Freezer - Black
Fridge Freezers,BEKO Pro GNE360520PX American-Style Fridge Freezer - Brushed Steel
Fridge Freezers,MONTPELLIER MS175DW 50/50 Fridge Freezer - White
Fridge Freezers,HAIER HFW7720EWMP Smart Fridge Freezer - Platinum Inox
Fridge Freezers,AEG SCE818F6NS Integrated 50/50 Fridge Freezer - Sliding Hinge
Fridge Freezers,LG DoorCooling GBD62PZYFN 70/30 Fridge Freezer - Shiny Steel
Fridge Freezers,BEKO Pro HarvestFresh CFP3691VB 50/50 Fridge Freezer - Black
Fridge Freezers,LG InstaView GMX844MC6F Slim American-Style Smart Fridge Freezer - Black
Fridge Freezers,SAMSUNG RF50A5002S9/EU Fridge Freezer - Matte Stainless Steel
Fridge Freezers,HOOVER HVNB 618FX5WDK 50/50 Fridge Freezer - White
Fridge Freezers,SAMSUNG RF65A967FS9/EU Smart Fridge Freezer - Silver
Fridge Freezers,LG Door-in-Door GSJV91BSAE American-Style Smart Fridge Freezer - Stainless Steel
Fridge Freezers,SAMSUNG RS8000 RS68A8530S9/EU American-Style Fridge Freezer - Matte Stainless
Fridge Freezers,BOSCH Serie 6 KIS87AFE0G 70/30 Integrated Fridge Freezer - Fixed Hinge
Fridge Freezers,BOSCH KGE49AWCAG 60/40 Fridge Freezer - White
Fridge Freezers,LG NatureFRESH GML844PZ6F Slim American-Style Fridge Freezer - Shiny Steel
Fridge Freezers,SAMSUNG RF50K5960S8/EU Fridge Freezer - Silver
Fridge Freezers,BEKO CXFP3582DW 50/50 Fridge Freezer - White
Fridge Freezers,LG NatureFRESH GSLD80PZRF American-Style Smart Fridge Freezer - Shiny Steel
Fridge Freezers,KENWOOD KNF70X19 70/30 Fridge Freezer - Silver
Fridge Freezers,BEKO Pro HarvestFresh GNE480EC3DVX Fridge Freezer - Stainless Steel
Fridge Freezers,SHARP SJ-BA31DHXWE-EN 60/40 Fridge Freezer - White
Fridge Freezers,HAIER HFW7819EWMP Smart Fridge Freezer - Platinum Inox
Fridge Freezers,SAMSUNG RB38T606DS9/EU 70/30 Fridge Freezer - Matte Stainless Steel
Fridge Freezers,BOSCH KAN93VIFPG American-Style Fridge Freezer - Inox
Fridge Freezers,LG NatureFRESH GSLV71PZTF American-Style Smart Fridge Freezer - Shiny Steel
Fridge Freezers,MIELE KFN 29162D 60/40 Fridge Freezer - Clean Steel
Fridge Freezers,LG NatureFRESH GSLV91PZAE American-Style Smart Fridge Freezer - Shiny Steel
Fridge Freezers,BOSCH Serie 4 KGN49XLEA 70/30 Fridge Freezer - Inox
Fridge Freezers,BOSCH Serie 4 KIV86VSE0G Integrated 60/40 Fridge Freezer - Sliding Hinge
Fridge Freezers,HISENSE RB395N4AW1 60/40 Fridge Freezer - White
Fridge Freezers,INDESIT IBD 5517 B UK 1 50/50 Fridge Freezer - Black
Fridge Freezers,LG SIGNATURE Instaview LSR100 Smart 60/40 Fridge Freezer - Stainless Steel
Fridge Freezers,SAMSUNG RB38T636DB1/EU 70/30 Fridge Freezer - Black Stainless Steel
Fridge Freezers,HISENSE PureFlat RF632N4WFF Fridge Freezer - Black Stainless Steel
Fridge Freezers,HOOVER HSF818FXWDK Fridge Freezer - Stainless Steel
Fridge Freezers,SHARP SJ-BB04DTXSF 60/40 Fridge Freezer - Silver
Fridge Freezers,SAMSUNG RF50A5002B1/EU Fridge Freezer - Black Stainless Steel
Fridge Freezers,BEKO Pro HarvestFresh ASP34B32VPS American-Style Fridge Freezer - Stainless Steel
Fridge Freezers,LG NatureFRESH GSBV70DSTF American-Style Fridge Freezer - Dark Graphite
Fridge Freezers,LIEBHERR CNfb4313 60/40 Fridge Freezer - Blue
Fridge Freezers,BEKO Pro MN1436224DPS Fridge Freezer - Stainless Steel
Fridge Freezers,HAIER Cube Series HTF-610DSN7 Fridge Freezer - Black Stainless Steel
Fridge Freezers,SAMSUNG RF50A5202B1/EU Fridge Freezer - Black Stainless Steel
Fridge Freezers,LG GBB92STAXP Smart 70/30 Fridge Freezer - Steel
Fridge Freezers,SMEG FAB30LPB5UK 70/30 Fridge Freezer - Pastel Blue
Fridge Freezers,BEKO Pro HarvestFresh CXFG3685DVW 60/40 Fridge Freezer - White
Fridge Freezers,HAIER HSR3918ENPG American-Style Fridge Freezer - Silver
Fridge Freezers,BEKO Pro MN1436224PS Fridge Freezer - Stainless Steel
Fridge Freezers,SHARP SJ-BF237M00X-EN Integrated 70/30 Fridge Freezer - Fixed Hinge
Fridge Freezers,SAMSUNG RF23R62E3B1/EU Smart Fridge Freezer - Black Stainless Steel
Fridge Freezers,LG NatureFRESH GSLV70MCTF American-Style Smart Fridge Freezer - Matte Black
Fridge Freezers,HOTPOINT H1NT 811E OX 1 60/40 Fridge Freezer - Stainless Steel
Fridge Freezers,BOSCH Serie 6 KIN86AFF0G Integrated 60/40 Fridge Freezer - Fixed Hinge
Fridge Freezers,MONTPELLIER Retro MAB386R 60/40 Fridge Freezer - Red
Fridge Freezers,SMEG UKC8174NF Integrated 50/50 Fridge Freezer - Sliding Hinge
Fridge Freezers,HISENSE RB395N4WW1 60/40 Fridge Freezer - White
Fridge Freezers,HISENSE RB390N4WW1 60/40 Fridge Freezer - White
Fridge Freezers,HISENSE RB390N4WB1 60/40 Fridge Freezer - Black
Fridge Freezers,SAMSUNG RF65A977FSR/EU Multi-Door Smart Fridge Freezer - Stainless Steel
Fridge Freezers,ZANUSSI ZNHN18FS1 Integrated 70/30 Fridge Freezer - Sliding Hinge
Fridge Freezers,MONTPELLIER MIFF5151F Integrated 50/50 Fridge Freezer - Sliding Hinge
Fridge Freezers,NEFF KI7862SE0G 60/40 Integrated Fridge Freezer - Sliding Hinge
Fridge Freezers,GRUNDIG VitaminZone GKN4685VPZ 60/40 Fridge Freezer - Brushed Black Steel
Fridge Freezers,BEKO Pro HarvestFresh CFG3691DVB 50/50 Fridge Freezer - Black
Fridge Freezers,BEKO Pro HarvestFresh ASP33B32VPS American-Style Fridge Freezer - Stainless Steel
Fridge Freezers,BOSCH Serie 4 KGN56XLEA 80/20 Fridge Freezer - Inox
Fridge Freezers,INDESIT LI8 S1E S 60/40 Fridge Freezer - Silver
Fridge Freezers,HISENSE PureFlat RF540N4AF1 Fridge Freezer - Black Steel
Fridge Freezers,HAIER HB20FPAAA Multi-Door Fridge Freezer - Stainless Steel
Fridge Freezers,LG InstaView GSXV90BSAE American-Style Smart Fridge Freezer - Stainless Steel
Fridge Freezers,HISENSE RQ760N4AIF American-Style Fridge Freezer - Stainless Steel
Fridge Freezers,SAMSUNG RF22R7351SR/EU American-Style Smart Fridge Freezer - Real Stainless
Fridge Freezers,MONTPELLIER MIFF502 Integrated 50/50 Fridge Freezer - Sliding Hinge
Fridge Freezers,GRUNDIG VitaminZone GKN4685VW 60/40 Fridge Freezer - White
Fridge Freezers,INDESIT IBD 5515 W 1 60/40 Fridge Freezer - White
Fridge Freezers,BOSCH Serie 4 KGN39VWEAG 70/30 Fridge Freezer - White
Fridge Freezers,SAMSUNG RL4363SBAB1/EU 70/30 Fridge Freezer - Black
Fridge Freezers,BOSCH Serie 4 KGN864IFA 70/30 Fridge Freezer - Inox
Fridge Freezers,MIELE KFN28132D edt/cs 70/30 Fridge Freezer - Silver
Fridge Freezers,SAMSUNG Bespoke RB38A7B6BB1/EU 70/30 Fridge Freezer - Black Stainless Steel
Fridge Freezers,HAIER Multi-Door HB18FGSAAA Fridge Freezer - Iconic Glass
Fridge Freezers,BOSCH Serie 2 KIN86NFF0G Integrated 60/40 Fridge Freezer - Fixed Hinge
Fridge Freezers,MONTPELLIER Retro MAB346C 80/20 Fridge Freezer - Cream
Fridge Freezers,BOSCH Serie 4 KGV39VLEAG 70/30 Fridge Freezer - Inox
Fridge Freezers,HISENSE RB327N4WC1 50/50 Fridge Freezer - Stainless Steel
Fridge Freezers,HOTPOINT HTC18 T532 Integrated 70/30 Fridge Freezer - Sliding Hinge
Fridge Freezers,BOSCH KIF86PFE0 Integrated 60/40 Fridge Freezer - Sliding Hinge
Fridge Freezers,HAIER HSR3918EWPG American-Style Fridge Freezer - Silver
Fridge Freezers,BEKO HarvestFresh ASP33B32VPZ American-Style Fridge Freezer - Brushed Black Steel
Fridge Freezers,BOSCH Serie 4 KGV39VWEAG 70/30 Fridge Freezer - White
Fridge Freezers,SMEG FAB30LCR5UK 70/30 Fridge Freezer - Cream
Fridge Freezers,LG Centum GBB92MCBAP 70/30 Fridge Freezer - Matte Black
Fridge Freezers,SAMSUNG RF50A5202S9/EU Fridge Freezer - Matte Stainless
Fridge Freezers,INDESIT INFC8 50TI1 S AQUA 1 50/50 Fridge Freezer - Silver
Fridge Freezers,LIEBHERR Pure NoFrost CNd5704 Smart 50/50 Fridge Freezer - White
Fridge Freezers,NEFF KI7861SF0G 60/40 Integrated Fridge Freezer - Sliding Hinge
Fridge Freezers,BEKO Pro HarvestFresh CNG3582VPS 50/50 Fridge Freezer - Stainless Steel Effect
Fridge Freezers,HOOVER HOBT3518FWK Integrated Smart 70/30 Fridge Freezer – Sliding Hinge
Fridge Freezers,NEFF KI5872SE0G Integrated 70/30 Fridge Freezer
Fridge Freezers,HISENSE PureFlat Eclipse RQ760N4BFF Fridge Freezer - Black Stainless Steel
Fridge Freezers,HAIER Cube HTF-610DM7 Fridge Freezer - Silver
Fridge Freezers,MONTPELLIER Retro MAB346K 80/20 Fridge Freezer - Black
Fridge Freezers,HOOVER BHBS 172 UKT/N Integrated 50/50 Fridge Freezer - Sliding Hinge
Fridge Freezers,ZANUSSI ZNME32FW0 60/40 Fridge Freezer - White
Fridge Freezers,NEFF KI7851FF0G 50/50 Integrated Fridge Freezer - Fixed Hinge
Fridge Freezers,INDESIT INC18 T311 Integrated 70/30 Fridge Freezer - Sliding Hinge
Fridge Freezers,BOSCH Serie 4 KIN86VFE0G Integrated 60/40 Fridge Freezer - Fixed Hinge
Fridge Freezers,LG NatureFRESH GSLV70PZTF American-Style Smart Fridge Freezer - Shiny Steel
Fridge Freezers,HAIER HTF-540DP7 Fridge Freezer - Platinum Inox
Fridge Freezers,INDESIT LI8 S1E W UK 60/40 Fridge Freezer - White
Fridge Freezers,MIELE KFN 29142 D clst 50/50 Fridge Freezer - Clear Steel
Fridge Freezers,GRUNDIG VitaminZone GKF3581VPS 60/40 Fridge Freezer - Stainless Steel
Fridge Freezers,AEG SCE819E5TS Integrated 70/30 Fridge Freezer - Sliding Hinge
Fridge Freezers,HOTPOINT HBNF 55181 B AQUA UK 1 50/50 Fridge Freezer - Black
Fridge Freezers,SAMSUNG RS8000 RS68A8841S9/EU American-Style Fridge Freezer - Matte Stainless
Fridge Freezers,HOTPOINT Day1 H7T 911A MX H AQUA 1 70/30 Fridge Freezer - Stainless Steel
Fridge Freezers,BEKO ASL1342S American-Style Fridge Freezer - Silver
Fridge Freezers,HAIER HEFR3719FWMP 70/30 Fridge Freezer - Platinum Inox
Fridge Freezers,HISENSE RF728N4BFF Fridge Freezer - Black Stainless Steel
Fridge Freezers,GRUNDIG GKNG3691G 50/50 Fridge Freezer - Graphite
Fridge Freezers,AEG RCB636E5MW 60/40 Fridge Freezer
Fridge Freezers,MONTPELLIER MFF185DX 50/50 Fridge Freezer - Inox
Fridge Freezers,SAMSUNG RF65A977F B1/EU Multi-Door Smart Fridge Freezer
Fridge Freezers,HOOVER HSF818FXK Fridge Freezer - Stainless Steel
Fridge Freezers,LG InstaView GSXV90MCAE American-Style Smart Fridge Freezer - Matte Black
Fridge Freezers,HAIER GHTD456FHS8 Fridge Freezer - Platinum Inox
Fridge Freezers,HOOVER HHSWD918F1XK American-Style Fridge Freezer - Stainless Steel
Fridge Freezers,BOSCH KIN86VSE0G Integrated 60/40 Fridge Freezer - Sliding Hinge
Fridge Freezers,HOOVER HSC818FXWDK Fridge Freezer - Inox
Fridge Freezers,SAMSUNG Bespoke RB34A6B2E48/EU 70/30 Fridge Freezer - Sky Blue
Fridge Freezers,BOSCH Serie 6 KIS86AFE0G 60/40 Integrated Fridge Freezer - Fixed Hinge
Fridge Freezers,HOTPOINT H7NT 911T W H 1 60/40 Fridge Freezer - Mirror Inox
Fridge Freezers,HAIER A3FE743CPJ 70/30 Fridge Freezer - Stainless Steel
Fridge Freezers,SMEG UKC8173N1F Integrated 70/30 Fridge Freezer - Sliding Hinge
Fridge Freezers,BOSCH Serie 2 KIN86NSF0G Integrated 60/40 Fridge Freezer - Sliding Hinge
Fridge Freezers,SAMSUNG RS6HA8891SL/EU American-Style Smart Fridge Freezer - Aluminium
Fridge Freezers,HAIER HB26FSSAAA Fridge Freezer - Silver
Fridge Freezers,MIELE KFN37432iD Integrated 70/30 Fridge Freezer
Fridge Freezers,LG InstaView GMX945MC9F American-Style Smart Fridge Freezer - Black
Fridge Freezers,HOTPOINT Day1 H7T 911 A KSH Aqua 70/30 Fridge Freezer - Black
Fridge Freezers,BOSCH Serie 4 KGN49XWEA 70/30 Fridge Freezer - White
Fridge Freezers,MONTPELLIER MFF18860W 60/40 Fridge Freezer - White
Fridge Freezers,INDESIT INFC8 50TI1 K 1 50/50 Fridge Freezer - Black
Fridge Freezers,HAIER HTF-508DGS7 Fridge Freezer - Titanium Glass
Fridge Freezers,ZANUSSI ZNME32FU0 60/40 Fridge Freezer - Silver
Fridge Freezers,BOSCH Serie 4 KIV87VSE0G Integrated 70/30 Fridge Freezer - Sliding Hinge
Fridge Freezers,ESSENTIALS CIFF7018 Integrated 70/30 Fridge Freezer
Fridge Freezers,BEKO Pro CXFG3685PS 60/40 Fridge Freezer - Silver
Fridge Freezers,BOSCH KAD93VIFPG American-Style Fridge Freezer - Inox
Fridge Freezers,HOOVER HCF5172BK 50/50 Fridge Freezer - Black
Fridge Freezers,LIEBHERR CNd5223 60/40 Fridge Freezer - White
Fridge Freezers,HOTPOINT HBNF 55181 W AQUA UK 1 50/50 Fridge Freezer - White
Fridge Freezers,HOTPOINT HMCB 50501 UK Integrated 50/50 Fridge Freezer - Sliding Hinge
Fridge Freezers,NEFF KI6873FE0G 70/30 Integrated Fridge Freezer - Fixed Hinge
Fridge Freezers,BOSCH Serie 8 KFF96PIEP Fridge Freezer - Inox
Fridge Freezers,HOTPOINT H1NT 811E W 1 60/40 Fridge Freezer - White
Fridge Freezers,SAMSUNG RF24R7201SR/EU Smart Fridge Freezer - Stainless Steel
Fridge Freezers,AEG RCB736E5MB 60/40 Fridge Freezer - Black Stainless Steel
Fridge Freezers,BEKO HarvestFresh BCND4VE73 Integrated 70/30 Fridge Freezer - Sliding Hinge
Fridge Freezers,SHARP SJ-BA31DHXIE-EN 60/40 Fridge Freezer - Inox
Fridge Freezers,HAIER HB16WSNAA Fridge Freezer - Black Stainless Steel
Fridge Freezers,BEKO Pro HygieneShield CNG4792EVHPS Smart 60/40 Fridge Freezer - Stainless Steel
Fridge Freezers,BEKO CSG3582DW 50/50 Fridge Freezer - White
Fridge Freezers,INDESIT INFC8 50TI1 K AQUA 1 50/50 Fridge Freezer - Black
Fridge Freezers,MONTPELLIER MIFF7131F Integrated 70/30 Fridge Freezer - Sliding Hinge
Fridge Freezers,GRUNDIG VitaminZone GR77KN5603VN 70/30 Fridge Freezer - Brushed Steel
Fridge Freezers,MONTPELLIER Retro MAB386K 60/40 Fridge Freezer - Black
Fridge Freezers,HAIER HSOBPIF9183 American-Style Fridge Freezer - Black
Fridge Freezers,MIELE KFN 29162 D 60/40 Fridge Freezer - White
Fridge Freezers,NEFF KI7862FE0G 60/40 Integrated Fridge Freezer - Fixed Hinge
Fridge Freezers,AMICA BK316.3 Integrated 70/30 Fridge Freezer
Fridge Freezers,SMEG FAB30LRD5UK 70/30 Fridge Freezer - Red
Fridge Freezers,BOSCH KGN86AIDP 70/30 Fridge Freezer - Inox
Fridge Freezers,HISENSE RF728N4AIF Fridge Freezer - Stainless Steel
Fridge Freezers,AEG SCE818E6TS Integrated 70/30 Fridge Freezer
Fridge Freezers,HOTPOINT HQ9 U1BL UK Fridge Freezer - Black & Inox
Fridge Freezers,AEG RCB736E5MX 60/40 Fridge Freezer - Silver
Fridge Freezers,GRUNDIG GKNM46220DZ 70/30 Fridge Freezer - Dark Steel
Fridge Freezers,AEG RCB636E4MX 60/40 Fridge Freezer - Silver
Fridge Freezers,INDESIT E IB 15050 A1 D.UK 1 Integrated 50/50 Fridge Freezer - Sliding Hinge
Fridge Freezers,SMEG FAB32RCR5UK 60/40 Fridge Freezer - Cream
Fridge Freezers,AEG RCB632E4MX 60/40 Fridge Freezer - Stainless Steel
Fridge Freezers,HOTPOINT HQ9I MO1L UK Fridge Freezer - Stainless Steel
Fridge Freezers,HOTPOINT HQ9 M2L UK Fridge Freezer - Stainless Steel
Fridge Freezers,HAIER HDR5719FWMP 60/40 Fridge Freezer - Stainless Steel
Fridge Freezers,INDESIT INFC8 50TI1 W AQUA 1 50/50 Fridge Freezer - White
Fridge Freezers,BOSCH Serie 4 KGV36VLEAG 60/40 Fridge Freezer - Inox
Fridge Freezers,MONTPELLIER MIFF702 Integrated 70/30 Fridge Freezer - Sliding Hinge
Fridge Freezers,LG NatureFRESH GML945PZ8F Smart Fridge Freezer - Shiny Steel
Fridge Freezers,MONTPELLIER Retro MAB346R 80/20 Fridge Freezer - Red
Fridge Freezers,HOOVER HBBS 100 UK/N Integrated 70/30 Fridge Freezer - Sliding Hinge
Fridge Freezers,SMEG FAB30RCR5UK 70/30 Fridge Freezer - Cream
Fridge Freezers,AEG RCB632E5MW 60/40 Fridge Freezer - White
Fridge Freezers,HOOVER HOBES50N518FVK Integrated 50/50 Fridge Freezer - Sliding Hinge
Fridge Freezers,AMICA BK296.3 Integrated 50/50 Fridge Freezer
Fridge Freezers,SMEG FAB32RPB5UK 60/40 Fridge Freezer - Pastel Blue
Fridge Freezers,BOSCH Serie 4 KIV87VFE0G Integrated 70/30 Fridge Freezer - Fixed Hinge
Fridge Freezers,SMEG FAB32LBL5UK 60/40 Fridge Freezer - Black
Fridge Freezers,GRUNDIG VitaminZone GKNEMI573 Integrated 70/30 Fridge Freezer - Fixed Hinge
Fridge Freezers,NEFF N70 KI7863DF0G 60/40 Integrated Fridge Freezer - Fixed Hinge
Fridge Freezers,SMEG FAB30RBL5UK 70/30 Fridge Freezer - Black
Fridge Freezers,CANDY BCBF 174 FTK/N Integrated 70/30 Fridge Freezer - Sliding Hinge
Fridge Freezers,AMICA BK316.3FA Integrated 70/30 Fridge Freezer
Fridge Freezers,MIELE KFN 7714 F Integrated 70/30 Fridge Freezer - Fixed Hinge
Fridge Freezers,SMEG FAB32RBL5UK 60/40 Fridge Freezer - Black
Fridge Freezers,SMEG FAB32RRD5UK 60/40 Fridge Freezer - Red
Fridge Freezers,NEFF N70 KI6863FE0G 60/40 Integrated Fridge Freezer - Fixed Hinge
Fridge Freezers,SMEG FAB30RPB5UK 70/30 Fridge Freezer - Pastel Blue
Fridge Freezers,SMEG FAB32LPB5UK 60/40 Fridge Freezer - Pastel Blue
Fridge Freezers,SMEG FAB30RRD5UK 70/30 Fridge Freezer - Red
Fridge Freezers,BEKO Pro HarvestFresh CNG3582VA 50/50 Fridge Freezer - Anthracite
Fridge Freezers,LIEBHERR CNbs3915 50/50 Fridge Freezer - Black Steel
Fridge Freezers,LIEBHERR CU2331 60/40 Fridge Freezer - White
Fridge Freezers,NEFF N50 KI5862SE0G Integrated 60/40 Fridge Freezer - Sliding Hinge
Fridge Freezers,SHARP SJ-BB05DTXLF 60/40 Fridge Freezer - Stainless Steel
Fridge Freezers,HOTPOINT HMCB 70301 UK Integrated 70/30 Fridge Freezer - Sliding Hinge
Fridge Freezers,BOSCH KAI93VIFPG American-Style Fridge Freezer - Inox
Fridge Freezers,SHARP SJ-BB04DTXWF 60/40 Fridge Freezer - White
Fridge Freezers,BOSCH Serie 2 KIN85NSF0G Integrated 50/50 Fridge Freezer - Sliding Hinge
Fridge Freezers,MONTPELLIER MS175DBK 50/50 Fridge Freezer - Black
Fridge Freezers,SHARP SJ-BB05DTXWF 60/40 Fridge Freezer - White
Fridge Freezers,ZANUSSI ZNME31FW0 50/50 Fridge Freezer - White
Fridge Freezers,HOTPOINT H7T 911T KS H 1 70/30 Fridge Freezer - Black
Fridge Freezers,CANDY BCBS 50 NUK Integrated 50/50 Fridge Freezer - Sliding Hinge
Fridge Freezers,SMEG UKC81721F Integrated 70/30 Fridge Freezer - Sliding Hinge
Fridge Freezers,BOSCH Serie 6 KGE36AWCA 60/40 Fridge Freezer - White
Fridge Freezers,HOOVER BHBF 172 UKT/N Integrated 50/50 Fridge Freezer
Fridge Freezers,HOTPOINT H5NT 811I W H 1 60/40 Fridge Freezer - White
Fridge Freezers,BOSCH Serie 2 KGN36NWEAG 60/40 Fridge Freezer - White
Fridge Freezers,HOTPOINT H9T 921T KS H 2 60/40 Fridge Freezer - Black
Fridge Freezers,BOSCH Serie 4 KGV36VWEAG 60/40 Fridge Freezer - White
Fridge Freezers,HOTPOINT Day1 H7T 911T MX H 1 70/30 Fridge Freezer - Silver
Fridge Freezers,HOTPOINT Day1 H5T 811I KH 1 60/40 Fridge Freezer - Black
Fridge Freezers,HOTPOINT HTC20 T321 Integrated 70/30 Fridge Freezer - Sliding Hinge
Fridge Freezers,HOTPOINT H3T 811I OX 1 60/40 Fridge Freezer - Stainless Steel
Fridge Freezers,NEFF KI5871SF0G Integrated 70/30 Fridge Freezer
Fridge Freezers,LIEBHERR CNsfd5724 50/50 Fridge Freezer - Silver
Fridge Freezers,LIEBHERR CNd5023 50/50 Fridge Freezer - White
Fridge Freezers,LIEBHERR CNd 5204 50/50 Fridge Freezer - White
Fridge Freezers,NEFF KI5872FE0G Integrated 70/30 Fridge Freezer - Fixed Hinge
Fridge Freezers,SMEG FAB32LRD5UK 60/40 Fridge Freezer - Red
Fridge Freezers,LIEBHERR CNd 5203 60/40 Fridge Freezer - White
