Microwaves,SAMSUNG MS23F301TFK/EU Solo Microwave - Black
Microwaves,SAMSUNG MC28M6055CK/EU Combination Microwave - Black
Microwaves,SAMSUNG MS23K3515AS/EU Solo Microwave - Silver
Microwaves,KENWOOD K25MB21 Solo Microwave - Black
Microwaves,PANASONIC NN-CT56JBBPQ Combination Microwave - Black
Microwaves,PANASONIC NN-CT55JWBPQ Combination Microwave - White
Microwaves,SWAN Nordic SM22036GRYN Solo Microwave - Grey
Microwaves,KENWOOD K25MSS21 Solo Microwave - Silver
Microwaves,PANASONIC NN-SF464MBPQ Solo Microwave - Silver
Microwaves,RUSSELL HOBBS RHM2076B Solo Microwave - Black
Microwaves,KENWOOD K20MW21 Solo Microwave - White
Microwaves,ESSENTIALS CMW21 Compact Solo Microwave - White
Microwaves,KENWOOD K25MW21 Solo Microwave - White
Microwaves,KENWOOD K20GS21 Microwave with Grill - Silver
Microwaves,RUSSELL HOBBS Scandi RHMM713MG-N Compact Solo Microwave - Green
Microwaves,RUSSELL HOBBS RHM2017 Compact Solo Microwave - Silver
Microwaves,RUSSELL HOBBS RHM2076S Solo Microwave - Silver
Microwaves,PANASONIC NN-E28JMMBPQ Compact Solo Microwave - Silver
Microwaves,RUSSELL HOBBS Scandi RHMD714G Compact Solo Microwave - Grey
Microwaves,RUSSELL HOBBS RHMM701C Compact Solo Microwave - Cream
Microwaves,KENWOOD K20MCU21 Solo Microwave - Black & Copper
Microwaves,RUSSELL HOBBS RHM1714B Solo Microwave - Black
Microwaves,RUSSELL HOBBS Scandi RHMM713G Compact Solo Microwave - Grey
Microwaves,PANASONIC NN-CD58JSBPQ Combination Microwave - Stainless Steel
Microwaves,SHARP YC-MS01U-B Solo Microwave - Black
Microwaves,RUSSELL HOBBS RHMM701R Solo Microwave
Microwaves,ESSENTIALS CMB21 Compact Solo Microwave - Black
Microwaves,RUSSELL HOBBS RHM3003B Combination Microwave - Black
Microwaves,PANASONIC NN-SD27HSBPQ Solo Microwave - Stainless Steel
Microwaves,PANASONIC NN-ST48KSBPQ Solo Microwave - Stainless Steel
Microwaves,RUSSELL HOBBS RHEM2301B Solo Microwave - Black
Microwaves,BEKO MCF28310X Compact Combination Microwave – Stainless Steel
Microwaves,SAMSUNG MC32J7055CT/EU Combination Microwave - Stainless Steel
Microwaves,KENWOOD K23CM21 Combination Microwave - Black
Microwaves,HOOVER HMGI25TB-UK Microwave with Grill - Black
Microwaves,KENWOOD K25CSS21 Combination Microwave – Silver
Microwaves,SHARP YC-MS01U-S Solo Microwave - Silver
Microwaves,SHARP YC-GC52FU-B Combination Microwave - Black
Microwaves,RUSSELL HOBBS RHM2079A Compact Solo Microwave - White
Microwaves,SAMSUNG MC28A5125AK/EU Combination Microwave - Black
Microwaves,SAMSUNG MW3500K Solo Microwave - White & Black
Microwaves,PANASONIC NN-E27JWMBPQ Compact Solo Microwave - White
Microwaves,SAMSUNG MC28M6055CW/EU Combination Microwave - White
Microwaves,BEKO MOC20100BFB Compact Solo Microwave - Black
Microwaves,CANDY CDW20DSS-DX Solo Microwave - Silver
Microwaves,PANASONIC NN-ST45KWBPQ Solo Microwave - White
Microwaves,SHARP YC-MG51U-S Microwave with Grill - Silver
Microwaves,PANASONIC NN-ST46KBBPQ Solo Microwave - Black
Microwaves,HOTPOINT Curve MWH 1331 FW Solo Microwave - White
Microwaves,HOTPOINT MWH 27343 B Combination Microwave - Black
Microwaves,SWAN Retro SM22030GRN Solo Microwave - Grey
Microwaves,CANDY CMW20MSS-UK Compact Solo Microwave - Silver
Microwaves,RUSSELL HOBBS RHM2362S Solo Microwave - Silver
Microwaves,DAEWOO SDA2092GE Solo Microwave - Black & White
Microwaves,RUSSELL HOBBS RHM2086SS Solo Microwave - Stainless Steel
Microwaves,SAMSUNG MS28F303TAS/EU Solo Microwave - Silver
Microwaves,SHARP R982STM Combination Microwave - Stainless Steel
Microwaves,SHARP R372SLM Solo Microwave - Silver
Microwaves,DAEWOO SDA2094GE Combination Microwave - Silver
Microwaves,"KENWOOD K25MSS21 Solo Microwave, Logik 4-Slice Toaster & Kettle Bundle - Black & Silver"
Microwaves,SHARP R959SLMAA Combination Microwave - Silver
Microwaves,TOWER T24034WHT Solo Microwave - White
Microwaves,"ESSENTIALS CMW21 Compact Solo Microwave, Kettle & 2-Slice Toaster Bundle - White"
Microwaves,SHARP R372KM Solo Microwave - Black
Microwaves,KENWOOD K30CIFS21 Combination Microwave - Stainless Steel
Microwaves,SWAN Retro SM22030LBLN Solo Microwave - Blue
Microwaves,RUSSELL HOBBS RHFM2363B Solo Microwave - Black
Microwaves,SHARP R764KM Compact Microwave with Grill - Black
Microwaves,SWAN Retro SM22030LRN Solo Microwave - Red
Microwaves,PANASONIC NN-CD87KSBPQ Compact Combination Microwave - Stainless Steel
Microwaves,HADEN Dorchester 201324 Solo Microwave - Pebble Grey
Microwaves,KENWOOD K25MICU21 Solo Microwave - Black & Copper
Microwaves,PANASONIC NN-DF386BBPQ Combination Microwave - Black
Microwaves,RUSSELL HOBBS Stylevia RHM2026C Compact Solo Microwave - Cream
Microwaves,TOWER T24021 Solo Microwave - Black & Rose Gold
Microwaves,KENWOOD K25MMB21 Solo Microwave - Black
Microwaves,RUSSELL HOBBS RHM1714BC Compact Solo Microwave - Black
Microwaves,SHARP R372WM Solo Microwave - White
Microwaves,DAEWOO Glace Noir SDA2033 Solo Microwave - Black & Silver
Microwaves,RUSSELL HOBBS RHRETMD706C Compact Solo Microwave - Cream
Microwaves,BEKO Cosmopolis MOF21220BCP Compact Solo Microwave - Black
Microwaves,HADEN Salcombe 197061 Solo Microwave - Black & Copper
Microwaves,BEKO MOC20100WFB Compact Solo Microwave - White
Microwaves,RUSSELL HOBBS RHM1714WC Compact Solo Microwave - White
Microwaves,SWAN Nordic SM22036LWHTN Solo Microwave - White
Microwaves,RUSSELL HOBBS RHRETMM705C Solo Microwave - Cream
Microwaves,RUSSELL HOBBS RHRETMM705B Solo Microwave - Black
Microwaves,TOWER T24021WMRG Solo Microwave - Marble & Rose Gold
Microwaves,GRUNDIG Retro GMF2120BCL Compact Solo Microwave - Black
Microwaves,RUSSELL HOBBS RHM1714CC Compact Solo Microwave - Cream
Microwaves,SAMSUNG MC28H5013AS/EU Combination Microwave - Silver
Microwaves,"KENWOOD K25MICU21 Solo Microwave, Logik 4-Slice Toaster & Kettle Bundle - Copper"
Microwaves,RUSSELL HOBBS RHMD804CP Compact Solo Microwave - Copper
Microwaves,RUSSELL HOBBS RHMT2004B Solo Microwave - Black
Microwaves,SWAN Retro SM22070BLN Solo Microwave - Blue
Microwaves,TOWER T24021W Solo Microwave - White & Rose Gold
Microwaves,HOTPOINT Curve MWHC 1331 FW Solo Microwave - White
Microwaves,RUSSELL HOBBS RHMM713B-N Compact Solo Microwave - Black
Microwaves,DAEWOO Callisto Solo Microwave - Stainless Steel
Microwaves,SAMSUNG MS23T5018AG Compact Solo Microwave - Grey
Microwaves,RUSSELL HOBBS RHRETMM705R Solo Microwave - Red
Microwaves,KENWOOD K20MS21 Solo Microwave - Silver
Microwaves,TOWER KOR1N0AT Solo Microwave - White
Microwaves,SHARP R843SLM Combination Microwave - Silver
Microwaves,RUSSELL HOBBS Scandi RHMD714MG-N Compact Solo Microwave - Green
Microwaves,SWAN Retro SM22030LBN Solo Microwave - Black
Microwaves,RUSSELL HOBBS RHFM2001B Compact Solo Microwave - Black
Microwaves,TOWER T24017 Solo Microwave - White
Microwaves,SAMSUNG MS23F301TAS Solo Microwave - Black & Silver
Microwaves,RUSSELL HOBBS Easi RHEM2301S Solo Microwave - Silver
Microwaves,SWAN Retro SM22030CN Solo Microwave - Cream
Microwaves,TOWER KOR3000DSLT Solo Microwave - Stainless Steel
Microwaves,DAEWOO KOR300DSL Solo Microwave - Silver
Microwaves,RUSSELL HOBBS RHM1731G Solo Microwave - Grey
Microwaves,SAMSUNG MS23T5018AC Compact Solo Microwave - Charcoal Grey
Microwaves,SWAN Retro SM22030GRN Solo Microwave - Grey
Microwaves,RUSSELL HOBBS Scandi RHMD714B-N Compact Solo Microwave - Black
Microwaves,DAEWOO SDA2088GE Microwave with Grill - Silver
Microwaves,SWAN Retro SM22030LPURN Solo Microwave - Purple
Microwaves,RUSSELL HOBBS Stylevia RHM2026B Compact Solo Microwave - Black
Microwaves,BEKO MCF32410X Combination Microwave - Stainless Steel
Microwaves,SWAN Retro SM22070GRN Solo Microwave - Grey
Microwaves,HOOVER HMW25STB Solo Microwave - Black
Microwaves,SAMSUNG MC28H5125AK/EF Microwave with Grill - Black
Microwaves,SWAN Nordic SM22036WHTN Solo Microwave - White
Microwaves,SWAN Retro SM22070GN Solo Microwave - Green
Microwaves,HADEN Dorchester 201294 Solo Microwave - Sage Green
Microwaves,DAEWOO SDA2087GE Solo Microwave - Black & Silver
Microwaves,DAEWOO KOR300SL Microwave with Grill - Silver
Microwaves,SWAN Retro SM22030LGN Solo Microwave - Green
Microwaves,SAMSUNG MC28H5013AK/EU Combination Microwave - Black
Microwaves,RUSSELL HOBBS RHMM701B Compact Solo Microwave - Black
Microwaves,HOOVER HMCI25TB-UK Combination Microwave - Black
Microwaves,SHARP YC-MS51U-S Solo Microwave - Silver
Microwaves,RUSSELL HOBBS RHM1727RG Compact Solo Microwave - Black & Rose Gold
Microwaves,PANASONIC NN-E28JBMBPQ Compact Solo Microwave - Black
Microwaves,SWAN Nordic SM22036LGREN Solo Microwave - Green
Microwaves,RUSSELL HOBBS RHM2031 Microwave with Grill - Stainless Steel
Microwaves,HOTPOINT MWH 1311 B Solo Microwave - Black
Microwaves,SWAN Retro SM22030YELN Solo Microwave - Yellow
Microwaves,SHARP YC-MG02U-S Microwave with Grill - Silver
Microwaves,SAMSUNG MG23K3575AK/EU Heat Wave Microwave with Grill - Black
Microwaves,PANASONIC 4-in-1 Steam NN-DS59NBBPQ Combination Microwave - Black
Microwaves,SWAN SM22090COPN Solo Microwave - Copper
Microwaves,RUSSELL HOBBS RHM2362B Solo Microwave - Black
Microwaves,SWAN Retro SM22030ON Solo Microwave - Orange
Microwaves,DAEWOO KOR6L77 Solo Microwave - White
Microwaves,RUSSELL HOBBS RHM2064B Solo Microwave - Black
Microwaves,SAMSUNG MS28F303TFK/EU Solo Microwave - Black
Microwaves,SWAN SM22130GRY Solo Microwave - Grey
Microwaves,SAMSUNG MS23F301TAK/EU Solo Microwave - Black Glass
Microwaves,HOTPOINT Extraspace 20 MWHF 206 B Microwave with Grill - Black
Microwaves,HOTPOINT MWHF203B Microwave with Grill - Black
Microwaves,SAMSUNG MC28H5013AW Combination Microwave - White
Microwaves,SWAN Retro SM22070CN Solo Microwave - Cream
Microwaves,SWAN Retro SM22030GN Solo Microwave - Green
Microwaves,HOTPOINT MWHF201B Solo Microwave - Black
Microwaves,HOTPOINT MWH 2734 B Combination Microwave - Black
Microwaves,HOTPOINT MWH 338 SX Combination Microwave - Stainless Steel
Microwaves,SAMSUNG Heat Wave MG23K3575AW Microwave with Grill - White
Microwaves,SWAN Nordic SM22036BLUN Solo Microwave - Blue
Microwaves,SWAN SM22130GN Solo Microwave - Green
Microwaves,SHARP R82STMA Microwave with Grill - Stainless Steel
Microwaves,TOWER Glitz T24021PS Solo Microwave - Black & Pink
Microwaves,SWAN SM3090N Compact Solo Microwave - White
Microwaves,SWAN SM22030BN Solo Microwave - Black
Microwaves,SWAN Retro SM22070BN Solo Microwave - Black
Microwaves,BEKO MOC20100SFB Solo Microwave - Silver
Microwaves,DAEWOO KOR8A07 Solo Microwave - Black
Microwaves,SWAN SM22030BLN Solo Microwave - Blue
Microwaves,SWAN Nordic SM22036GREN Solo Microwave - Green
Microwaves,HOTPOINT MWH 26321 MB Microwave with Grill - Black
Microwaves,DAEWOO KOR6N35S Solo Microwave - White
Microwaves,SWAN SM22130BN Solo Microwave - Black
Microwaves,HOTPOINT MWH 27321 B Compact Microwave with Grill - Black
Microwaves,SWAN Retro SM22030PURN Solo Microwave - Purple
Microwaves,DAEWOO SDA2084GE Compact Solo Microwave - White
Microwaves,DAEWOO SDA2093GE Combination Microwave - Black & Silver
Microwaves,DAEWOO SDA2086GE Solo Microwave - Red
Microwaves,DAEWOO SDA2089GE Solo Microwave - Silver
Microwaves,SWAN Retro SM22030LGRN Solo Microwave - Grey
Microwaves,SWAN Nordic SM22036LBLUN Solo Microwave - Blue
Microwaves,TOWER T24034BLK Solo Microwave - Black
