Monitors,"LENOVO C24-25 Full HD 23.8"" VA LCD Monitor - Black"
Monitors,"ACER SA220QAbi Full HD 21.5"" IPS LCD Monitor - Black"
Monitors,"SAMSUNG C24F396 Full HD 24"" Curved LED Monitor"
Monitors,"ACER KA222Qbi Full HD 21.5"" IPS LED Monitor - Black"
Monitors,ACER ED270RPbiipx Full HD 27” Curved LED Monitor - Black
Monitors,"LENOVO L15 Full HD 15.6"" IPS LCD Mobile Monitor - Black"
Monitors,"DELL SE2422H Full HD 23.8"" LCD Monitor - Black"
Monitors,"DELL SE2722H Full HD 27"" LCD Monitor - Black"
Monitors,"HUAWEI Display AD80HW 23.8"" Full HD IPS LCD Monitor - Black"
Monitors,"HP M27fw Full HD 27"" IPS LCD Monitor - White"
Monitors,"DELL S2421HN Full HD 23.8"" LCD Monitor - Silver"
Monitors,"ACER KA222Qbi Full HD 21.5"" IPS LED Monitor - Black"
Monitors,"PHILIPS 222V8LA Full HD 22"" LCD Monitor - Black"
Monitors,"HUAWEI MateView GT Wide Quad HD 34"" Curved VA Monitor - Black"
Monitors,"SAMSUNG U32J590 4K Ultra HD 32"" LED Monitor - Black"
Monitors,"DELL SE2222H Full HD 21.5"" VA LCD Monitor - Black"
Monitors,"SAMSUNG LC32R500FHUXEN Full HD 32"" Curved LED Monitor - Blue Grey"
Monitors,"LENOVO Q24i-1L Full HD 23.8"" IPS LCD Monitor - Black & Grey"
Monitors,"LG 34WP500 Full HD 34"" IPS LED Monitor - Black"
Monitors,SAMSUNG LU28R550UQUXEN 4K Ultra HD 28” LED Monitor - Dark Grey
Monitors,LG 24MP400 Full HD 23.8” IPS LED Monitor - Black
Monitors,ACER ED270RPbiipx Full HD 27” Curved LED Monitor - Black
Monitors,"PHILIPS 242E2FA Full HD 24"" LCD Monitor - Black"
Monitors,"LG 29WP500 Full HD 29"" IPS LED Monitor - Black"
Monitors,"PHILIPS 242V8A Full HD 23.8"" LCD Monitor - Black"
Monitors,"LENOVO L22e-30 21.5"" Full HD VA LED Monitor - Black"
Monitors,"HP M32f Full HD 31.5"" VA LCD Monitor - Black & Silver"
Monitors,"PHILIPS 272E1GAEZ Full HD 27"" LCD Monitor - Black"
Monitors,"HUAWEI MateView GT Quad HD 27"" Curved VA Monitor - Black"
Monitors,SAMSUNG LS22F350FHUXEN Full HD 22” LED Monitor - Black
Monitors,"LG 24BL650C Full HD 24"" IPS LED Monitor - Black"
Monitors,"SAMSUNG LF24T350FHRXXU Full HD 24"" LED Monitor - Black"
Monitors,"DELL S2721HSX Full HD 27"" LCD Monitor - Black"
Monitors,"HP M24fw Full HD 23.8"" IPS LCD Monitor - White"
Monitors,"DELL S2721HN Full HD 27"" LCD Monitor - Silver"
Monitors,"DELL S2721QS 4K Ultra HD 27"" LCD Monitor - Silver"
Monitors,"LENOVO Q27q-1L Quad HD 27"" IPS LCD Monitor - Black & Grey"
Monitors,"PHILIPS 271E1SCA Full HD 27"" Curved VA Monitor - Black"
Monitors,"SAMSUNG LC27R500FHUXEN Full HD 27"" Curved LED Monitor - Blue Grey"
Monitors,"DELL S2421HSX Full HD 23.8"" LCD Monitor - Black"
Monitors,"ACER ED320QXbiipx Full HD 31.5"" Curved LED Monitor - Black"
Monitors,"SAMSUNG C34J791 Quad HD 34"" Curved LED Monitor - White & Silver"
Monitors,"HP V28 4K Ultra HD 28"" TN LCD Monitor - Black"
Monitors,"HUAWEI MateView GT Wide Quad HD 34"" Curved VA Monitor with Soundbar - Black"
Monitors,"HUAWEI MateView 4K Ultra HD 28.2"" IPS LCD Monitor - Silver"
Monitors,"HP V27i Full HD 27"" IPS LCD Monitor - Black"
Monitors,"SAMSUNG LC24RG50FQUXEN Full HD 24"" Curved LED Monitor - Black"
Monitors,ACER CB282Ksmiiprx 4K Ultra HD 28” LED Monitor - Black & Silver
Monitors,"ACER ED273Bbmiix Full HD 27"" Curved LED Monitor - Black"
Monitors,"SAMSUNG LS34J550 Quad HD 34"" LED Monitor - Dark Grey"
Monitors,"DELL P2422H Full HD 24"" WLED Monitor - Black & Silver"
Monitors,"HP M24fwa Full HD 23.8"" IPS LCD Monitor - White"
Monitors,"LENOVO L32p-30 31.5"" 4K Ultra HD IPS LED Monitor - Black & Grey"
Monitors,SAMSUNG LC32T550FDUXEN Full HD 32” Curved LED Monitor - Grey
Monitors,"PHILIPS 241E1SCA Full HD 24"" Curved VA LCD Monitor - Black"
Monitors,"PHILIPS 242E1GAEZ Full HD 23.8"" LCD Monitor - Black"
Monitors,"PHILIPS 272E2FA Full HD 27"" LCD Monitor - Black"
Monitors,"HP U28 4K Ultra HD 28"" IPS LCD Monitor - Black & Silver"
Monitors,"BENQ EW3270U 4K Ultra HD 32"" LED Monitor - Black & Grey"
Monitors,"PHILIPS 272V8A Full HD 27"" LCD Monitor - Black"
Monitors,"HP M34d Wide Quad HD 34"" IPS LCD Monitor - Black"
Monitors,"HUAWEI Display AD80HW 23.8"" Full HD IPS LCD Monitor - Black"
Monitors,"HP M27fd Full HD 27"" IPS LCD Monitor - Silver & Black"
Monitors,"LG 27BL650C Full HD 27"" IPS LED Monitor - Black"
Monitors,"PHILIPS 278E1A 4K Ultra HD 27"" IPS Monitor - Black"
Monitors,SAMSUNG LC27T550FDUXEN Full HD 27” Curved LED Monitor - Grey
Monitors,LG 49WL95C-WE Quad HD 49” Curved IPS Monitor - Black & White
Monitors,"VIEWSONIC VX3211-mh Full HD 32"" IPS LCD Monitor - Black"
Monitors,"HP V22 Full HD 21.5"" TN LCD Monitor - Black"
Monitors,"DELL S2422HZ Full HD 23.8"" IPS LCD Monitor - Silver & Black"
Monitors,BENQ PD2700U 4K Ultra HD 27” IPS Monitor
Monitors,"HP M27fq Quad HD 27"" IPS LCD Monitor - Silver & Black"
Monitors,"LENOVO L27e-30 27"" Full HD IPS LED Monitor - Black"
Monitors,"DELL S3422DW Wide Quad HD 34"" Curved LED Monitor - Black"
Monitors,LENOVO L29w-30 Wide Full HD IPS LED Monitor - Black
Monitors,"VIEWSONIC VP3268a-4K Ultra HD 32"" IPS LED Monitor - Black"
Monitors,IIYAMA ProLite XUB2494HSU-B1 Full HD VA LCD Monitor - Black
Monitors,"DELL S3221QS 4K Ultra HD 31.5"" Curved LCD Monitor - Silver"
Monitors,"IIYAMA ProLite XU2792HSU-B1 27"" Full HD LCD Monitor - Black"
Monitors,"PHILIPS 243B9 Full HD 24"" LCD Monitor - Black"
Monitors,"SAMSUNG LS32A600UUUXXU Quad HD 32"" LED Monitor - Black"
Monitors,"SAMSUNG LS24A600UCUXXU Quad HD 24"" LED Monitor - Black"
Monitors,BENQ GW2780 Full HD 27” IPS Monitor - Black
Monitors,"BENQ PD3200U 4K Ultra HD 32"" LED Monitor - Dark Grey"
Monitors,"ACER SA270Abi Full HD 27"" LED Monitor - Black"
Monitors,"SAMSUNG LS27A600NWUXXU Quad HD 27"" LED Monitor - Black"
Monitors,"SAMSUNG LS24A310NHUXXU Full HD 24"" LED Monitor - Black"
Monitors,"BENQ PD2500Q Quad HD 25"" LED Monitor - Grey"
Monitors,"VIEWSONIC VX2776-4K-MHD 4K Ultra HD 27"" IPS LCD Monitor - Silver"
Monitors,"VIEWSONIC VA2223-H Full HD 22"" TN LCD Monitor - Black"
Monitors,"DELL P2722H Full HD 27"" WLED Monitor - Black & Silver"
Monitors,IIYAMA ProLite XUB2792HSU-B1 Full HD 27” IPS LCD Monitor - Black
Monitors,"ACER CB272D Full HD 27"" IPS LED Monitor - Black"
Monitors,"IIYAMA ProLite XB3288UHSU-B1 4K Ultra HD 32"" VA LED Monitor - Black"
Monitors,IIYAMA ProLite XUB2792QSU-B1 Quad HD 27” IPS LCD Monitor - Black
Monitors,"DELL P2222H Full HD 21.5"" IPS LCD Monitor - Black & Silver"
Monitors,"VIEWSONIC VP3881 Quad HD 38"" IPS LED Curved Monitor - Black"
Monitors,"VIEWSONIC VA3456-MHDJ Wide Quad HD 34"" IPS LCD Monitor - Black"
Monitors,IIYAMA ProLite XUB2792UHSU-B1 4K Ultra HD 27” IPS LCD Monitor - Black
Monitors,IIYAMA ProLite XUB2492HSN-B1 Full HD IPS LCD Monitor - Black
Monitors,"IIYAMA ProLite XUB2796QSU-B1 27"" Quad HD IPS LCD Monitor - Black"
Monitors,IIYAMA ProLite XB3270QS-B1 Quad HD 32” IPS LCD Monitor – Black
Monitors,BENQ GW2480T Full HD 23.8” IPS Monitor - Black
Monitors,"VIEWSONIC VP2756-2K Quad HD 27"" IPS LED Monitor - Black"
Monitors,"VIEWSONIC S2422HZ Full HD 24"" IPS LCD Monitor - Black"
Monitors,IIYAMA ProLite XUB2792HSU-W1 Full HD 27” IPS LCD Monitor - White
Monitors,"IIYAMA ProLite E2791HSU-B1 27"" Full HD TN LCD Monitor - Black"
Monitors,"VIEWSONIC VP3481 Quad HD 34"" VA LCD Curved Monitor - Black"
Monitors,"IIYAMA ProLite B2791QSU-B1 Quad HD 27"" LCD Monitor - Black"
Monitors,"IIYAMA ProLite XU2492HSU-B1 24"" Full HD LCD IPS Monitor - Black"
Monitors,"VIEWSONIC VP2468a Full HD 24"" IPS LED Monitor - Black"
Monitors,"IIYAMA ProLite XU2493HSU-B1 24"" Full HD LCD IPS Monitor"
Monitors,"IIYAMA ProLite XUB2796HSU-B1 27"" Full HD IPS LCD Monitor - Black"
Monitors,"IIYAMA ProLite XU2792QSU-B1 27"" Quad HD IPS LCD Monitor - Black"
Monitors,"IIYAMA ProLite X2481HS-B1 Full HD 24"" LCD Monitor - Black"
Monitors,"HANWHA WiseNet SMT-3233 Full HD 31.5"" LCD Monitor - Black"
Monitors,"LENOVO L15 Full HD 15.6"" IPS LCD Mobile Monitor - Black"
Monitors,"VIEWSONIC VA1655-EU Full HD 16"" IPS LCD Portable Monitor - Black"
Monitors,"SAMSUNG LC49HG90DMRXXU Wide Full HD 49"" Curved QLED Monitor - Black"
Monitors,LG 27MP400 Full HD 27” IPS LED Monitor - Black
Monitors,"HP M22f Full HD 21.5"" IPS LCD Monitor - Black & Silver"
Monitors,"SAMSUNG LS24A600NWUXXU Quad HD 24"" LED Monitor - Black"
Monitors,"SAMSUNG LU32R590CWRXXU 4K Ultra HD 32"" Curved LED Monitor - Black"
Monitors,PHILIPS Brilliance P-line 499P9H Quad HD 49” Curved LCD Monitor - Black
Monitors,"ACER KG271G Full HD 27"" IPS LED Monitor - Black"
Monitors,"HP V24i Full HD 23.8"" IPS LCD Monitor - Black"
Monitors,"VIEWSONIC VX3211-4K-MHD 4K Ultra HD 32"" VA LCD Monitor - Black"
Monitors,"LG 43UN700 4K Ultra HD 42.5"" IPS LCD Monitor - Black"
Monitors,"LG 38WN95C-W Quad HD 38"" Curved IPS Monitor - White"
Monitors,"IIYAMA ProLite XU2792UHSU-B1 4K Ultra HD 27"" IPS LED Monitor - Black"
Monitors,"AOC I1601FWUX Full HD 16"" LED Portable Monitor - Black"
Monitors,"AOC I1659FWUX Full HD 16"" LED Portable Monitor - Black"
Monitors,"HP M27fwa Full HD 27"" IPS LCD Monitor - White"
Monitors,"LG 32UL750W 4K Ultra HD 31.5"" VA LCD Monitor - Black & White"
Monitors,"IIYAMA ProLite B2791HSU-B1 Full HD 27"" LCD Monitor - Black"
Monitors,"SAMSUNG LS27A600UUUXXU Quad HD 27"" LED Monitor - Black"
Monitors,ASUS Designo MX38VC 4K Ultra HD 37.5” Curved IPS Monitor - Black & Grey
Monitors,"VIEWSONIC VX3276-2K-MHD-2-EU Quad HD 32"" IPS LCD Monitor - Silver"
Monitors,"BENQ PD3200Q Quad HD 32"" LED Monitor - Grey"
Monitors,"VIEWSONIC VA2718-sh Full HD 27"" IPS LCD Monitor - Black"
Monitors,"IIYAMA ProLite B2483HSU-B5 Full HD 24"" LCD Monitor - Black"
Monitors,IIYAMA ProLite XB2483HSU-B3 Full HD 24” LCD Monitor - Black
Monitors,"BENQ GL2760H Full HD 27"" LED Monitor - Black"
Monitors,ASUS Designo MX34VQ Quad HD 34” Curved VA Monitor - Grey
Monitors,"IIYAMA ProLite B2282HS-B5 Full HD 22"" TN LED Monitor - Black"
Monitors,IIYAMA ProLite B2875UHSU-B1 4K Ultra HD 28” LCD Monitor - Black
Monitors,"IIYAMA ProLite XUB2294HSU-W1 22"" Full HD LCD Monitor - White"
Monitors,IIYAMA ProLite XU2294HSU-B1 22' Full HD LCD Monitor - Black
Monitors,ASUS BE24DQLB Full HD 23.8” IPS Monitor - Black
Monitors,"IIYAMA ProLite XB2783HSU-B3 27"" Full HD LCD Monitor - Black"
Monitors,"BENQ SW2700PT Quad HD 27"" LED Monitor - Black"
Monitors,"IIYAMA ProLite XU2395WSU-B1 Full HD 23"" IPS LCD Monitor - Black"
Monitors,"IIYAMA ProLite XUB2493HSU-B1 24"" Full HD LCD IPS Monitor - Black"
Monitors,"IIYAMA ProLite XB2481HS-B1 Full HD 24"" LCD Monitor - Black"
Monitors,IIYAMA ProLite XUB2294HSU-B1 22' Full HD LCD Monitor - Black
Monitors,"HANWHA SMT-1935 19"" LCD Monitor - Black"
Monitors,IIYAMA ProLite X2483HSU-B3 Full HD 24” LCD Monitor - Black
Monitors,"HANWHA WiseNet SMT-4033 Full HD 39.5"" LCD Monitor - Black"
Monitors,"IIYAMA ProLite XU2493HS-B4 23.8"" Full HD IPS LCD Monitor - Black"
Monitors,IIYAMA ProLite X3291HS Full HD IPS LCD Monitor - Black
Monitors,"HANWHA SMT-2233 Full HD 22"" LCD Monitor - Black"
Monitors,"IIYAMA ProLite XU2494HSU-B1 24"" Full HD VA LCD Monitor - Black"
