Phones,"SAMSUNG Galaxy A52s 5G - 128 GB, Awesome White"
Phones,"APPLE iPhone 13 - 128 GB, Green"
Phones,"MOTOROLA Edge 30 - 128 GB, Meteor Grey"
Phones,"SAMSUNG Galaxy S21 FE 5G - 128 GB, Graphite"
Phones,"HONOR Magic4 Pro - 256 GB, Black"
Phones,"APPLE iPhone 13 - 128 GB, Blue"
Phones,"MOTOROLA Moto E20 - 32 GB, Coastal Blue"
Phones,"HONOR Magic4 Lite 5G - 128 GB, Midnight Black"
Phones,"APPLE iPhone 13 - 128 GB, Midnight"
Phones,"APPLE iPhone 13 Pro Max - 128 GB, Graphite"
Phones,"APPLE iPhone 13 Pro - 128 GB, Alpine Green"
Phones,"MOTOROLA Moto E20 - 32 GB, Graphite Grey"
Phones,"APPLE iPhone SE (2022) - 64 GB, Midnight"
Phones,"APPLE iPhone 11 - 64 GB, Black"
Phones,"SAMSUNG Galaxy A53 5G - 128 GB, Black"
Phones,"MOTOROLA Moto G82 5G - 128 GB, Grey"
Phones,"SAMSUNG Galaxy A22 5G – 64 GB, Grey"
Phones,"SAMSUNG Galaxy A13 - 64 GB, Black"
Phones,"APPLE iPhone 13 Pro - 128 GB, Sierra Blue"
Phones,"HONOR X7 - 128 GB, Midnight Black"
Phones,"SAMSUNG Galaxy A22 5G – 64 GB, Violet"
Phones,"XIAOMI Redmi Note 10 5G - 128 GB, Graphite Gray"
Phones,"APPLE iPhone 13 - 128 GB, Pink"
Phones,"APPLE iPhone 11 - 64 GB, White"
Phones,"APPLE iPhone 11 - 64 GB, Purple"
Phones,"APPLE iPhone 13 - 128 GB, Starlight"
Phones,"APPLE iPhone 13 Pro Max - 128 GB, Sierra Blue"
Phones,"APPLE iPhone 11 - 64 GB, Green"
Phones,"ALCATEL 1B 2022 - 32 GB, Prime Black"
Phones,"APPLE iPhone 13 Pro Max - 128 GB, Gold"
Phones,"SAMSUNG Galaxy A53 5G - 128 GB, Blue"
Phones,"APPLE iPhone 12 - 64 GB, Black"
Phones,"SAMSUNG Galaxy A13 - 64 GB, White"
Phones,"APPLE iPhone 11 - 64 GB, Red"
Phones,"SAMSUNG Galaxy A22 5G – 64 GB, White"
Phones,"APPLE iPhone 13 - 256 GB, Midnight"
Phones,"APPLE iPhone 13 Pro - 128 GB, Silver"
Phones,"SAMSUNG Galaxy S22 5G - 128 GB, Phantom Black"
Phones,"APPLE iPhone 13 - 128 GB, (PRODUCT)RED"
Phones,"SAMSUNG Galaxy S21 FE 5G - 128 GB, Olive Green"
Phones,"MOTOROLA Moto E30 - 32 GB, Digital Blue"
Phones,"SAMSUNG Galaxy S22 Ultra 5G - 128 GB, Phantom Black"
Phones,"GOOGLE Pixel 6 - 128 GB, Stormy Black"
Phones,"MOTOROLA Moto G31 - 64 GB, Mineral Grey"
Phones,"NOKIA 105 - 4 MB, Black"
Phones,"ALCATEL 1 2021 - 16 GB, Volcano Black"
Phones,"SAMSUNG Galaxy S20 FE (2021) - 128 GB, Cloud Lavender"
Phones,"APPLE iPhone SE (2022) - 64 GB, Starlight"
Phones,"APPLE iPhone 13 Pro Max - 128 GB, Alpine Green"
Phones,"XIAOMI Redmi Note 11 Pro 5G - 128 GB, Atlantic Blue"
Phones,"MOTOROLA Edge 20 Lite - 128 GB, Electric Graphite"
Phones,"SAMSUNG Galaxy S22 5G - 256 GB, Phantom Black"
Phones,"OPPO A16s - 64 GB, Black"
Phones,"OPPO A74 5G - 128 GB, Fluid Black"
Phones,"APPLE iPhone 13 Pro Max - 512 GB, Alpine Green"
Phones,"SAMSUNG Galaxy S22 Ultra 5G - 256 GB, Phantom Black"
Phones,"APPLE iPhone 13 - 256 GB, Pink"
Phones,"APPLE iPhone 12 - 128 GB, Purple"
Phones,"SAMSUNG Galaxy S20 FE (2021) - 128 GB, Cloud Mint"
Phones,"APPLE iPhone 11 - 64 GB, Yellow"
Phones,"APPLE iPhone 12 - 128 GB, White"
Phones,"GOOGLE Pixel 6 - 128 GB, Sorta Seafoam"
Phones,"APPLE iPhone 12 - 64 GB, Blue"
Phones,"MOTOROLA Moto G31 - 64 GB, Baby Blue"
Phones,"APPLE iPhone SE (2022) - 64 GB, (PRODUCT)RED"
Phones,"SAMSUNG Galaxy A53 5G - 128 GB, Peach"
Phones,"SAMSUNG Galaxy A03 - 64 GB, Blue"
Phones,"XIAOMI Redmi Note 11 - 128 GB, Graphite Gray"
Phones,"APPLE iPhone SE (2022) - 128 GB, Midnight"
Phones,"SAMSUNG Galaxy S20 FE (2021) - 128 GB, Cloud White"
Phones,"XIAOMI Redmi Note 11 Pro 5G - 128 GB, Graphite Gray"
Phones,"APPLE iPhone 12 - 64 GB, White"
Phones,"XIAOMI Redmi Note 11 - 128 GB, Twilight Blue"
Phones,"OPPO A54s - 128 GB, Crystal Black"
Phones,"TCL 30 SE - 64 GB, Space Grey"
Phones,"OPPO Find X5 Pro - 256 GB, Glaze Black"
Phones,"APPLE iPhone 13 - 512 GB, Midnight"
Phones,"APPLE iPhone 12 - 64 GB, Purple"
Phones,DORO 6620 - Black
Phones,"APPLE iPhone 13 - 256 GB, Blue"
Phones,"APPLE iPhone 13 Pro - 1 TB, Graphite"
Phones,"SAMSUNG Galaxy A33 5G - 128 GB, Awesome Black"
Phones,"TCL 306 - 32 GB, Space Gray"
Phones,"APPLE iPhone 12 Mini - 64 GB, Black"
Phones,"APPLE iPhone 13 - 256 GB, Starlight"
Phones,"APPLE iPhone 13 - 256 GB, Green"
Phones,"APPLE iPhone 12 Mini - 128 GB, Black"
Phones,"GOOGLE Pixel 6 Pro - 128 GB, Stormy Black"
Phones,"MOTOROLA Moto G22 - 64 GB, Cosmic Black"
Phones,"APPLE iPhone 13 mini - 512 GB, Midnight"
Phones,"OPPO Find X3 Lite - 128 GB, Astral Blue"
Phones,"APPLE iPhone 13 Pro - 128 GB, Graphite"
Phones,"APPLE iPhone 12 - 64 GB, Green"
Phones,"SAMSUNG Galaxy S22 Ultra 5G - 128 GB, Burgundy"
Phones,"SAMSUNG Galaxy A53 5G - 128 GB, White"
Phones,"SAMSUNG Galaxy S22 5G - 128 GB, Pink Gold"
Phones,"XIAOMI Redmi 9AT - 32 GB, Carbon Grey"
Phones,"GOOGLE Pixel 6 - 128 GB, Kinda Coral"
Phones,"APPLE iPhone 11 - 128 GB, Green"
Phones,"DORO 7080 - 4 GB, Red"
Phones,"MOTOROLA Moto E30 - 32 GB, Mineral Grey"
Phones,"SAMSUNG Galaxy S22 5G - 128 GB, Green"
Phones,"APPLE iPhone 12 Mini - 128 GB, Blue"
Phones,"SAMSUNG Galaxy S22 Ultra 5G - 512 GB, Green"
Phones,"APPLE iPhone 12 Mini - 64 GB, Blue"
Phones,"APPLE iPhone 12 - 256 GB, Blue"
Phones,"SAMSUNG Galaxy Z Flip3 5G - 128 GB, Phantom Black"
Phones,"MOTOROLA Moto G22 - 64 GB, Iceberg Blue"
Phones,"APPLE iPhone 13 Pro - 256 GB, Sierra Blue"
Phones,"APPLE iPhone SE (2022) - 128 GB, (PRODUCT)RED"
Phones,"SAMSUNG Galaxy S22+ 5G - 128 GB, Phantom Black"
Phones,"SAMSUNG Galaxy S22 5G - 256 GB, Pink Gold"
Phones,"APPLE iPhone SE (2022) - 128 GB, Starlight"
Phones,"HONOR Magic4 Pro - 256 GB, Cyan"
Phones,"APPLE iPhone 12 Mini - 64 GB, Purple"
Phones,"APPLE iPhone 13 Pro - 1 TB, Alpine Green"
Phones,"APPLE iPhone 13 - 256 GB, (PRODUCT)RED"
Phones,"SAMSUNG Galaxy A33 5G - 128 GB, Awesome White"
Phones,"DORO 7080 - 4 GB, Graphite"
Phones,"APPLE iPhone 13 Pro - 1 TB, Sierra Blue"
Phones,"SAMSUNG Galaxy Z Fold3 5G - 256 GB, Phantom Black"
Phones,"HONOR X7 - 128 GB, Ocean Blue"
Phones,"SAMSUNG Galaxy Z Flip3 5G - 256 GB, Lavender"
Phones,"SAMSUNG Galaxy A33 5G - 128 GB, Awesome Orange"
Phones,"SAMSUNG Galaxy A33 5G - 128 GB, Awesome Blue"
Phones,"TCL 30 SE - 64 GB, Glacial Blue"
Phones,"APPLE iPhone 12 Mini - 64 GB, (PRODUCT)RED"
Phones,"APPLE iPhone 12 - 64 GB, (PRODUCT)RED"
Phones,"GOOGLE Pixel 6 Pro - 256 GB, Stormy Black"
Phones,"OPPO A54 5G - 64 GB, Fluid Black"
Phones,"APPLE iPhone 12 Mini - 64 GB, Green"
Phones,"OPPO Find X5 Pro - 256 GB, Ceramic White"
Phones,"OPPO Find X5 - 256 GB, Black"
Phones,"HONOR 50 - 256 GB, Midnight Black"
Phones,"SAMSUNG Galaxy S21 FE 5G - 128 GB, White"
Phones,"SAMSUNG Galaxy Z Fold3 5G - 512 GB, Phantom Black"
Phones,"MOTOROLA Moto G50 - 64 GB, Steel Grey"
Phones,"SAMSUNG Galaxy S22 5G - 128 GB, Phantom White"
Phones,"APPLE iPhone 12 - 256 GB, White"
Phones,"APPLE iPhone 12 Mini - 64 GB, White"
Phones,"APPLE iPhone 12 - 128 GB, (PRODUCT)RED"
Phones,"SAMSUNG Galaxy Z Flip3 5G - 128 GB, Cream"
Phones,"XIAOMI 12 - 256 GB, Blue"
Phones,"SAMSUNG Galaxy S22 5G - 256 GB, Phantom White"
Phones,"OPPO Find X3 Pro - 256 GB, Black"
Phones,"SAMSUNG Galaxy Z Flip3 5G - 128 GB, Green"
Phones,"HONOR X8 - 128 GB, Titanium Silver"
Phones,"OPPO A54 5G - 64 GB, Fantastic Purple"
Phones,"XIAOMI 11T 5G - 128 GB, Meteorite Grey"
Phones,"SAMSUNG Galaxy Z Flip3 5G - 128 GB, Lavender"
Phones,"HONOR 50 - 128 GB, Midnight Black"
Phones,"HONOR X8 - 128 GB, Midnight Black"
Phones,"APPLE iPhone 13 - 512 GB, Blue"
Phones,"HONOR X7 - 128 GB, Titanium Silver"
Phones,"APPLE iPhone 13 Pro - 1 TB, Silver"
Phones,"ONEPLUS Nord 2 5G - 256 GB, Blue Haze"
Phones,"APPLE iPhone 12 - 256 GB, Purple"
Phones,"MOTOROLA Edge 20 Pro - 256 GB, Midnight Blue"
Phones,"SAMSUNG Galaxy S20 FE (2021) - 128 GB, Cloud Red"
Phones,"SAMSUNG Galaxy S22 Ultra 5G - 512 GB, Burgundy"
Phones,"HONOR Magic4 Lite 5G - 128 GB, Titanium Silver"
Phones,"SAMSUNG Galaxy A32 5G - 64 GB, Awesome Violet"
Phones,"OPPO Find X5 Lite - 256 GB, Starry Black"
Phones,"XIAOMI 12 PRO - 256 GB, Grey"
Phones,"MOTOROLA Edge 20 - 128 GB, Frosted Grey"
Phones,"HONOR Magic4 Lite 5G - 128 GB, Ocean Blue"
Phones,"SAMSUNG Galaxy Z Fold3 5G - 256 GB, Phantom Green"
Phones,"APPLE iPhone 13 mini - 512 GB, Green"
Phones,"APPLE iPhone 12 Mini - 128 GB, Purple"
Phones,"SAMSUNG Galaxy Z Fold3 5G - 512 GB, Phantom Silver"
Phones,"APPLE iPhone 13 - 512 GB, Pink"
Phones,"APPLE iPhone SE (2022) - 256 GB, Midnight"
Phones,"APPLE iPhone 13 - 512 GB, Green"
Phones,"APPLE iPhone SE (2022) - 256 GB, Starlight"
Phones,"HONOR 50 - 256 GB, Frost Crystal"
Phones,"OPPO Find X5 Lite - 256 GB, Startrails Blue"
Phones,"APPLE iPhone 13 mini - 512 GB, Pink"
Phones,"OPPO Find X3 Neo - 256 GB, Starlight Black"
Phones,"APPLE iPhone 13 mini - 512 GB, Starlight"
Phones,"APPLE iPhone 13 mini - 512 GB, Blue"
Phones,"APPLE iPhone 12 Mini - 128 GB, (PRODUCT)RED"
Phones,"XIAOMI 12 - 256 GB, Grey"
Phones,"HONOR X8 - 128 GB, Ocean Blue"
Phones,"SAMSUNG Galaxy Z Fold3 5G - 512 GB, Phantom Green"
Phones,"GOOGLE Pixel 6 Pro - 128 GB, Cloudy White"
Phones,"OPPO Find X5 - 256 GB, White"
Phones,"SAMSUNG Galaxy Z Flip3 5G - 256 GB, Green"
Phones,"APPLE iPhone 13 Pro - 256 GB, Graphite"
Phones,"APPLE iPhone 13 - 512 GB, Starlight"
Phones,"SAMSUNG Galaxy Z Fold3 5G - 256 GB, Phantom Silver"
Phones,"APPLE iPhone 13 mini - 512 GB, (PRODUCT)RED"
Phones,SWISSVOICE S24 - Black
Phones,"APPLE iPhone 12 Mini - 256 GB, Blue"
Phones,"APPLE iPhone 12 - 256 GB, Green"
Phones,"GOOGLE Pixel 6 Pro - 128 GB, Sorta Sunny"
Phones,SWISSVOICE S28 - White
Phones,"APPLE iPhone 12 Mini - 256 GB, Purple"
Phones,"APPLE iPhone 12 - 256 GB, (PRODUCT)RED"
Phones,"APPLE iPhone 13 - 512 GB, (PRODUCT)RED"
Phones,"HONOR 50 - 128 GB, Emerald Green"
Phones,"APPLE iPhone 12 Mini - 256 GB, Black"
Phones,"APPLE iPhone SE (2022) - 256 GB, (PRODUCT)RED"
Phones,SWISSVOICE S24 - White
Phones,"APPLE iPhone 12 Mini - 256 GB, White"
Phones,"SAMSUNG Galaxy Z Flip3 5G - 256 GB, Cream"
Phones,"APPLE iPhone 12 Mini - 256 GB, Green"
Phones,"APPLE iPhone 12 Mini - 256 GB, (PRODUCT)RED"
Phones,"XIAOMI Mi 11 Lite 5G - 128 GB, Truffle Black"
Phones,"ALCATEL 1S 2021 - 32 GB, Blue"
Phones,"ALCATEL 1 - 8 GB, Black"
Phones,"APPLE iPhone 12 Pro - 128 GB, Pacific Blue"
Phones,"OPPO A15 - 32 GB, Black"
Phones,"APPLE iPhone SE - 128 GB, Black"
Phones,"APPLE iPhone 12 Pro - 256 GB, Graphite"
Phones,"APPLE iPhone 12 Pro - 128 GB, Graphite"
Phones,"APPLE iPhone SE - 64 GB, Black"
Phones,"APPLE iPhone SE - 64 GB, White"
Phones,ALCATEL 1068 - Black
Phones,"APPLE iPhone SE - 64 GB, Red"
Phones,"SAMSUNG Galaxy A12 - 64 GB, White"
Phones,"SAMSUNG Galaxy A32 5G - 64 GB, Awesome Blue"
Phones,"SAMSUNG Galaxy S22+ 5G - 256 GB, Pink Gold"
Phones,"SAMSUNG Galaxy A52s 5G - 128 GB, Awesome Black"
Phones,"APPLE iPhone 13 Pro Max - 1 TB, Graphite"
Phones,"SAMSUNG Galaxy A52s 5G - 128 GB, Awesome Mint"
Phones,"APPLE iPhone 13 mini - 256 GB, Green"
Phones,"APPLE iPhone 12 - 128 GB, Blue"
Phones,"APPLE iPhone 13 Pro - 512 GB, Sierra Blue"
Phones,"APPLE iPhone 13 Pro Max - 128 GB, Silver"
Phones,"APPLE iPhone 13 Pro Max - 1 TB, Sierra Blue"
Phones,"SAMSUNG Galaxy A52s 5G - 128 GB, Awesome Violet"
Phones,"SAMSUNG Galaxy S22 Ultra 5G - 512 GB, Phantom Black"
Phones,"APPLE iPhone 13 Pro - 128 GB, Gold"
Phones,"APPLE iPhone 13 Pro Max - 256 GB, Graphite"
Phones,"APPLE iPhone 12 - 128 GB, Black"
Phones,"APPLE iPhone 13 Pro Max - 512 GB, Graphite"
Phones,"APPLE iPhone 13 mini - 256 GB, Starlight"
Phones,"APPLE iPhone 13 mini - 256 GB, Blue"
Phones,"APPLE iPhone 13 Pro - 512 GB, Alpine Green"
Phones,"APPLE iPhone 11 - 128 GB, Black"
Phones,"SAMSUNG Galaxy S22 Ultra 5G - 512 GB, Phantom White"
Phones,"APPLE iPhone 11 - 128 GB, Yellow"
Phones,"APPLE iPhone 13 Pro Max - 1 TB, Gold"
Phones,"APPLE iPhone 13 Pro Max - 256 GB, Sierra Blue"
Phones,"APPLE iPhone 13 Pro Max - 512 GB, Sierra Blue"
Phones,"APPLE iPhone 12 - 256 GB, Black"
Phones,"SAMSUNG Galaxy S22 Ultra 5G - 256 GB, Green"
Phones,"SAMSUNG Galaxy S22+ 5G - 256 GB, Phantom Black"
Phones,"APPLE iPhone 13 mini - 128 GB, Midnight"
Phones,"APPLE iPhone 13 mini - 128 GB, Green"
Phones,"SAMSUNG Galaxy S21 FE 5G - 128 GB, Lavender"
Phones,"APPLE iPhone 13 Pro Max - 256 GB, Alpine Green"
Phones,"MOTOROLA Moto G50 - 64 GB, Aqua Green"
Phones,"APPLE iPhone 13 Pro - 256 GB, Alpine Green"
Phones,"SAMSUNG Galaxy S22 Ultra 5G - 128 GB, Green"
Phones,"APPLE iPhone 13 Pro Max - 1 TB, Alpine Green"
Phones,"APPLE iPhone 13 Pro Max - 256 GB, Gold"
Phones,"APPLE iPhone 13 mini - 128 GB, Blue"
Phones,"APPLE iPhone 13 Pro - 256 GB, Silver"
Phones,"APPLE iPhone 11 - 128 GB, White"
Phones,"APPLE iPhone 11 - 128 GB, Purple"
Phones,"APPLE iPhone 12 - 128 GB, Green"
Phones,"SAMSUNG Galaxy S20 FE (2021) - 128 GB, Cloud Orange"
Phones,"APPLE iPhone 13 Pro - 256 GB, Gold"
Phones,"APPLE iPhone 13 Pro Max - 256 GB, Silver"
Phones,"SAMSUNG Galaxy S22+ 5G - 128 GB, Green"
Phones,"SAMSUNG Galaxy S22 5G - 256 GB, Green"
Phones,"APPLE iPhone 13 Pro Max - 512 GB, Gold"
Phones,"APPLE iPhone 13 mini - 256 GB, Midnight"
Phones,"APPLE iPhone 11 - 128 GB, Red"
Phones,"APPLE iPhone 12 Mini - 128 GB, Green"
Phones,"APPLE iPhone 13 mini - 128 GB, Pink"
Phones,"HONOR 50 Lite - 128 GB, Midnight Black"
Phones,"SAMSUNG Galaxy A32 5G - 64 GB, Awesome Black"
Phones,"SAMSUNG Galaxy S22 Ultra 5G - 256 GB, Burgundy"
Phones,"APPLE iPhone 13 mini - 128 GB, Starlight"
Phones,"APPLE iPhone 13 Pro Max - 512 GB, Silver"
Phones,"APPLE iPhone 13 Pro - 512 GB, Gold"
Phones,"APPLE iPhone 13 Pro Max - 1 TB, Silver"
Phones,"APPLE iPhone 13 mini - 128 GB, (PRODUCT)RED"
Phones,"SAMSUNG Galaxy S22+ 5G - 128 GB, Phantom White"
Phones,"APPLE iPhone 13 Pro - 512 GB, Graphite"
Phones,"APPLE iPhone 13 Pro - 1 TB, Gold"
Phones,"APPLE iPhone 13 mini - 256 GB, Pink"
Phones,"SAMSUNG Galaxy S22 Ultra 5G - 128 GB, Phantom White"
Phones,"SAMSUNG Galaxy S22 Ultra 5G - 256 GB, Phantom White"
Phones,"OPPO Find X3 Lite - 128 GB, Starry Black"
Phones,"SAMSUNG Galaxy S22+ 5G - 256 GB, Green"
Phones,"APPLE iPhone 13 Pro - 512 GB, Silver"
Phones,"APPLE iPhone 13 mini - 256 GB, PRODUCT(RED)"
Phones,"XIAOMI 12 Pro - 256 GB, Blue"
Phones,"XIAOMI 12 PRO - 256 GB, Purple"
Phones,"SAMSUNG Galaxy S22+ 5G - 128 GB, Pink Gold"
Phones,"SAMSUNG Galaxy S22+ 5G - 256 GB, Phantom White"
Phones,"APPLE iPhone 12 Mini - 128 GB, White"
Phones,"HONOR Magic4 Lite - 128 GB, Ocean Blue"
Phones,"XIAOMI 12 - 256 GB, Purple"
Phones,"HONOR Magic4 Lite - 128 GB, Midnight Black"
Phones,SWISSVOICE D28 - Black
Phones,SWISSVOICE D28 - White
Phones,SWISSVOICE S28 - Black
Phones,"SWISSVOICE C50s - 8 GB, Black"
Phones,"MOTOROLA Moto G30 - 128 GB, Dark Pearl"
Phones,"ALCATEL 1B - 32 GB, Prime Black"
Phones,"SAMSUNG Galaxy A02s - 32 GB, Black"
Phones,"SAMSUNG Galaxy A03s - 32 GB, Black"
Phones,"MOTOROLA Moto E7 - 32 GB, Aqua Blue"
Phones,ALCATEL 10.66 - Black
Phones,"APPLE iPhone 12 Pro - 128 GB, Gold"
Phones,"APPLE iPhone 11 - 256 GB, Black"
Phones,"APPLE iPhone SE - 256 GB, Red"
Phones,"APPLE iPhone 12 Pro Max - 512 GB, Silver"
Phones,"MOTOROLA Edge 20 - 128 GB, Frosted White"
Phones,"SAMSUNG Galaxy A52 5G - 128 GB, Awesome Blue"
Phones,"APPLE iPhone 12 Pro - 256 GB, Pacific Blue"
Phones,"APPLE iPhone 12 Pro - 512 GB, Gold"
Phones,"APPLE iPhone 12 Pro Max - 256 GB, Gold"
Phones,"NOKIA 3.4 - 32 GB, Blue"
Phones,"APPLE iPhone 12 Pro - 256 GB, Silver"
Phones,"APPLE iPhone 11 - 256 GB, White"
Phones,"APPLE iPhone 12 Pro Max - 128 GB, Gold"
Phones,"APPLE iPhone 11 - 256 GB, Red"
Phones,"APPLE iPhone SE - 256 GB, White"
Phones,"OPPO Find X3 Neo - 256 GB, Galactic Silver"
Phones,"APPLE iPhone 12 Pro - 512 GB, Graphite"
Phones,"ALCATEL 3L 2021 - 64 GB, Black"
Phones,"APPLE iPhone 12 Pro - 128 GB, Silver"
Phones,"APPLE iPhone 12 Pro Max - 512 GB, Graphite"
Phones,"SAMSUNG Galaxy A02s - 32 GB, White"
Phones,"MOTOROLA Moto G10 - 64 GB, Pearl"
Phones,"SAMSUNG Galaxy A03s - 32 GB, Blue"
Phones,"APPLE iPhone 12 Pro Max - 512 GB, Pacific Blue"
Phones,"XIAOMI Redmi Note 10 Pro - 128 GB, Onyx Gray"
Phones,"NOKIA 3.4 - 32 GB, Charcoal"
Phones,"MOTOROLA Razr 5G - 256 GB, Polished Graphite"
Phones,"APPLE iPhone 12 Pro Max - 256 GB, Silver"
Phones,"MOTOROLA Moto E7 - 32 GB, Mineral Grey"
Phones,"SAMSUNG Galaxy A52 5G - 128 GB, Awesome Violet"
Phones,"SAMSUNG Galaxy A52 5G - 128 GB, Awesome White"
Phones,"APPLE iPhone 11 - 256 GB, Yellow"
Phones,"APPLE iPhone 12 Pro Max - 512 GB, Gold"
Phones,"APPLE iPhone 12 Pro - 512 GB, Pacific Blue"
Phones,"APPLE iPhone SE - 128 GB, Red"
Phones,"NOKIA 225 4G - 128 MB, Black"
Phones,"APPLE iPhone 11 - 256 GB, Purple"
Phones,"APPLE iPhone 12 Pro - 256 GB, Gold"
Phones,"APPLE iPhone 12 Pro Max - 256 GB, Pacific Blue"
Phones,"APPLE iPhone SE - 256 GB, Black"
Phones,"APPLE iPhone 12 Pro Max - 128 GB, Silver"
Phones,"APPLE iPhone 12 Pro - 512 GB, Silver"
Phones,"APPLE iPhone 12 Pro Max - 128 GB, Pacific Blue"
Phones,"APPLE iPhone 12 Pro Max - 256 GB, Graphite"
Phones,"APPLE iPhone SE - 128 GB, White"
Phones,"MOTOROLA Moto G10 - 64 GB, Grey"
Phones,"APPLE iPhone 12 Pro Max - 128 GB, Graphite"
Phones,"MOTOROLA Moto G30 - 128 GB, Pastel Sky"
Phones,"APPLE iPhone 11 - 256 GB, Green"
