Printers,EPSON Expression Home XP-3155 All-in-One Wireless Inkjet Printer
Printers,HP DeskJet 2721e All-in-One Wireless Inkjet Printer & Instant Ink with HP+
Printers,HP ENVY 6032e All-in-One Wireless Inkjet Printer & Instant Ink with HP+
Printers,EPSON EcoTank ET-2810 All-in-One Wireless Inkjet Printer
Printers,HP ENVY Inspire 7924e All-in-One Wireless Inkjet Printer & Instant Ink with HP+
Printers,EPSON EcoTank ET-2826 All-in-One Wireless Inkjet Printer
Printers,CANON PIXMA TS3355 All-in-One Wireless Inkjet Printer
Printers,EPSON EcoTank ET-2820 All-in-One Wireless Inkjet Printer
Printers,EPSON EcoTank ET-2826 All-in-One Wireless Inkjet Printer
Printers,EPSON EcoTank ET-2850 All-in-One Wireless Inkjet Printer
Printers,HP DeskJet 4120e All-in-One Wireless Inkjet Printer & Instant Ink with HP+
Printers,HP MFP 178nw All-in-One Wireless Laser Colour Printer
Printers,EPSON EcoTank ET-2810 All-in-One Wireless Inkjet Printer
Printers,CANON PIXMA TR-4550 All-in-One Wireless Inkjet Printer with Fax & PG-545 Black Ink Cartridge Bundle
Printers,HP ENVY Inspire 7224e All-in-One Wireless Inkjet Printer & Instant Ink with HP+
Printers,HP DeskJet Plus 4130e All-in-One Wireless Inkjet Printer & Instant Ink with HP+
Printers,HP DeskJet 2710e All-in-One Wireless Inkjet Printer & Instant Ink with HP+
Printers,HP OfficeJet Pro 8024e All-in-One Wireless Inkjet Printer with Fax & Instant Ink with HP+
Printers,BROTHER HLL2350DW Monochrome Wireless Laser Printer
Printers,CANON PIXMA TS8351a All-in-One Wireless Inkjet Printer
Printers,HP LaserJet M110WE Monochrome Wireless Laser Printer & Instant Ink with HP+
Printers,CANON PIXMA TS5350 All-in-One Wireless Inkjet Printer
Printers,HP ENVY Inspire 7924e All-in-One Wireless Inkjet Printer & Instant Ink with HP+
Printers,CANON PIXMA TS8351 All-in-One Wireless Inkjet Printer
Printers,HP OfficeJet Pro 9019e All-in-One Wireless Inkjet Printer with Fax & Instant Ink with HP+
Printers,CANON PIXMA TS6351a All-in-One Wireless Inkjet Printer
Printers,HP ENVY 6420e All-in-One Wireless Inkjet Printer & Instant Ink with HP+
Printers,BROTHER MFCJ6530DW All-in-One Wireless A3 Inkjet Printer with Fax
Printers,BROTHER MFCL3750CDW All-in-One Laser Printer with Fax
Printers,HP DeskJet 4122e All-in-One Wireless Inkjet Printer & Instant Ink with HP+
Printers,EPSON WorkForce WF-2840DWF All-in-One Wireless Inkjet Printer with Fax
Printers,EPSON EcoTank ET-4800 All-in-One Wireless Inkjet Printer with Fax
Printers,CANON PIXMA TR4650 All-in-One Wireless Inkjet Printer with Fax
Printers,CRICUT Explore Air 2 DIY Digital Cutting & Printing Machine
Printers,HP Smart Tank 7305 All-in-One Wireless Inkjet Printer
Printers,INSTAX mini Link Photo Printer - Ash White
Printers,CANON PIXMA G3560 MegaTank All-in-One Wireless Inkjet Printer
Printers,HP ENVY 6432e All-in-One Wireless Inkjet Printer with Fax & Instant Ink with HP+
Printers,EPSON EcoTank ET-3850 All-in-One Wireless Inkjet Printer
Printers,HP Colour Laser 150nw Wireless Laser Printer
Printers,BROTHER MFCL2710DW Monochrome All-in-One Wireless Laser Printer with Fax
Printers,CANON PIXMA TS7451a All-in-One Wireless Inkjet Printer - White
Printers,EPSON WorkForce Pro WF-3820DWF All-in-One Wireless Inkjet Printer with Fax
Printers,HP Smart Tank Plus 555 All-in-One Wireless Inkjet Printer
Printers,CANON PIXMA G4511 MegaTank All-in-One Wireless Inkjet Printer with Fax
Printers,HP LaserJet M140WE Monochrome All-in-One Wireless Laser Printer & Instant Ink with HP+
Printers,BROTHER MFCJ4335DW All-in-One Wireless Inkjet Printer with Fax
Printers,HP OfficeJet 8014e All-in-One Wireless Inkjet Printer & Instant Ink with HP+
Printers,BROTHER DCPL2510D Monochrome All-in-One Laser Printer
Printers,CRICUT Maker DIY Digital Cutting Machine - Champagne
Printers,CANON PIXMA iX6850 Wireless A3 Inkjet Printer
Printers,CANON Maxify MB2155 All-in-One Wireless Inkjet Printer with Fax
Printers,BROTHER HL-1212W All In Box Monochrome Wireless Laser Printer Bundle
Printers,EPSON WorkForce WF-2870DWF All-in-One Wireless Inkjet Printer with Fax
Printers,CANON SELPHY CP1300 Wireless Photo Printer - Black
Printers,BROTHER MFCL3710CW All-in-One Laser Printer with Fax
Printers,EPSON WorkForce WF-110W Wireless Inkjet Printer
Printers,CRICUT Joy DIY Digital Cutting & Printing Machine
Printers,CANON PIXMA G6050 MegaTank All-in-One Wireless Inkjet Printer
Printers,BROTHER HLL3230CDW Wireless Laser Colour Printer
Printers,EPSON EcoTank ET-5150 All-in-One Wireless Inkjet Printer
Printers,EPSON Expression Home XP-3155 All-in-One Wireless Inkjet Printer & £5 ReadyPrint Flex Prepaid Card Bundle
Printers,HP Smart Tank 7005 All-in-One Wireless Inkjet Printer
Printers,POLAROID Hi-Print 2x3 Photo Printer - White
Printers,HP Color LaserJet Pro MFP M283fdw All-in-One Wireless Laser Printer with Fax
Printers,CRICUT Maker 3 DIY Digital Cutting Machine
Printers,BROTHER DCP1612W Monochrome All-in-One Wireless Laser Printer
Printers,CANON PIXMA G1520 MegaTank Inkjet Printer
Printers,BROTHER HL1212W Monochrome Wireless Laser Printer
Printers,CRICUT Explore 3 DIY Digital Cutting & Printing Machine
Printers,CRICUT EasyPress 2 Medium - Raspberry
Printers,BROTHER DCPL3550CDW All-in-One Wireless Laser Colour Printer
Printers,HP Smart Tank 7605 All-in-One Wireless Inkjet Printer
Printers,HP Color LaserJet Pro M255dw Wireless Laser Printer
Printers,HP LaserJet M209dwe Monochrome Wireless Laser Printer & Instant Ink with HP+
Printers,INSTAX mini Link Photo Printer - Dusky Pink
Printers,CRICUT Maker DIY Digital Cutting Machine - Rose
Printers,EPSON Expression Home XP-4155 All-in-One Wireless Inkjet Printer & £5 ReadyPrint Flex Prepaid Card Bundle
Printers,HP LaserJet MFP M234dwe Monochrome All-in-One Wireless Laser Printer & Instant Ink with HP+
Printers,CANON Maxify iB4150 Wireless Inkjet Printer
Printers,POLAROID Lab with Film Twin Pack - White
Printers,BROTHER MFC-L8690CDW All-in-One Wireless Laser Colour Printer with Fax
Printers,CANON PIXMA G650 MegaTank All-in-One Wireless Inkjet Printer
Printers,CRICUT Mug Press
Printers,EPSON EcoTank ET-5800 All-in-One Wireless Inkjet Printer with Fax
Printers,BROTHER DCP-1612W All In Box Monochrome All-in-One Wireless Laser Printer Bundle
Printers,BROTHER HLL2310D Monochrome Laser Printer
Printers,CANON PIXMA TR150 All-in-One Wireless Inkjet Printer with Battery - Black
Printers,INSTAX Wide Link Photo Printer - Ash White
Printers,CRICUT Mug Press & Ceramic Mug Blank Bundle
Printers,INSTAX mini Link Photo Printer - Denim Blue
Printers,EPSON WorkForce Pro WF-4820DWF All-in-One Wireless Inkjet Printer with Fax
Printers,CANON Maxify MB5450 All-in-One Wireless Inkjet Printer with Fax
Printers,BROTHER MFC-J4535DWXL All-in-One Wireless Inkjet Printer with Fax
Printers,INSTAX Wide Link Photo Printer - Mocha Grey
Printers,INSTAX mini Link Photo Printer & Pikachu Case Bundle
Printers,CRICUT EasyPress 2 - Raspberry
Printers,EPSON Expression Photo XP-8700 All-in-One Photo Printer
Printers,CRICUT Maker 3 DIY Digital Cutting Machine & Accessory Bundle
Printers,BROTHER HLL8260CDW Wireless Laser Colour Printer
Printers,EPSON EcoTank ET-M2170 Monochrome All-in-One Wireless Inkjet Printer
Printers,XEROX C230V_DNIUK Wireless Laser Printer
Printers,BROTHER MFCJ4335DWXL All-in-One Wireless Inkjet Printer with Fax
Printers,CRICUT Joy DIY Digital Cutting & Printing Machine & Accessory Bundle
Printers,CANON SELPHY Square QX10 Photo Printer - Black
Printers,CRICUT Maker 3 DIY Digital Cutting Machine & Smart Vinyl Supplies Bundle
Printers,POLAROID Lab Instant Photo Printer - White
Printers,EPSON WorkForce WF-2880DWF All-in-One Wireless Inkjet Printer with Fax
Printers,CRICUT Explore 3 DIY Digital Cutting & Printing Machine & Smart Vinyl Supplies Bundle
Printers,INSTAX mini Link Photo Printer - Special Edition
Printers,CRICUT Explore 3 DIY Digital Cutting & Printing Machine & Accessory Bundle
Printers,INSTAX mini Link Photo Printer Special Edition with Mini Film & Nintendo Switch New Pokémon Snap Bundle
Printers,CANON SELPHY Square QX10 Photo Printer - White
Printers,HP DeskJet 3762 All-in-One Wireless Inkjet Printer with Instant Ink
Printers,EPSON Expression Home XP-4155 All-in-One Wireless Inkjet Printer
Printers,CANON PIXMA TR-4550 All-in-One Wireless Inkjet Printer with Fax
Printers,CANON PIXMA G2520 MegaTank All-in-One Inkjet Printer
Printers,BROTHER MFCJ6930DW All-in-One Wireless A3 Inkjet Printer with Fax
Printers,EPSON Expression Premium XP-970 All-in-One Wireless A3 Inkjet Printer
Printers,HP OfficeJet Pro 7720 All-in-One Wireless A3 Inkjet Printer with Fax
Printers,CANON PIXMA TS5151 All-in-One Wireless Inkjet Printer
Printers,CANON imagePROGRAF PRO-300 Wireless A3 Photo Printer
Printers,HP DeskJet 2722e All-in-One Wireless Inkjet Printer & Instant Ink with HP+
Printers,CANON PIXMA TS3450 All-in-One Wireless Inkjet Printer
Printers,CANON PIXMA G3520 MegaTank All-in-One Wireless Inkjet Printer
Printers,CANON PIXMA TS7451 All-in-One Wireless Inkjet Printer - White
Printers,EPSON Expression Premium XP-7100 All-in-One Wireless A4 Photo Printer
Printers,CANON PIXMA TS5350a All-in-One Wireless Inkjet Printer
Printers,CANON Maxify MB2150 All-in-One Wireless Inkjet Printer with Fax
Printers,CANON SELPHY CP1300 Wireless Photo Printer - White
Printers,EPSON EcoTank ET-8550 All-in-One Wireless A3+ Photo Printer
Printers,EPSON WorkForce WF-7310DTW Wireless A3 Inkjet Printer
Printers,CANON Maxify MB5150 All-in-One Wireless Inkjet Printer with Fax
Printers,EPSON Expression Premium XP-6105 All-in-One Wireless Inkjet Printer
Printers,EPSON WorkForce WF-7830DTWF All-in-One Wireless A3 Inkjet Printer with Fax
Printers,EPSON WorkForce WF-7840DTWF All-in-One Wireless A3+ Inkjet Printer with Fax
Printers,EPSON EcoTank ET-15000 All-in-One Wireless A3+ Inkjet Printer with Fax
Printers,EPSON EcoTank ET-8500 All-in-One Wireless Photo Printer
Printers,DREMEL DigiLab 3D45 3D Printer
Printers,CANON Maxify MB2750 All-in-One Wireless Inkjet Printer with Fax
Printers,EPSON EcoTank ET-16600 All-in-One Wireless A3+ Inkjet Printer with Fax
Printers,EPSON EcoTank ET-16150 Wireless A3+ Inkjet Printer
Printers,CANON PIXMA G7050 All-in-One Wireless Inkjet Printer with Fax
Printers,EPSON WorkForce Pro WF-4830DTWF All-in-One Wireless Inkjet Printer with Fax
Printers,EPSON EcoTank ET-M3170 Monochrome All-in-One Wireless Inkjet Printer with Fax
Printers,XEROX B235 Monochrome All-in-One Wireless Laser Printer with Fax
Printers,EPSON EcoTank ET-14000 A3+ Inkjet Printer
Printers,CANON PIXMA TR150 All-in-One Wireless Inkjet Printer - Black
Printers,DREMEL Idea Builder 3D40-01 3D Printer
Printers,CANON SELPHY Square QX10 Photo Printer - Green
Printers,EPSON EcoTank ET-M16600 Monochrome All-in-One Wireless A3+ Inkjet Printer
Printers,CANON SELPHY Square QX10 Photo Printer - Pink
