"APPLE Watch Series 7 - Midnight Aluminium with Midnight Sports Band, 41 mm"
FITBIT Versa 3 - Soft Gold & Olive
FITBIT Versa 3 - Black
"HUAWEI Watch GT 3 Active - Black, 46 mm"
"SAMSUNG Galaxy Watch4 Classic BT - Stainless Steel, Black, 42 mm"
"HUAWEI Watch GT 3 Elite - Gold, 42 mm"
"APPLE Watch SE - Space Grey Aluminium with Anthracite & Black Nike Sports Band, 40 mm"
FITBIT Versa 3 - Midnight & Soft Gold
FITBIT Versa 3 - Pink Clay & Soft Gold
"HUAWEI Watch GT 2 Pro - Night Black, 46 mm"
"SAMSUNG Galaxy Watch4 Classic BT - Stainless Steel, Black, 46 mm"
"SAMSUNG Galaxy Watch4 Classic 4G - Stainless Steel, Black, 46 mm"
"HUAWEI Watch GT 3 Active - Black, 46 mm"
"APPLE Watch SE Cellular - Space Grey Aluminium with Anthracite & Black Nike Sports Band, 40 mm"
"SAMSUNG Galaxy Watch4 Classic BT - Stainless Steel, Silver, 46 mm"
"SAMSUNG Galaxy Watch4 Classic BT - Stainless Steel, Black, 42 mm"
"GARMIN Forerunner 55 Running Watch - Grey, Universal"
"GARMIN Instinct 2 - Electric Lime, 45 mm"
GARMIN Instinct 2S Solar - Graphite
"HUAWEI Watch 3 Pro Elite - Silver, 48 mm"
"GARMIN Instinct 2S - Graphite, Small"
"APPLE Watch SE - Gold with Starlight Sports Band, 40 mm"
"APPLE Watch Series 3 - Space Grey & Black Sports Band, 38 mm"
"GARMIN fenix 7 Solar - Slate Grey & Black, 47 mm"
"GARMIN Instinct 2 - Graphite, 45 mm"
"GARMIN Instinct 2S Solar - Mist Grey, 40 mm"
"GARMIN fenix 7S Solar - Rose Gold & Light Sand, 42 mm"
FITBIT Versa 2 with Amazon Alexa - Emerald & Copper Rose
FITBIT Versa 2 with Amazon Alexa - Petal & Copper Rose
"APPLE Watch Series 3 - Silver & White Sports Band, 38 mm"
"APPLE Watch Series 7 - Starlight Aluminium with Starlight Sports Band, 41 mm"
"APPLE Watch Series 7 - Midnight Aluminium with Midnight Sports Band, 45 mm"
"APPLE Watch SE - Space Grey with Pure Platinum & Midnight Sports Band, 40 mm"
FITBIT Versa 2 with Amazon Alexa - Black & Aluminium
"APPLE Watch Series 7 - Blue Aluminium with Abyss Blue Sports Band, 41 mm"
"SAMSUNG Galaxy Watch4 BT - Aluminium, Pink Gold, 40 mm"
"APPLE Watch Series 7 - Blue Aluminium with Abyss Blue Sports Band, 45 mm"
"APPLE Watch SE - Space Grey Aluminium with Midnight Sports Band, 44 mm"
FITBIT Versa 2 with Amazon Alexa - Grey & Aluminium
"APPLE Watch Series 7 - Starlight Aluminium with Starlight Sports Band, 45 mm"
"APPLE Watch Series 7 Cellular - Midnight Aluminium with Midnight Sport Band, 45 mm"
"APPLE Watch Series 3 - Space Grey & Black Sports Band, 42 mm"
"HUAWEI Watch GT 2 Sport - 42 mm, Night Black"
"SAMSUNG Galaxy Watch4 BT - Aluminium, Black, 40 mm"
"APPLE Watch SE Cellular - Gold Aluminium with Starlight Sports Band, 40 mm"
FITBIT Sense - Carbon & Graphite
FITBIT Sense - Lunar White & Soft Gold
"APPLE Watch SE - Space Grey Aluminium with Anthracite & Black Nike Sports Band, 44 mm"
"APPLE Watch Series 7 - Green Aluminium with Clover Sports Band, 41 mm"
"SAMSUNG Galaxy Watch4 BT - Aluminium, Black, 44 mm"
"SAMSUNG Galaxy Watch4 BT - Aluminium, Silver, 40 mm"
"APPLE Watch Series 7 - Green Aluminium with Clover Sports Band, 45 mm"
"APPLE Watch SE - Silver with Pure Platinum & Black Nike Sports Band, 40 mm"
"HUAWEI Watch GT 2 - Cyan, 42 mm"
"GARMIN Forerunner 45 Running Watch - Black, Large"
"APPLE Watch Series 7 - Midnight Aluminium with Anthracite & Black Nike Sports Band, 45 mm"
"APPLE Watch Series 7 Cellular - Starlight Aluminium with Starlight Sports Band, 41 mm"
"APPLE Watch SE - Gold Aluminium with Starlight Sports Band, 44 mm"
"MICHAEL KORS Darci Gen 5E MKT5128 Smartwatch - Rose Gold, Mesh Strap"
"GARMIN fenix 6 Pro - Black, 47 mm"
"APPLE Watch Series 7 - (PRODUCT)RED Aluminium with (PRODUCT)RED Sports Band, 41 mm"
"SAMSUNG Galaxy Watch4 4G - Aluminium, Pink Gold, 40 mm"
GARMIN Venu Sq - Slate & Shadow Grey
FITBIT Versa 3 & Black Aria Air Smart Scale Bundle - Soft Gold & Olive
"HUAWEI Watch Fit (2021) - Graphite Black, Large"
"APPLE Watch Series 7 Cellular - Starlight Aluminium with Starlight Sports Band, 45 mm"
FITBIT Sense & Aria Air Smart Scale Bundle - Lunar White & Soft Gold
"APPLE Watch Series 7 Cellular - Blue Aluminium with Abyss Blue Sports Band, 45 mm"
"APPLE Watch SE Cellular - Space Grey Aluminium with Midnight Sports Band, 40 mm"
"GARMIN Forerunner 55 Running Watch - Black, Universal"
"APPLE Watch Series 7 - Midnight Aluminium with Anthracite & Black Nike Sport Band, 41 mm"
FITBIT Sense - Sage Grey
FITBIT Versa 3 & Aria Air Smart Scale Bundle - Pink Clay & Soft Gold
GARMIN Venu Sq Music Edition - Rose Gold & Light Sand
FITBIT Versa 3 & Aria Air Smart Scale Bundle - Midnight & Soft Gold
"HUAWEI Watch GT 2 Sport - 46 mm, Matte Black"
"APPLE Watch SE Cellular - Space Grey Aluminium with Midnight Sports Band, 44 mm"
"APPLE Watch Series 7 - Starlight Aluminium with Pure Platinum & Black Nike Sports Band, 41 mm"
"GARMIN fenix 6S Pro - Rose Gold & White, 42 mm"
"APPLE Watch Series 7 - (PRODUCT)RED Aluminium with (PRODUCT)RED Sports Band, 45 mm"
"GOJI GSMTBK20 Smart Watch - Black, Medium"
"APPLE Watch Series 7 Cellular - Midnight Aluminium with Anthracite & Black Nike Sport Band, 45 mm"
"MICHAEL KORS Darci Gen 5E MKT5128 Smartwatch & Coin Purse Bundle - Rose Gold, Mesh Strap"
"HUAWEI Watch GT 3 Active - Black, 42 mm"
"SAMSUNG Galaxy Watch4 4G - Aluminium, Black, 44 mm"
GARMIN Venu 2S - Rose Gold & White
"HUAWEI Watch Fit (2021) - Sakura Pink, Large"
XPLORA XGO2 Kid's Smartwatch - Black
"APPLE Watch Series 7 - Starlight Aluminium with Pure Platinum & Black Nike Sports Band, 45 mm"
FITBIT Versa 3 & Aria Air Smart Scale Bundle - Midnight & Soft Gold
FITBIT Versa 3 & Aria Air Smart Scale Bundle - Black
"GARMIN Forerunner 45 Running Watch - White, Small"
GARMIN Venu 2 Plus - White Cream & Gold
FITBIT Sense & Aria Air Smart Scale Bundle - Carbon & Graphite
GARMIN Venu Sq Music Edition - Slate & Black
"GARMIN Forerunner 245 Running Watch - Slate, Universal"
"SAMSUNG Galaxy Watch4 BT - Aluminium, Green, 44 mm"
HUAWEI Watch Fit Elegant - Frosty White
"HUAWEI Watch GT 3 Elite - Gold, 42 mm"
"GARMIN fenix 7 - Silver & Graphite, 47 mm"
"APPLE Watch Series 7 Cellular - Midnight Aluminium with Midnight Sport Band, 41 mm"
GARMIN Venu Sq - Purple & Lavender
GARMIN Lily Sport Edition - Rose Gold & Light Sand
"APPLE Watch Series 7 Cellular - Starlight Aluminium with Pure Platinum & Black Nike Sports Band, 45 mm"
"GARMIN vivoactive 4 - Shadow Grey & Silver, Large"
"FOSSIL Neutra Hybrid HR FTW7027 Smartwatch - Black, Stainless Steel Strap"
"APPLE Watch SE Cellular - Silver Aluminium with Abyss Blue Sports Band, 40 mm"
"APPLE Watch Series 7 Cellular - Silver Stainless Steel with Silver Milanese Loop, 41 mm"
"FOSSIL Gen 6 FTW4059 Smart Watch - Smoke Grey, Stainless Steel Strap, Universal"
"APPLE Watch Series 7 Cellular - Gold Stainless Steel with Dark Cherry Sport Band, 41 mm"
"APPLE Watch Series 7 Cellular - Blue Aluminium with Abyss Blue Sport Band, 41 mm"
"HUAWEI Watch GT 3 Classic - Brown, 46 mm"
"HUAWEI Watch Fit (2021) - Distilled Blue, Large"
"GOJI GSMTWRG20 Smart Watch - Rose Gold, Medium"
"GARMIN Instinct 2 Solar - Graphite, 45 mm"
"APPLE Watch Series 7 Cellular - Midnight Aluminium with Anthracite & Black Nike Sports Band, 41 mm"
"APPLE Watch SE Cellular - Silver with Pure Platinum & Black Nike Sports Band, 40 mm"
GARMIN Venu 2 Plus - Black & Slate
"GARMIN Vivoactive 4S - White & Rose Gold, Small"
"GARMIN vivomove Sport - Ivory & Peach Gold, Silicone Strap, Small"
"HUAWEI Watch GT 3 Elite - Titanium, 46 mm"
"GARMIN Vivoactive 4S - Powder Grey & Silver, Small"
"HUAWEI Watch GT 2 Pro - Nebula Gray, 46 mm"
"SAMSUNG Galaxy Watch4 4G - Aluminium, Silver, 40 mm"
"GARMIN vivoactive 4 - Slate Grey & Black, Large"
GARMIN Venu Sq Music Edition - Light Gold & Navy
"APPLE Watch Series 7 Cellular - Green Aluminium with Clover Sports Band, 45 mm"
"SAMSUNG Galaxy Watch4 4G - Aluminium, Silver, 44 mm"
XPLORA X5 Play Kid's Smartwatch - Blue
"SAMSUNG Galaxy Watch4 BT - Aluminium, Silver, 44 mm"
"GARMIN Forerunner 45 Running Watch - Lava Red, Large"
"MICHAEL KORS MKGO Gen 5E MKT5116 Smartwatch - Pink, Silicone Strap"
"GARMIN Instinct Solar - Graphite, 45 mm"
"GARMIN fenix 6S Pro - Black, 42 mm"
"SAMSUNG Galaxy Watch4 Classic 4G - Stainless Steel, Black, 42 mm"
GARMIN Venu Sq - Light Gold & White
"SAMSUNG Galaxy Watch4 Classic BT - Stainless Steel, Silver, 42 mm"
"APPLE Watch Series 7 Cellular - Silver Stainless Steel with Starlight Sport Band, 41 mm"
"APPLE Watch Series 7 Cellular - Graphite Stainless Steel with Abyss Blue Sports Band, 41 mm"
GARMIN Venu 2S - Light Gold & Light Sand
"FOSSIL Garrett HR FTW4040 - Stainless Steel, 46 mm"
GARMIN Venu 2 - Slate & Black
"HUAWEI Watch Fit (2021) - Pomelo Red, Large"
"GARMIN Instinct Solar - Yellow, 45 mm"
"APPLE Watch SE Cellular - Gold Aluminium with Maize & White Sport Loop, 40 mm"
"GARMIN Forerunner 55 Running Watch - Whitestone, Universal"
"APPLE Watch SE Cellular - Space Grey Aluminium with Anthracite & Black Nike Sports Band, 44 mm"
"APPLE Watch Series 7 Cellular - (PRODUCT)RED Aluminium with (PRODUCT)RED Sport Band, 41 mm"
GARMIN Venu 2 - Silver & Granite Blue
"WITHINGS ScanWatch Hybrid Smartwatch - Black, 38 mm"
XPLORA X5 Play Kid's Smartwatch - Pink
"FOSSIL Monroe Hybrid HR FTW7039 Smartwatch - Rose Gold, Stainless Steel Mesh Strap"
FITBIT Sense & Aria Air Smart Scale Bundle - Carbon & Graphite
FITBIT Versa 3 & Aria Air Smart Scale Bundle - Pink Clay & Soft Gold
"APPLE Watch Series 6 Cellular - Space Grey Aluminium with Black Sports Band, 44 mm"
"HUAWEI Watch GT 3 Active & Freebuds 4i Wireless Earbuds Bundle - Black, 46 mm"
"APPLE Watch Series 3 - Silver & White Sports Band, 42 mm"
"WITHINGS ScanWatch Hybrid Smartwatch - Black, 42 mm"
"HUAWEI Watch GT 2 - Gold, 42 mm"
"GARMIN Instinct Solar - Blue, 45 mm"
"SAMSUNG Galaxy Watch4 4G - Aluminium, Black, 40 mm"
"APPLE Watch SE Cellular - Gold Aluminium with Starlight Sports Band, 44 mm"
"HUAWEI Watch GT 3 Classic - White, 42 mm"
"APPLE Watch SE - Silver with Pure Platinum & Black Nike Sports Band, 44 mm"
"APPLE Watch SE - Silver with Pure Platinum & Black Nike Sports Band, 44 mm"
"MICHAEL KORS MKGO Gen 5E MKT5118 Smartwatch - Black & Gold, Silicone Strap"
GARMIN Approach S12 Golf Watch - Black
HAMA Fit Watch 5910 - Black
"XIAOMI S1 Active Smart Watch - Ocean Blue, Universal"
GARMIN Approach S12 Golf Watch - Granite Blue
FITBIT Sense & Aria Air Smart Scale Bundle - Lunar White & Soft Gold
"GARMIN fenix 7S - Silver & Whitestone, 42 mm"
XPLORA XGO2 Kid's Smartwatch - Blue
"GARMIN epix - Stainless Steel & Slate Grey, 33 mm"
"HUAWEI Watch GT 2 Classic - 46 mm, Pebble Brown"
"HUAWEI Watch GT 2 - Gravel, 42 mm"
"HUAWEI Watch Fit (2021) & Smart Scale 3 Bundle - Distilled Blue, Large"
"FOSSIL Monroe Hybrid HR FTW7040 Smartwatch - Silver, Stainless Steel Mesh Strap"
"GARMIN Forerunner 45S Running Watch - Iris, Small"
"WITHINGS ScanWatch Hybrid Smartwatch - White & Black, 38 mm"
"HUAWEI Watch GT 3 Classic & Freebuds 4i Wireless Earbuds Bundle - Brown, 46 mm"
"MICHAEL KORS Darci Gen 5E MKT5129 Smartwatch - Silver & Gold, Mesh Strap"
"SAMSUNG Galaxy Watch4 Classic 4G - Stainless Steel, Silver, 42 mm"
"SAMSUNG Galaxy Watch4 Classic 4G - Stainless Steel, Silver, 46 mm"
"APPLE Watch SE Cellular - Silver Aluminium with Abyss Blue Sports Band, 44 mm"
"GARMIN fenix 7S Solar - Slate Grey & Black, 42 mm"
GARMIN Venu 2 Plus - Powder Grey & Silver
GARMIN Lily Sport Edition - Orchid
"APPLE Watch Series 7 Cellular - (PRODUCT)RED Aluminium with (PRODUCT)RED Sport Band, 45 mm"
"GARMIN Forerunner 55 Running Watch - Aqua Blue, Universal"
"APPLE Watch Series 7 Cellular - Green Aluminium with Clover Sport Band, 41 mm"
HAMA Fit Watch 5910 - Rose
"DIESEL Fadelite DZT2021 Smartwatch - Transparent, Plastic Strap, 43 mm"
"FOSSIL Gen 5E FTW4047 Smartwatch - Black, Silicone Strap"
"HUAWEI Watch Fit Mini - Frosty White, Small"
"APPLE Watch SE Cellular - Silver Aluminium with Abyss Blue & Moss Green Sports Loop, 40 mm"
"FOSSIL Gen 6 FTW6077 Smart Watch - Rose Gold, Stainless Steel Strap, Universal"
"XIAOMI S1 Smart Watch - Silver, Universal"
FITBIT Versa 3 & Aria Air Smart Scale Bundle - Black
"HUAWEI Watch 3 Elite - Silver, 46 mm"
"MICHAEL KORS Gen 6 Bradshaw MKT5135 Smart Watch - Rose Gold, Stainless Steel Strap, 44 mm"
"DIESEL AXIAL DZT2015 Smartwatch - Gunmetal, Blue Strap"
HAMA Fit Watch 6900 - Black
"APPLE Watch SE Cellular - Silver with Pure Platinum & Black Nike Sports Band, 40 mm"
"HUAWEI Watch GT Runner - 46 mm, Black"
GARMIN fenix 6S Solar - Black & Silver
XPLORA XGO2 Kid's Smartwatch - Pink
GARMIN Approach S12 Golf Watch - White
"WITHINGS Steel HR Smartwatch - White & Black, Silicone Strap"
SPACETALK Kids Smartwatch - Teal
"FOSSIL Collider Hybrid HR FTW7010 Smartwatch - Black, Silicone Strap"
"APPLE Watch SE Cellular - Gold Aluminium with Maize & White Sports Loop, 44 mm"
MICHAEL KORS Access Lexington 2 MKT5077 Smartwatch - Silver
"FOSSIL Gen 6 FTW4062 Smart Watch - Brown, Leather Strap, Universal"
"HUAWEI Watch Fit (2021) & Smart Scale 3 Bundle - Sakura Pink, Large"
"FOSSIL Gen 6 FTW6078 Smart Watch - Gunmetal Grey, Stainless Steel Strap, Universal"
FITBIT Versa 3 & White Aria Air Smart Scale Bundle - Soft Gold & Olive
"APPLE Watch SE - Silver Aluminium with Abyss Blue Sports Band, 44 mm"
"XIAOMI S1 Active Smart Watch - Moon White, Universal"
"MICHAEL KORS Gen 6 Bradshaw MKT5134 Smart Watch - Silver & Gold, Stainless Steel Strap, 44 mm"
"HUAWEI Watch GT 3 Elite & Freebuds 4i Wireless Earbuds Bundle - Titanium, 46 mm"
SPACETALK Adventurer ST2-CL-1 Kid's Smart Watch - Cloud
"FOSSIL Monroe Hybrid HR FTW7035 Smartwatch - Rose Gold, Black Leather Strap"
"HUAWEI Watch GT 3 Active & Freebuds 4i Wireless Earbuds Bundle - Black, 42 mm"
MOBVOI TicWatch C2+ - Silver
"SKAGEN Falster 3 X by Kygo SKT5207 Smartwatch - Black, Silicone Strap, 42 mm"
"APPLE Watch Series 6 Cellular - PRODUCT(RED) Aluminium with PRODUCT(RED) Sports Band, 40 mm"
GARMIN Instinct Esports Edition Smart Watch - Black Lava
HAMA Fit Watch 4900 - Blue
"EMPORIO ARMANI ART5025 Smartwatch - Red, Universal"
"HUAWEI Watch GT 3 Elite & Smart Scale 3 Bundle - Gold, 42 mm"
"GARMIN fenix 7S - Silver & Graphite, 42 mm"
"APPLE Watch Series 6 Cellular - PRODUCT(RED) Aluminium with PRODUCT(RED) Sports Band, 44 mm"
"MICHAEL KORS Darci Gen 5E MKT5127 Smartwatch - Gold, Mesh Strap"
"MICHAEL KORS Darci Gen 5E MKT5126 Smartwatch - Silver, Mesh Strap"
"HUAWEI Watch 3 Active - Black, 46 mm"
"APPLE Watch Series 6 Cellular - Blue Aluminium with Deep Navy Sports Band, 44 mm"
"GARMIN vivomove Sport - Black, Silicone Strap, Small"
"XIAOMI S1 Smart Watch - Black, Universal"
"GARMIN fenix 6X Pro - Black, 51 mm"
HUAWEI Watch Fit Elegant - Midnight Black
"MOBVOI TicWatch Pro 3 Ultra GPS - Shadow Black, Fluororubber Strap"
GARMIN Venu 2S - Mist Grey & Silver
"GARMIN Instinct Solar - Red, 45 mm"
"APPLE Watch SE Cellular - Silver Aluminium with Deep Navy Sports Loop, 44 mm"
SPACETALK Kids Smartwatch - Pink
"MICHAEL KORS MKGO Gen 5E MKT5117 Smartwatch - Grey & Rose Gold, Silicone Strap"
"SAMSUNG Galaxy Watch4 4G - Aluminium, Green, 44 mm"
GARMIN Lily Sport Edition - Cream Gold & White
GARMIN Venu 2S - Slate & Graphite
"GARMIN vivomove Sport - Cool Mint, Silicone Strap, Small"
"MOBVOI TicWatch GTH - Black, Silicone Strap"
"GARMIN Instinct 2 Solar - Mist Grey, 45 mm"
GARMIN fenix 6 Solar - Black & Silver
"APPLE Watch SE Cellular - Space Grey Aluminium with Tornado & Grey Sports Loop, 44 mm"
"GARMIN Instinct Solar - Orchid, 45 mm"
"GARMIN vivoactive 4S - Slate Grey & Black, Small"
"MOBVOI TicWatch Pro 3 GPS - Shadow Black, Silicone Strap"
"XIAOMI S1 Active Smart Watch - Space Black, Universal"
"APPLE Watch SE Cellular - Silver with Pure Platinum & Black Nike Sports Band, 44 mm"
"WITHINGS Steel HR Sport Smartwatch - Black & Grey, Silicone Strap"
HUAWEI Watch Fit - Cantaloupe Orange
"GARMIN Instinct 2 Solar - Tidal Blue, 45 mm"
"EMPORIO ARMANI ART5023 Smartwatch - Green, Universal"
"HUAWEI Watch 3 Classic - Silver & Brown, 46 mm"
SPACETALK Adventurer ST2-MN-1 Kids Smart Watch - Midnight
"HUAWEI Watch Fit (2021) & Smart Scale 3 Bundle - Graphite Black, Large"
XPLORA XGO2 Kid's Smartwatch - Green
"FOSSIL Gen 5E FTW4049 Smartwatch - Grey, Stainless Steel Strap"
GOLFBUDDY aim W11 Golf Watch - Black
"APPLE Watch SE Cellular - Space Grey Aluminium with Tornado & Grey Sports Loop, 40 mm"
"HUAWEI Watch 3 Pro Classic - Silver & Brown, 48 mm"
"FOSSIL Gen 5E FTW4055 Smartwatch - Brown, Leather Strap"
"APPLE Watch SE Cellular - Silver Aluminium with Abyss Blue & Moss Green Sports Loop, 44 mm"
"HUAWEI Watch Fit Mini - Mocha Brown, Small"
"APPLE Watch Series 7 Cellular - Starlight Aluminium with Pure Platinum & Black Nike Sports Band, 41 mm"
"WITHINGS ScanWatch Hybrid Smartwatch - White & Black, 42 mm"
SPACETALK Adventurer ST2-OC-1 Kid's Smart Watch - Ocean
"SKAGEN Falster 3 SKT5204 Smartwatch - Rose Gold, Mesh Strap, 42 mm"
"POLAR Unite Fitness Watch - Black, Small/Large"
"MICHAEL KORS Gen 6 Bradshaw MKT5133 Smart Watch - Rose Gold, Stainless Steel Strap, 44 mm"
"FOSSIL Gen 6 FTW4061 Smart Watch - Black, Silicone Strap, Universal"
HUAWEI Watch Fit & Smart Scale 3 Bundle - Frosty White
"GARMIN Instinct 2S - Poppy, Small"
"FOSSIL Carlyle HR FTW4026 Smartwatch - Brown, Leather Strap"
"FOSSIL Garrett HR FTW4041 Smartwatch - Black, Silicone, 46 mm"
"HUAWEI Watch Fit Mini - Taro Purple, Small"
"MOBVOI TicWatch Pro 3 Cellular/LTE - Shadow Black, Silicone Strap"
"WITHINGS Steel HR Smartwatch - Black, Silicone Strap, 36 mm"
MOBVOI TicWatch C2+ - Onyx
"MICHAEL KORS Gen 6 Bradshaw MKT5136 Smart Watch - Gold, Stainless Steel Strap, 44 mm"
"WITHINGS Steel HR Smartwatch - Black, Silicone Strap, 40 mm"
HUAWEI Watch Fit & Smart Scale 3 Bundle - Midnight Black & White
"DIESEL Fadelite DZT2018 Smartwatch - Black, Plastic Strap, 43 mm"
"HUAWEI Watch GT Runner - 46 mm, Grey"
"DIESEL Fadelite DZT2020 Smartwatch - Blue, Plastic Strap, 43 mm"
SPACETALK Adventurer ST2-CR-1 Kid's Smart Watch - Coral
"WITHINGS Steel HR Sport Smartwatch - White, Grey & Black, Silicone Strap"
"HUAWEI Watch GT 3 Active & Smart Scale 3 Bundle - Black, 46 mm"
"FOSSIL Gen 6 FTW6080 Smart Watch - Purple, Silicone Strap, Universal"
BELLABEAT Time Smart Watch - Silver
"FOSSIL Gen 5E FTW6068 Smartwatch - Rose Gold, Mesh Strap"
"HUAWEI Watch GT 3 Pro Titanium - Grey, 46 mm"
"HUAWEI Watch GT 3 Classic & Smart Scale 3 Bundle - White, 42 mm"
HUAWEI Watch 3 Elite & FreeBuds 3 Earphones - Silver & White
"HUAWEI Watch GT 3 Pro Titanium - Silver, 46 mm"
"HUAWEI Watch GT 3 Classic & Freebuds 4i Wireless Earbuds Bundle - White, 42 mm"
"SKAGEN Falster 3 SKT5200 Smartwatch - Gunmetal, Mesh Strap, 42 mm"
MOBVOI TicWatch E2 - Black
"HUAWEI Watch GT 3 Elite & Smart Scale 3 Bundle - Titanium, 46 mm"
"HUAWEI Watch GT 3 Active & Smart Scale 3 Bundle - Black, 42 mm"
"HUAWEI Watch GT 3 Elite & Freebuds 4i Wireless Earbuds Bundle - Gold, 42 mm"
HUAWEI Watch GT 2 Pro & Band 6 Bundle - Nebula Gray & Graphite Black
"SKAGEN Falster 3 SKT5203 Smartwatch - Blue, Silicone Strap, 42 mm"
HUAWEI Watch 3 Pro Elite & FreeBuds 3 Earphones Bundle - Silver & White
"FOSSIL Collider Hybrid HR FTW7009 Smartwatch - Smoke, Stainless Steel Strap"
"DIESEL Fadelite DZT2019 Smartwatch - Red, Plastic Strap, 43 mm"
HUAWEI Watch 3 Active & FreeBuds 3 Earphones Bundle - Black & White
"HUAWEI Watch GT 3 Pro Titanium - Black, 46 mm"
HUAWEI Watch GT 2 Pro & Band 6 Bundle - Night Black & Graphite Black
"HUAWEI Watch GT 3 Classic & Smart Scale 3 Bundle - Brown, 46 mm"
HUAWEI Watch 3 Classic & FreeBuds 3 Earphones Bundle - Brown & White
FITBIT Versa 3 & Google Nest Hub (2nd Gen) Smart Display Bundle - Black & Chalk
"SKAGEN Falster 3 SKT5202 Smartwatch - Black, Silicone Strap, 42 mm"
HUAWEI Watch GT 2 Pro 46 mm & Band 6 Bundle - Nebula Gray & Amber Sunrise
FITBIT Versa 3 & Google Nest Hub (2nd Gen) Smart Display Bundle - Pink Clay & Chalk
"HUAWEI Watch GT 3 Elite & Freebuds Lipstick Wireless Earbuds Bundle - Gold, 42 mm"
HUAWEI Watch GT 2 Pro 46 mm & Band 6 Bundle - Night Black & Amber Sunrise
FITBIT Versa 3 & Google Nest Hub (2nd Gen) Smart Display Bundle - Olive & Charcoal
SPACETALK Adventurer ST2-ST-1 Kid's Smart Watch - Mist
"SKAGEN Falster 3 SKT5205 Smartwatch - Rose Gold & Pink, Silicone Strap, 42 mm"
"HUAWEI Watch 3 Pro Classic & FreeBuds 3 Earphones Bundle - Silver, Brown & White"
"SKAGEN Falster 3 SKT5201 Smartwatch - Brown, Leather Strap, 42 mm"
"HUAWEI Watch GT 3 Pro Ceramic - Silver & White, 43 mm"
"APPLE Watch SE - Silver with Abyss Blue Sports Band, 40 mm"
"APPLE Watch Series 7 Cellular - Graphite Stainless Steel with Graphite Milanese Loop, 45 mm"
"GARMIN fenix 7X Solar - Black, 51 mm"
GARMIN Instinct Smartwatch - Silver
"WITHINGS Steel HR Smartwatch - White, Rose Gold & Grey, Silicone Strap"
GARMIN Instinct Smartwatch - Seafoam
"APPLE Watch Series 7 Cellular - Graphite Stainless Steel with Graphite Milanese Loop, 41 mm"
"HUAWEI Watch GT 2 Elite - 46 mm, Titanium Grey"
"APPLE Watch Series 7 Cellular - Graphite Stainless Steel with Abyss Blue Sport Band, 41 mm"
XIAOMI Mi Lite Smartwatch - Navy Blue
XLYNE X-WATCH Siona XW Fit â€“ Rose
"APPLE Watch Series 7 Cellular - Gold Stainless Steel with Dark Cherry Sport Band, 45 mm"
"APPLE Watch Series 7 Cellular - Silver Stainless Steel with Silver Milanese Loop, 45 mm"
"XIAOMI Mi Smartwatch - Black, Universal"
"APPLE Watch Series 7 Cellular - Graphite Stainless Steel with Abyss Blue Sport Band, 45 mm"
"WITHINGS ScanWatch Hybrid Smartwatch - Rose Gold & White, 38 mm"
"POLAR Grit X Outdoor Multisport Watch - Black, Medium/Large"
"POLAR Ignite 2 Fitness Watch - Black, Universal"
"HONOR MagicWatch 2 Smart Watch - 46 mm, Charcoal Black"
"XIAOMI Mi Smartwatch - Navy Blue, Universal"
"POLAR Vantage M2 Multisport Watch - Champagne Gold, Universal"
"XIAOMI Mi Smartwatch - Beige, Universal"
"POLAR Vantage M2 Multisport Watch - Black, Universal"
SONY Wena Wrist Pro WNW-B11B Smartwatch Band - Black
"FOSSIL Gen 5E FTW6066 Smartwatch - Blush Pink & Rose Gold, Silicone Strap"
"FOSSIL Collider Hybrid HR FTW7008 - Brown, Leather Strap"
"PIN IT Intigo P1 Kids Smartwatch - Black, Rubber Strap"
"SONY Wena Chronograph Solar WNW-HCS01B Watch Head - Black, 40 mm"
"POLAR Vantage M Multisport Watch - Black, Medium"
MOBVOI TicWatch Pro 4G/LTE - Black
"PIN IT Intigo P1 Kids Smartwatch - Dark Blue, Rubber Strap"
"PINIT Intigo P1 Kids Smartwatch - Desert Camouflage, Rubber Strap"
BELLABEAT Time Smart Watch - Rose Gold
XPLORA X5 Play Kid's Smartwatch - Black
"POLAR Ignite Smartwatch - Pink, Small"
CPR GUARDIAN II Smart Watch - Black
MOBVOI TicWatch Pro 2020 - Black
"HUAWEI Watch GT 3 Pro Ceramic - Gold & White, 43 mm"
"POLAR Unite Fitness Watch - Red, Small/Large"
CPR GUARDN II Smart Watch - Grey
"POLAR Ignite Smartwatch - Black, Small"
"PIN IT Intigo P1 Kids Smartwatch - Jungle Camouflage, Rubber Strap"
"POLAR Unite Fitness Watch - Teal, Small/Large"
