Speakers,SONY SRS-XB43 Portable Bluetooth Speaker - Black
Speakers,JBL Charge 5 Portable Bluetooth Speaker - Black
Speakers,ULTIMATE EARS BOOM 3 Portable Bluetooth Speaker - Black
Speakers,JBL Xtreme 2 Portable Bluetooth Speaker - Gun Metal Grey
Speakers,BOSE SoundLink Flex Portable Bluetooth Speaker - Blue
Speakers,JBL Charge 5 Portable Bluetooth Speaker - Black
Speakers,SONY SRS-XB43 Portable Bluetooth Speaker - Blue
Speakers,JBL Xtreme 2 Portable Bluetooth Speaker - Gun Metal Grey
Speakers,JBL Flip Essential Portable Bluetooth Speaker - Gun Metal
Speakers,JVC MX-D519PB Portable Bluetooth Speaker - Black
Speakers,JVC MX-D719PB Portable Bluetooth Speaker - Black
Speakers,JVC MX-D528B Bluetooth Megasound Party Speaker - Black
Speakers,SONY SRS-XB13 Portable Bluetooth Speaker - Black
Speakers,LG XBOOM LK72B Bluetooth Traditional Hi-Fi System - Black
Speakers,JBL Xtreme 3 Portable Bluetooth Speaker - Blue
Speakers,JBL GO3 Portable Bluetooth Speaker - Black
Speakers,JBL Flip 6 Portable Bluetooth Speaker - Blue
Speakers,BOSE SoundLink Flex Portable Bluetooth Speaker - Black
Speakers,LG PN5 XBOOM Go Portable Bluetooth Speaker - Black
Speakers,SONOS One SL Wireless Multi-room Speaker - Black
Speakers,SONY MHC-V02 Bluetooth Megasound Party Speaker - Black
Speakers,ULTIMATE EARS HYPERBOOM Bluetooth Portable Speaker - Black
Speakers,DENON DM-41DAB Wireless Traditional Hi-Fi System - Black
Speakers,PIONEER DDJ-400 2-channel DJ Controller - Black
Speakers,SONOS One Wireless Multi-room Speaker with Amazon Alexa & Google Assistant - Black (Gen 2)
Speakers,JVC RD-D80 Bluetooth All-in-One Hi-Fi System - Black
Speakers,BOSE SoundLink Revolve II Portable Bluetooth Speaker - Triple Black
Speakers,SONOS Roam SL Portable Wireless Multi-room Speaker - Shadow Black
Speakers,LG ON5 XBOOM Bluetooth Megasound Party Hi-Fi System - Black
Speakers,SONOS One SL Wireless Multi-room Speaker - White
Speakers,SONY SRS-XP500 Portable Bluetooth Speaker - Black
Speakers,LG CM4360 XBOOM Bluetooth Megasound Party Hi-Fi System - Black
Speakers,JVC XS-D629BM 2.0 Bluetooth Bookshelf Speakers - Walnut
Speakers,MARSHALL Acton II Bluetooth Speaker - Black
Speakers,PANASONIC SC-AKX320E-K Bluetooth Megasound Party Hi-Fi System - Black
Speakers,BOSE Home Speaker 500 with Amazon Alexa & Google Assistant - Black
Speakers,PIONEER DJ DDJ-200 Smart DJ Controller - Black
Speakers,BOSE SoundLink Flex Portable Bluetooth Speaker - White
Speakers,JBL Clip 4 Portable Bluetooth Speaker - Black
Speakers,PANASONIC SC-HC200EB-K Bluetooth Flat Panel Hi-Fi System - Black
Speakers,DENON DM-41DAB Wireless Traditional Hi-Fi System - Premium Silver
Speakers,BOSE SoundLink Flex Portable Bluetooth Speaker - Blue
Speakers,JVC SP-AD105-B SPX1 Portable Bluetooth Speaker - Black
Speakers,SONOS Roam Portable Wireless Multi-room Speaker with Google Assistant & Amazon Alexa - Shadow Black
Speakers,LG UltraGear GP9 2.0 Bluetooth Gaming Speaker - Black
Speakers,DENON DT-1 Bluetooth Traditional Hi-Fi System - Black
Speakers,SONY SRS-XB23 Portable Bluetooth Speaker - Black
Speakers,PANASONIC SC-PM252EB-K Bluetooth Micro Hi-Fi System - Black
Speakers,PANASONIC SC-UX100E-K Bluetooth Megasound Party Hi-Fi System - Black
Speakers,LG XBOOM 360 RP4 Portable Bluetooth Speaker - Burgundy
Speakers,JVC SPX2 Portable Bluetooth Speaker - Black
Speakers,JVC UX-D327B Wireless Traditional Hi-Fi System - Black
Speakers,SONY SRS-XB13 Portable Bluetooth Speaker - Blue
Speakers,LG CL88 XBOOM Bluetooth Megasound Party Hi-Fi System - Black
Speakers,SONY SRS-XB33 Portable Bluetooth Speaker - Black
Speakers,LG ON9 XBOOM Bluetooth Megasound Party Hi-Fi System - Black
Speakers,JBL Partybox 100 Portable Bluetooth Speaker - Black
Speakers,JBL Xtreme 3 Portable Bluetooth Speaker - Black
Speakers,PANASONIC SC-HC302 Bluetooth Flat Panel Hi-Fi System - Black
Speakers,SONOS Roam Portable Wireless Multi-room Speaker with Google Assistant & Amazon Alexa - Lunar White
Speakers,BOSE SoundLink Revolve+ II Portable Bluetooth Wireless Speaker - Triple Black
Speakers,JVC UX-D221B Wireless Micro Hi-Fi System - Black
Speakers,LG CJ45 Bluetooth Megasound Party Hi-Fi System - Black
Speakers,ULTIMATE EARS MEGABOOM 3 Portable Bluetooth Speaker - Black
Speakers,SONY SRS-XP700 Portable Bluetooth Speaker - Black
Speakers,BOSE Home Speaker 500 with Amazon Alexa & Google Assistant - Silver
Speakers,JVC UX-D529B Bluetooth Flat Panel Hi-Fi System - Black
Speakers,SONY SRS-XB13 Portable Bluetooth Speaker - Coral Pink
Speakers,SONOS Move Portable Wireless Multi-room Speaker with Google Assistant & Amazon Alexa - Black
Speakers,JVC RD-D100 Bluetooth All-in-One Hi-Fi System - Black
Speakers,SONY SRS-XB13 Portable Bluetooth Speaker - Taupe
Speakers,SONOS Roam SL Portable Wireless Multi-room Speaker - Lunar White
Speakers,JBL Boombox 2 Portable Bluetooth Speaker - Black
Speakers,PANASONIC SC-PMX92EB-K Bluetooth Traditional Hi-Fi System - Black
Speakers,PIONEER DJ DM-40BT 2.0 Bluetooth DJ Monitor Speakers - Black
Speakers,SONY MHC-V13 Bluetooth Megasound Party Speaker - Black
Speakers,JVC UX-D750 Wireless Traditional Hi-Fi System - Black
Speakers,JBL GO3 Portable Bluetooth Speaker - Blue
Speakers,SONY SRS-XB13 Portable Bluetooth Speaker - Powder Blue
Speakers,PANASONIC SC-AKX710E-K Bluetooth Megasound Party Hi-Fi System - Black
Speakers,BOSE Soundlink Micro Portable Bluetooth Speaker - Black
Speakers,ULTIMATE EARS BOOM 3 Portable Bluetooth Speaker - Blue
Speakers,MARSHALL Emberton Portable Bluetooth Speaker - Black
Speakers,SONY SRS-XG500 Portable Bluetooth Speaker - Black
Speakers,PIONEER DJ DDJ-FLX6 4-Channel DJ Controller
Speakers,SONY MHC-V73D Bluetooth Megasound Party Speaker - Black
Speakers,BOSE SoundLink Revolve II Portable Bluetooth Speaker - Luxe Silver
Speakers,JBL GO3 Portable Bluetooth Speaker - Blue & Pink
Speakers,PANASONIC SC-HC412EB-K Bluetooth Flat Panel Hi-Fi System - Black
Speakers,JBL Partybox 310 Bluetooth Megasound Party Speaker - Black
Speakers,DENON DT-1 Bluetooth Traditional Hi-Fi System - Grey
Speakers,SONOS One Wireless Multi-room Speaker with Amazon Alexa & Google Assistant - White (Gen 2)
Speakers,JVC UX-D321B Wireless Micro Hi-Fi System - Gun Metal
Speakers,LG PN7 XBOOM Go Portable Bluetooth Speaker - Black
Speakers,JBL Charge 5 Portable Bluetooth Speaker - Blue
Speakers,SONOS Five Wireless Multi-room Speaker - White
Speakers,JBL Xtreme 3 Portable Bluetooth Speaker - Squad Camo
Speakers,TIBO TI435AMP 2.0 Stereo Amplifier - Black
Speakers,SONOS Five Wireless Multi-room Speaker - Black
Speakers,JBL GO3 Portable Bluetooth Speaker - Red
Speakers,ULTIMATE EARS WONDERBOOM Portable Bluetooth Wireless Speaker - Phantom
Speakers,MARSHALL Stanmore II Bluetooth Speaker - Black
Speakers,JVC MX-D421B Bluetooth Megasound Party Hi-Fi System - Black
Speakers,PHILIPS TAW6205/10 Wireless Multi-room Speaker - Silver
Speakers,SONY SRS-XB23 Portable Bluetooth Speaker - Blue
Speakers,PANASONIC SC-PM602EB-K Wireless Traditional Hi-Fi System - Black
Speakers,BOSE SoundLink Revolve Charging Cradle
Speakers,SONY SRS-XB23 Portable Bluetooth Speaker - Green
Speakers,SONY SRS-XB13 Portable Bluetooth Speaker - Lemon Yellow
Speakers,SAMSUNG MX-T70/XU Bluetooth Megasound Party Speaker - Black
Speakers,SONY SRS-XB33 Portable Bluetooth Speaker - Blue
Speakers,SAMSUNG MX-T50/XU Bluetooth Megasound Party Speaker - Black
Speakers,ULTIMATE EARS MEGABOOM 3 Portable Bluetooth Speaker - Blue
Speakers,DENON DCD-50 CD Player - Black & Silver
Speakers,JBL BassPro Go Car Subwoofer & Bluetooth Portable Speaker - Black
Speakers,ULTIMATE EARS WONDERBOOM 2 Portable Bluetooth Speaker - Black
Speakers,BOSE Portable Wireless Multi-room Home Speaker with Google Assistant & Amazon Alexa - Black
Speakers,SOUNDCORE Flare 2 Portable Bluetooth Speaker - Black
Speakers,JBL Stage 1200B Car Subwoofer - Black
Speakers,ULTIMATE EARS WONDERBOOM 2 Portable Bluetooth Speaker - Grey
Speakers,JBL PartyBox 1000 Bluetooth Megasound Party Speaker - Black
Speakers,LG PL2 XBOOM Go Portable Bluetooth Speaker - Black
Speakers,PANASONIC SC-TMAX10E-K Bluetooth Megasound Party Speaker - Black
Speakers,DENON CEOL N10 Wireless Smart Sound Hi-Fi System - Grey
Speakers,ULTIMATE EARS WONDERBOOM 2 Portable Bluetooth Speaker - Blue
Speakers,PIONEER DJ DM-40 2.0 Active Monitor Speakers - Black
Speakers,HAMA Drum 2.0 Portable Bluetooth Speaker - Dark Blue
Speakers,ULTIMATE EARS BOOM 3 Portable Bluetooth Speaker - Red
Speakers,JBL Charge 5 Portable Bluetooth Speaker - Camo
Speakers,HUAWEI Sound Joy Portable Bluetooth Speaker - Black
Speakers,PANASONIC SC-PMX802E-S Wireless Multi-room Traditional Hi-Fi System - Silver
Speakers,JBL GO3 Portable Bluetooth Speaker - White
Speakers,SONY SRS-XB23 Portable Bluetooth Speaker - Taupe
Speakers,JBL Charge 5 Portable Bluetooth Speaker - Pink
Speakers,MARSHALL Emberton Portable Bluetooth Speaker - Black & Brass
Speakers,AUDIO PRO Addon C5-A Wireless Speaker with Amazon Alexa - Black
Speakers,BOSE SoundLink Revolve+ II Portable Bluetooth Speaker - Luxe Silver
Speakers,ULTIMATE EARS MEGABOOM 3 Portable Bluetooth Speaker - Red
Speakers,PANASONIC SC-AKX520E-K Bluetooth Megasound Party Hi-Fi System - Black
Speakers,MARSHALL Stockwell II Portable Bluetooth Speaker - Black & Brass
Speakers,JBL PartyBox 710 Bluetooth Megasound Party Speaker - Black
Speakers,MARSHALL Woburn II Bluetooth Speaker - Black
Speakers,SONY SRS-XB33 Portable Bluetooth Speaker - Taupe
Speakers,SONOS Move Portable Wireless Multi-room Speaker with Google Assistant & Amazon Alexa - White
Speakers,MARSHALL Tufton Portable Bluetooth Speaker - Black
Speakers,DENON Home 150 Wireless Multi-room Speaker with Amazon Alexa - Black
Speakers,DAEWOO AVS1464GE Bluetooth Party Speaker - Black
Speakers,JBL Stage2 604C Car Speakers - Black
Speakers,GROOV-E Wave I GVSP362BK Portable Bluetooth Speaker - Black
Speakers,JBL Charge 5 Portable Bluetooth Speaker - Green
Speakers,PHILIPS TAW6505/10 Wireless Multi-room Speaker - Silver
Speakers,JBL Charge 5 Portable Bluetooth Speaker - Red
Speakers,MARSHALL Stockwell II Portable Bluetooth Speaker - Black
Speakers,VOGELS Sound 4201 Tilt & Swivel Speaker Bracket - White
Speakers,ULTIMATE EARS Wonderboom Portable Bluetooth Wireless Speaker - Subzero
Speakers,SONY CMTX3CDB Wireless Flat Panel Hi-Fi System - Black
Speakers,SOUNDCORE Select 2 Portable Bluetooth Speaker - Black
Speakers,SAMSUNG MX-T40/XU Bluetooth Megasound Party Speaker - Black
Speakers,JAM Double Chill HX-P404BK Portable Bluetooth Speaker - Black
Speakers,ULTIMATE EARS WONDERBOOM 2 Portable Bluetooth Speaker - Red
Speakers,MAJORITY D40 Bluetooth Bookshelf Speakers - Black
Speakers,LEXIBOOK Disney Frozen II BTP180FZZ Bluetooth Karaoke System
Speakers,ITEK I60018CD Bluetooth Jukebox - Brown
Speakers,AUDIO PRO Addon C3 Portable Wireless Smart Sound Speaker - Black
Speakers,HAMA Pocket 2.0 Portable Bluetooth Speaker - White
Speakers,NUMARK Mixtrack Pro FX DJ Controller - Black
Speakers,SONY MHC-V83D Bluetooth Megasound Party Speaker - Black
Speakers,LG PL7 XBOOM Go Portable Bluetooth Speaker - Black
Speakers,GROOV-E Wave II GVSP462BK Portable Bluetooth Speaker - Black
Speakers,TIBO TI435CDP CD Player - Black
Speakers,ITEK I60017GB Bluetooth Jukebox - Gloss Black
Speakers,DAEWOO AVS1354 Portable Bluetooth Speaker - Black
Speakers,AKG Podcaster Essentials
Speakers,AUDIO PRO A10 Wireless Bluetooth Multi-room Speaker - Dark Grey
Speakers,ITEK I60017GW Bluetooth Jukebox - Gloss White
Speakers,SONY MHC-V43D Bluetooth Megasound Party Speaker - Black
Speakers,KITSOUND Hive2o Portable Bluetooth Speaker - Grey
Speakers,AUDIO PRO Addon C5-A Wireless Speaker with Amazon Alexa - Grey
Speakers,BOSE Soundlink Micro Portable Bluetooth Speaker - White Smoke
Speakers,YAMAHA NS-F51 Floorstanding Speakers - Black
Speakers,JAM Hang Up HX-P101GY Portable Bluetooth Speaker - Grey
Speakers,DENON Home 350 Wireless Multi-room Speaker - Black
Speakers,SHARP PS-929 Portable Bluetooth Speaker - Black
Speakers,AKAI A61039DAB Bluetooth Micro Hi-Fi System - Black
Speakers,MARSHALL Kilburn II Portable Bluetooth Speaker - Black
Speakers,TIBO TI435 DAB+/FM Tuner - Black
Speakers,AUDIO PRO Addon C3 Portable Wireless Smart Sound Speaker - Grey
Speakers,BOSE Portable Home Speaker Charging Cradle - Black
Speakers,DENON DCD-800NE CD Player - Black
Speakers,SONY SRS-XB23 Portable Bluetooth Speaker - Coral Red
Speakers,TIBO Smart Streamer Wireless Pre-Amplifier - Black
Speakers,DENON PMA-60 2.1 Bluetooth Stereo Amplifier - Black & Silver
Speakers,MARSHALL Uxbridge Voice Wireless Multi-room Speaker with Amazon Alexa - Black
Speakers,YAMAHA R-N402D Network Stereo Receiver - Black
Speakers,BANG & OLUFSEN Beoplay M3 Wireless Multi-Room Speaker - Black
Speakers,DAEWOO AVS1338 Portable Bluetooth Speaker - Black
Speakers,I-BOX Shuffle Bluetooth Mini Hi-Fi System with Qi Charger - Black
Speakers,DAEWOO AVS1302 Bluetooth Karaoke System - Black
Speakers,M-AUDIO BX4 Powered Studio Monitors - Black
Speakers,PHILIPS TAM3505/12 Bluetooth Micro Hi-Fi System - Black
Speakers,SANUS WSSBM1-B2 Fixed Sonos Beam Sound Bar Bracket - Dark Grey
Speakers,AUDIO PRO BT5 Bluetooth Speaker - Walnut
Speakers,GROOV-E GV-PS923-BK Portable Bluetooth Karaoke Boombox - Black
Speakers,LG ON7 XBOOM Bluetooth Megasound Party Hi-Fi System - Black
Speakers,JBL Pulse 4 Portable Bluetooth Speaker - White
Speakers,JAM HX-P400-BK-EU 2.0 Bluetooth Bookshelf Speakers - Black
Speakers,BOSE Portable Wireless Multi-room Home Speaker with Google Assistant & Amazon Alexa - Silver
Speakers,PHILIPS TAM4205/12 Bluetooth Micro Hi-Fi System - Silver
Speakers,TIBO PA150 2.1 Stereo Amplifier - Black
Speakers,URBANISTA Brisbane Portable Bluetooth Speaker - White
Speakers,SONY SRS-RA3000 Wireless Multi-room Speaker - Black
Speakers,FRESH N REBEL Rockbox Bold S Portable Bluetooth Speaker - Petrol Blue
Speakers,AKAI A61039 Bluetooth Micro Hi-Fi System - Black
Speakers,SANUS WSSATM1-B2 Full Motion Sonos Arc Sound Bar Bracket
Speakers,"SANUS WSSA2-W2 Sonos Play 1 / Play 3 Speaker Stand - White, Pack of 2"
Speakers,VOLKANO Mini Mamba VK-3201-BK Portable Bluetooth Speaker - Black
Speakers,FLEXSON FLXP5WM1014 Wall Mount Speaker Bracket for Sonos Play:5 - White
Speakers,FRESH N REBEL Rockbox Bold XS Portable Bluetooth Speaker - Petrol Blue
Speakers,PLANET BUDDIES PBPGSP Portable Bluetooth Speaker - Pepper the Penguin
Speakers,AKG Lyra Ultra-HD Multimode USB Microphone - Silver
Speakers,DAEWOO AVS1450 Portable Bluetooth Speaker - Black
Speakers,M-AUDIO BX5 D3 Powered Studio Monitor - Black
Speakers,BOSE Soundlink Micro Portable Bluetooth Speaker - Stone Blue
Speakers,ITEK I60018CD Bluetooth Jukebox - Wood Finish
Speakers,SOUNDCORE Rave Neo Portable Bluetooth Party Speaker - Black
Speakers,AKAI A61052G Portable Bluetooth Speaker - Grey
Speakers,AUDIO PRO Addon T3+ Portable Bluetooth Wireless Speaker - Black
Speakers,HAMA Pocket 2.0 Portable Bluetooth Speaker - Black
Speakers,AKAI A61052B Portable Bluetooth Speaker - Black
Speakers,LEXIBOOK iParty BTP585Z Bluetooth Karaoke System - White
Speakers,AUDIO PRO Addon C10 Bluetooth Wireless Smart Sound Speaker - White
Speakers,SONY SRS-RA3000 Wireless Multi-room Speaker - Light Grey
Speakers,AUDIO PRO Addon C5-A Wireless Speaker with Amazon Alexa - White
Speakers,"HAMA 00116211 Speaker Stand - Pack of 2, Black"
Speakers,ITEK I60021 Bluetooth Jukebox - Brown
Speakers,SHARP GX-BT60 Portable Bluetooth Speaker - Black
Speakers,SBS Music Hero Octopump Portable Bluetooth Speaker - Ice White
Speakers,JBL Stage1 601C Car Speakers - Black
Speakers,SHARP GX-BT180 Portable Bluetooth Speaker - Black
Speakers,ITEK I60017 Bluetooth Jukebox - Brown
Speakers,M-AUDIO BX3 Powered Studio Monitors - Black
Speakers,JBL Flip 6 Portable Bluetooth Speaker - Red
Speakers,JBL One Series 104 Reference Monitors - Black
Speakers,DENON Home 250 Wireless Multi-room Speaker with Amazon Alexa - Black
Speakers,SONY SRS-XB33 Portable Bluetooth Speaker - Red
Speakers,JBL Stage2 524 Car Speaker - Black
Speakers,AUDIO PRO A36 Wireless Multi-room Speaker Pair - Black
Speakers,AUDIO PRO BT5 Bluetooth Speaker - Black
Speakers,HOUSE OF MARLEY Get Together Mini Bluetooth Wireless Portable Speaker - Wood & Black
Speakers,AUDIO PRO Addon T3+ Portable Bluetooth Wireless Speaker - Grey
Speakers,URBANISTA Sydney 36773 Portable Bluetooth Speaker - Midnight Black
Speakers,JAM Double Chill HX-P404GY Portable Bluetooth Speaker - Grey
Speakers,VOLKANO Fabric Series VK-3020-BK Portable Bluetooth Speaker - Grey
Speakers,BOSE Portable Home Speaker Charging Cradle - Silver
Speakers,FLEXSON S1-FS SONOS One Floor Stand - White
Speakers,ROBERTS Beacon 310 Portable Bluetooth Speaker - Black
Speakers,LEXIBOOK iParty BTP180Z Bluetooth Karaoke System - White
Speakers,LEXIBOOK RCDK100DP CD Player with Microphones - Disney Princess
Speakers,DAEWOO AVS1301 Bluetooth Karaoke System - Black
Speakers,HUAWEI Sound Joy Portable Bluetooth Speaker - Green
Speakers,AUDIO PRO A26 Wireless Bookshelf Speakers -White
Speakers,TIBO Plus 1.1 Bluetooth Desktop Speakers - Black
Speakers,AUDIO PRO BT5 Bluetooth Speaker - Driftwood
Speakers,LEXIBOOK Peppa Pig CD Player with Microphones
Speakers,HAMA SoundBarrel Portable Bluetooth Speaker - Black
Speakers,AUDIOPRO Drumfire Wireless Multi-room Speaker - Black
Speakers,HAMA Pipe 2.0 Portable Bluetooth Speaker - Black
Speakers,ITEK I60018CDGB Bluetooth Jukebox - Gloss Black
Speakers,AUDIO PRO Addon T3+ Portable Bluetooth Wireless Speaker - White
Speakers,HUAWEI Sound X Wireless Speaker - Black
Speakers,HAMA Cube 2.0 Portable Bluetooth Speaker - Black
Speakers,URBANISTA Sydney 36772 Portable Bluetooth Speaker - White
Speakers,"AVF EAK70W Wall Mount Tilt & Swivel Speaker Bracket – Twin Pack, White"
Speakers,JAM Hang Tight HX-P303BK Portable Bluetooth Speaker - Black
Speakers,LEXIBOOK Paw Patrol CD Player with Microphones
Speakers,HERCULES DJControl Mix - White
Speakers,FLEXSON FLXSMFS1051 Sonos Move Floor Stand - Black
Speakers,AUDIO PRO A36 Wireless Multi-room Speaker Pair - White
Speakers,N-GEAR Let's Go Party 4 Studio Portable Bluetooth Karaoke Speaker - Black
Speakers,LEXIBOOK RCDK100SP CD Player with Microphones - Spider-Man
Speakers,VOLKANO Fabric Series VK-3020-BK Portable Bluetooth Speaker - Black
Speakers,HAMA Drum 2.0 Portable Bluetooth Speaker - Yellow
Speakers,FLEXSON SONOS One Wall Mount Tilt Speaker Bracket - Black
Speakers,ITEK I60018CDGW Bluetooth Jukebox - Gloss White
Speakers,PLANET BUDDIES PBOWSP Portable Bluetooth Speaker - Olive the Owl
Speakers,JBL Stage2 424 Car Speakers - Black
Speakers,HAMA Twin 2.0 Portable Bluetooth Speaker - Black
Speakers,VOGELS Sound 4113 SONOS Tabletop Stand - Black
Speakers,JBL Flip 6 Portable Bluetooth Speaker - White
Speakers,TIBO Plus 2.1 Bluetooth Bookshelf Speakers - Black
Speakers,EKIDS Li-B66MD Star Wars The Mandalorian The Child Bluetooth Speaker
Speakers,RELOOP Groove Blaster Portable Bluetooth Speaker - Black
Speakers,VEHO M-Series MR-7 Portable Bluetooth Speaker - Black
Speakers,SHARP PS-919 Portable Bluetooth Speaker - White
Speakers,URBANISTA Brisbane Portable Bluetooth Speaker - Black
Speakers,SHARP GX-BT60 Portable Bluetooth Speaker - Grey
Speakers,URBANISTA Sydney 36774 Portable Bluetooth Speaker - Rose Gold
Speakers,ROBERTS Beacon 310 Portable Bluetooth Speaker - White
Speakers,N-GEAR Drum Block 420 Portable Bluetooth Karaoke Speaker - Black
Speakers,SHARP GX-BT180 Portable Bluetooth Speaker - Blue
Speakers,FRESH N REBEL Rockbox Bold S Portable Bluetooth Speaker - Storm Grey
Speakers,VOGELS Sound 4113 SONOS Tabletop Stand - White
Speakers,AUDIO PRO Addon C-SUB Wireless Multi-room Subwoofer - White
Speakers,DAEWOO AVS1549 Bluetooth Karaoke System - Black
Speakers,AVF AK65W Sonos One & Play:1 Wall Mount Tilt & Swivel Speaker Bracket - White
Speakers,AVF EAK80W Sonos Play 1 Speaker Stand - Pack of 2
Speakers,AVF AK65B Sonos One & Play:1 Wall Mount Tilt & Swivel Speaker Bracket - Black
Speakers,FRESH N REBEL Rockbox Bold S Portable Bluetooth Speaker - Ruby Red
Speakers,HAMA 118040 Speaker Wall Mount - White
Speakers,"FLEXSON S1-LPC Sonos Speaker Power Adapter - Black, 5 m"
Speakers,HAMA Pipe 2.0 Portable Bluetooth Speaker - White
Speakers,HAMA Twin 2.0 Portable Bluetooth Speaker - White
Speakers,SHARP GX-BT60 Portable Bluetooth Speaker - Blue
Speakers,FRESH N REBEL Rockbox Soul Portable Bluetooth Speaker - Silky Sand
Speakers,AUDIO PRO A10 Wireless Bluetooth Multi-room Speaker - Light Grey
Speakers,EKIDS Vi-B72IM Iron Man Helmet Portable Bluetooth Speaker
Speakers,AVF AK67B Sonos One & Play:5 Wall Mount Tilt & Swivel Speaker Bracket - Black
Speakers,"FLEXSON S1-LPC Sonos Speaker Power Adapter - White, 5 m"
Speakers,SANUS WMS3B Tilt & Swivel Speaker Bracket - Pack of 2
Speakers,FRESH N REBEL Rockbox Bold XS Portable Bluetooth Speaker - Storm Grey
Speakers,FRESH N REBEL Rockbox Bold S Portable Bluetooth Speaker - Dusty Pink
Speakers,VQ Hepburn Voice Portable Wireless Speaker with Amazon Alexa - Black & Floral
Speakers,LEXIBOOK RCDK100BS CD Player with Microphones - Baby Shark
Speakers,DAEWOO AVS1492W Bluetooth Karaoke System - White
Speakers,HAMA Cube 2.0 Portable Bluetooth Speaker - White
Speakers,AUDIO PRO G10 Wireless Multi-room Speaker with Google Assistant - Dark Grey
Speakers,SANUS WSSA1-W2 Sonos Play 1 / Play 3 Speaker Stand - White
Speakers,FLEXSON FLXS5WM1021 Sonos Five & Play:5 Wall Mount Tilt & Swivel Speaker Bracket - Black
Speakers,AVF AKVWLMOVW1 Sonos Move Wall Mount Fixed Speaker Bracket - White
Speakers,FRESH N REBEL Rockbox Bold X Portable Bluetooth Speaker - Ice Grey
Speakers,SANUS WSEDM1-W2 Amazon Echo Dot Wall Mount - White
Speakers,HAMA 10217568 Speaker Wall Mount - White
Speakers,FRESH N REBEL Rockbox Soul Portable Bluetooth Speaker - Storm Grey
Speakers,AUDIO PRO SW-10 Subwoofer - White
Speakers,AVF AKVFSS1B2 Sonos One & Play:1 Floorstand Fixed Speaker Bracket Pair - Black
Speakers,"AVF EAK50W-A Wall Mount Tilt & Swivel Speaker Bracket – Twin Pack, White"
Speakers,AUDIO PRO G10 Wireless Multi-room Speaker with Google Assistant - Light Grey
Speakers,FRESH N REBEL Rockbox Bold X Portable Bluetooth Speaker - Petrol Blue
Speakers,AUDIO PRO Drumfire Wireless Multi-room Speaker - White
Speakers,N-GEAR NGS282-BT Bluetooth Karaoke System - Black
Speakers,VQ Hepburn Voice Portable Wireless Speaker with Amazon Alexa - Cath Kidston Antique Rose
Speakers,VOGELS Sound 4201 Tilt & Swivel Speaker Bracket - Black
Speakers,FLEXSON FLXS5WM1011 Sonos Five & Play:5 Wall Mount Tilt & Swivel Speaker Bracket - White
Speakers,FLEXSON FLXSARWM1021 Fixed Sonos Arc Sound Bar Bracket - Black
Speakers,VOGELS Sound 4301 Sonos One & Play:1 Fixed Speaker Floorstand - Black
Speakers,HAMA 00118041 Speaker Wall Mount - Black
Speakers,AVF AKVWLMOVB1 Sonos Move Wall Mount Fixed Speaker Bracket - Black
Speakers,SANUS WSEDM1-B2 Amazon Echo Dot Wall Mount - Black
Speakers,AUDIO PRO SW-5 Subwoofer - Black
Speakers,SANUS WSSA1-B2 Sonos Play 1 / Play 3 Speaker Stand - Black
Speakers,FRESH N REBEL Rockbox Bold X Portable Bluetooth Speaker - Ruby Red
Speakers,AVF AK55B Wall Mount Tilt & Swivel Speaker Bracket
Speakers,AVF AKVFSS1B1 Sonos One & Play:1 Floorstand Fixed Speaker Bracket - Black
Speakers,SANUS WMS3W Tilt & Swivel Speaker Bracket - Pack of 2
Speakers,KINSMAN KSS10 Wall Mount Swivel Speaker Bracket
Speakers,VOGELS Sound 4301 Sonos One & Play:1 Fixed Speaker Floorstand - White
Speakers,AUDIO PRO SW-5 Subwoofer - White
Speakers,SANUS WSSMM1-B2 SONOS MOVE Wall Mount Fixed Speaker Bracket
Speakers,FLEXSON Illuminating Charging Stand for Sonos PLAY:1 - Black
Speakers,AVF AKVDSS1B1 Sonos One & Play:1 Desk Stand Fixed Speaker Bracket - Black
Speakers,FRESH N REBEL Rockbox Bold XS Portable Bluetooth Speaker - Misty Mint
Speakers,AVF AK55W Wall Mount Tilt & Swivel Speaker Bracket
Speakers,AVF YAK90W Sound Bar Bracket - White
Speakers,VOGELS Sound 3305 Sonos Play:5 & Denon Heos 5 Fixed Speaker Floorstand - White
Speakers,AVF AK67W Sonos One & Play:5 Wall Mount Tilt & Swivel Speaker Bracket - White
Speakers,VQ Hepburn Voice Portable Wireless Speaker with Amazon Alexa - Cath Kidston Scattered Rose
Speakers,AVF AKVFSS5B1 Sonos Five Floorstand Fixed Speaker Bracket - Black
Speakers,SHARP PS-919 Portable Bluetooth Speaker - Black
Speakers,FRESH N REBEL Rockbox Bold X Portable Bluetooth Speaker - Storm Grey
Speakers,AVF AKVFSS5W2 Sonos Five Floorstand Fixed Speaker Bracket Pair - White
Speakers,VOGELS Sound 3305 Sonos Play:5 & Denon Heos 5 Fixed Speaker Floorstand - Black
Speakers,AVF AKVFSS1W1 Sonos One & Play:1 Floorstand Fixed Speaker Bracket - White
Speakers,AVF AKVFSS5B2 Sonos Five Floorstand Fixed Speaker Bracket Pair - Black
Speakers,AVF AKVDSS1W1 Sonos One & Play:1 Desk Stand Fixed Speaker Bracket - White
Speakers,FRESH N REBEL Rockbox Bold X Portable Bluetooth Speaker - Misty Mint
Speakers,AVF AKVFSS5W1 Sonos Five Floorstand Fixed Speaker Bracket - White
Speakers,VOGELS Sound 3205 Tilt & Swivel Speaker Bracket - White
Speakers,AVF AKVFSS1W2 Sonos One & Play:1 Floorstand Fixed Speaker Bracket Pair - White
Speakers,VOGELS Sound 3205 Tilt & Swivel Speaker Bracket - Black
Speakers,FLEXSON FLXSMFS1051 Sonos Move Floorstand Fixed Speaker Bracket - Black
Speakers,FRESH N REBEL Rockbox Bold X Portable Bluetooth Speaker - Dusty Pink
Speakers,MARSHALL Kilburn II Portable Bluetooth Speaker - Black & Brass
Speakers,JBL GO3 Portable Bluetooth Speaker - Green
Speakers,JVC MX-D829PB Portable Bluetooth Speaker - Black
Speakers,BOSE Soundlink Color II Portable Bluetooth Wireless Speaker - Black
Speakers,JBL Flip 6 Portable Bluetooth Speaker - Black
Speakers,JBL GO3 Portable Bluetooth Speaker - Camo Green
Speakers,JBL Flip 6 Portable Bluetooth Speaker - Grey
Speakers,SONY High Power MHC-V90DW Smart Sound Megasound Party Speaker - Black
Speakers,JBL Boombox 2 Portable Bluetooth Speaker - Squad
Speakers,HERCULES DJControl Inpulse 200 DJLearning Kit - Black
Speakers,JBL Clip 4 Portable Bluetooth Speaker - Red
Speakers,JBL GO3 Portable Bluetooth Speaker - Pink
Speakers,JBL Clip 4 Portable Bluetooth Speaker - Blue
Speakers,JBL Charge 5 Portable Bluetooth Speaker - Teal
Speakers,JBL Charge 5 Portable Bluetooth Speaker - Grey
Speakers,JBL Clip 4 Portable Bluetooth Speaker - Squad
Speakers,PHILIPS TAM6805/10 Wireless Micro Hi-Fi System - Black
Speakers,JBL Stage 1010 Car Subwoofer - Black
Speakers,N-GEAR The Flash 610 Portable Bluetooth Karaoke Speaker - Black
Speakers,LG CM2460DAB Bluetooth Micro Hi-Fi System - Black
Speakers,JBL IRX108BT Bluetooth Megasound Party Speaker - Black
Speakers,JBL EON ONE Compact Portable Bluetooth PA System - Black
Speakers,JBL Charge 5 Portable Bluetooth Speaker - White
Speakers,KITSOUND BoomBar+ Portable Bluetooth Speaker - Black
Speakers,JBL Pulse 4 Portable Bluetooth Speaker - Black
Speakers,AUDIO PRO SW-10 Subwoofer - Black
Speakers,PHILIPS TAM4505/12 Bluetooth Micro Hi-Fi System - Grey & Black
Speakers,SONY SRS-RA5000 Wireless Multi-Room Speaker - Black
Speakers,N-GEAR The Flash 1205 Bluetooth Megasound Party Speaker - Black
Speakers,LG CM1560DAB Bluetooth Micro Hi-Fi System - Black
Speakers,DAEWOO AVS1449 Portable Bluetooth Speaker - Black
Speakers,TIBO Harmony 4 Speakers - Black
Speakers,JBL IRX112BT Bluetooth Megasound Party Speaker - Black
Speakers,KITSOUND BoomBar 50 Portable Bluetooth Speaker - Grey
Speakers,KLIPSCH The Sixes Bluetooth Speakers - Walnut
Speakers,N-GEAR The Flash 3010 Bluetooth Megasound Party Speaker - Black
Speakers,ITEK I58058 LED Disco Ball Portable Bluetooth Speaker - Black
Speakers,JBL Club 6522 Car Speakers - Black
Speakers,JABRA Connect 4s Desktop Speakerphone
Speakers,VOLKANO Carnival Series VK-3009-BK Portable Bluetooth Speaker - Black
Speakers,SOUNDCORE Rave+ A3391G12 Bluetooth Speaker - Black
Speakers,LENCO MC-150 Bluetooth Micro Hi-Fi System - Grey
Speakers,JBL BassPro SL2 Underseat Car Subwoofer - Black
Speakers,NUMARK Mixtrack Platinum FX DJ Controller
Speakers,JBL Stage2 624 Car Speaker - Black
Speakers,TIBO SIA-50 Smart Stereo Amplifier - Black
Speakers,ROCKJAM RJPERFORM-BK Bluetooth Karaoke System
Speakers,SOUNDCORE Mini 2 Portable Bluetooth Speaker - Black
Speakers,ROCKJAM RJKSK-BK Bluetooth Karaoke System
Speakers,"RICATECH Amitabh Bachchan Bluetooth Jukebox - Limited Edition, White & Gold"
Speakers,ION Party Rocker Express Portable Bluetooth Speaker - Black
Speakers,YAMAHA MusicCast NX-500 2.0 Bluetooth Monitor Speakers - Black
Speakers,HAMA DIT2006BT DAB+/FM Network Tuner - Black
Speakers,LENCO PMX-150 Megasound Party Speaker - Black & Silver
Speakers,KITSOUND Diggit Portable Bluetooth Speaker - Wood
Speakers,HAMA Drum 2.0 Portable Bluetooth Speaker - Light Blue
Speakers,KITSOUND Hive2o Portable Bluetooth Speaker - Pink
Speakers,VOLKANO Splash Series B30 VK-30000-BK Portable Bluetooth Speaker - Black
Speakers,HAMA DIT2105SBTX DAB+/FM Network Tuner - Silver
Speakers,VOLKANO Blaster Series VB-020-BB Portable Bluetooth Speaker - Brown
Speakers,VOLKANO Barrel Series VK-3410-BK Portable Bluetooth Speaker - Black
Speakers,CANTON Smart Soundbox 3 Wireless Multi-room Speaker - Black
Speakers,HERCULES DJSpeaker 32 Party Speakers - Black
Speakers,"RICATECH Amitabh Bachchan Bluetooth Jukebox - Limited Edition, Black & Gold"
Speakers,EKIDS MD-067BY.FEv0 Star Wars The Mandalorian The Child Speaker
Speakers,FLEXSON SONOS One Wall Mount Tilt Speaker Bracket - White
Speakers,TIBO Plus 3.1 Bluetooth Bookshelf Speakers - Black
Speakers,KLIPSCH The Fives Bluetooth Speakers - Walnut
Speakers,VOLKANO Blaster Series VB-020 Portable Bluetooth Speaker - Grey
Speakers,YAMAHA MusicCast NX-500 2.0 Bluetooth Monitor Speakers - White
Speakers,HAMA DIT2105SBTX DAB+/FM Network Tuner - Black
Speakers,DAEWOO AVS1356 Portable Bluetooth Speaker - Black
Speakers,NUMARK Party Mix DJ Controller - Black
Speakers,KLIPSCH The Fives Bluetooth Speakers - Matte Black
Speakers,SOUNDCORE Icon Portable Bluetooth Speaker - Black
Speakers,SHARP GX-BT280 Portable Bluetooth Speaker - Black
Speakers,KITSOUND Slam XL Bluetooth Speaker - Black
Speakers,"STAGG 15"" Portable Speaker with Wireless Microphones"
Speakers,EKIDS Batman Ri-B63BM Portable Bluetooth Speaker
Speakers,SOUNDCORE Icon Portable Bluetooth Speaker - Black
Speakers,DAEWOO AVS1492 Bluetooth Karaoke System - Black
Speakers,VOLKANO Bazooka Squared Series VK-3030-BK Portable Bluetooth Speaker - Black
Speakers,"SANUS WSSA2-B2 Sonos Play 1 / Play 3 Speaker Stand - Black, Pack of 2"
Speakers,HERCULES DJControl Inpulse 300 - Black
Speakers,SOUNDCORE Mini 2 Portable Bluetooth Speaker - Black
Speakers,HERCULES DJControl Starlight - Black
Speakers,SHARP GX-BT280 Portable Bluetooth Speaker - Blue
Speakers,SBS Music Hero Octopump Portable Bluetooth Wireless Speaker - Cyan Blue
Speakers,HERCULES P32 DJ Controller - Black
Speakers,KLIPSCH The Three II Bluetooth Speaker - Matte Black
Speakers,KLIPSCH The One II Bluetooth Speaker - Walnut
Speakers,HAMA 00118040 Speaker Wall Mount - Black
Speakers,KITSOUND Diggit KSDIGGITBK Portable Bluetooth Speaker - Grey & Black
Speakers,EKIDS Joker Ri-B63JK Portable Bluetooth Speaker
Speakers,KLIPSCH The One II Bluetooth Speaker - Matte Black
Speakers,FLEXSON FLXS1DS1021C Desk Stand for Sonos One & PLAY:1 - Black
Speakers,VOLKANO Typhoon Series Portable Bluetooth Speaker - Black
Speakers,DAEWOO AVS1493 Bluetooth Karaoke System - White
Speakers,B-AKTIV Outdoor Audio Set
Speakers,SHARP GX-BT280 Portable Bluetooth Speaker - Grey
Speakers,AUDIO PRO Addon C-SUB Wireless Multi-room Subwoofer - Black
Speakers,EKIDS Harry Potter Ri-B63HP Portable Bluetooth Speaker
Speakers,"FLEXSON FLXS1WM2011 SONOS One Wall Mount Tilt Speaker Bracket - Twin Pack, White"
Speakers,EKIDS Vi-B72SM Spider-Man Portable Bluetooth Speaker
Speakers,VOLKANO Fabric Series VK-3020-GRL Portable Bluetooth Speaker - Beige
Speakers,KLIPSCH The Three II Bluetooth Speaker - Walnut
Speakers,FRESH N REBEL Rockbox Bold M Portable Bluetooth Speaker - Dusty Pink
Speakers,CONNECTED ESSENTIALS CES500 SONOS PLAY:1 Floorstand - White
Speakers,LEXIBOOK RCDK100FZ CD Player with Microphones - Disney Frozen 2
Speakers,FLEXSON FLXP5WMV1021S Sonos Five & Play:5 Wall Mount Tilt & Swivel Speaker Bracket - Black
Speakers,CONNECTED ESSENTIALS CES500 SONOS PLAY:1 Floorstand - Black
Speakers,FLEXSON FLXS1FS1021EU SONOS One Floorstand Fixed Speaker Bracket - Black
Speakers,AUDIO PRO D-1 Wireless Multi-room Speaker - Grey
Speakers,KLIPSCH Heritage Groove Portable Bluetooth Speaker - Walnut
Speakers,FRESH N REBEL Rockbox Bold M Portable Bluetooth Speaker - Ruby Red
Speakers,FRESH N REBEL Rockbox Bold XS Portable Bluetooth Speaker - Ruby Red
Speakers,FLEXSON FLXSMWM1012 Sonos Move Wall Mount Fixed Speaker Bracket - White
Speakers,FLEXSON FLXS1AFS2021 Sonos One & Play:1 Floorstand Fixed Speaker Bracket Pair - Black
Speakers,FLEXSON FLXS1CM1011A Sonos One & Play:1 Tilt & Swivel Ceiling Mount - White
Speakers,AKAI A58102 Portable Bluetooth Speaker - Pink
Speakers,"FLEXSON FLXS1WM2021 SONOS One Wall Mount Tilt Speaker Bracket - Twin Pack, Black"
Speakers,FLEXSON FLXS1DS1011 Desk Stand for Sonos One & PLAY:1 - White
Speakers,KLIPSCH Heritage Groove Portable Bluetooth Speaker - Matte Black
Speakers,FLEXSON FLXSARWM1011 Fixed Sonos Arc Sound Bar Bracket - White
Speakers,"FLEXSON S1-SPC Sonos Speaker Power Adapter - White, 0.35 m"
Speakers,"FLEXSON FLXS1FS2021EU SONOS One Floorstand Fixed Speaker Bracket - Twin Pack, Black"
Speakers,HERCULES Universal DJ Controller - Black
Speakers,FLEXSON FLXSUBB Sonos Sub Wall Mount Fixed Speaker Bracket - Black
Speakers,AUDIO PRO D-1 Wireless Multi-room Speaker - White
Speakers,FLEXSON FLXS5FS1021 Sonos Five & Play:5 Floorstand Fixed Speaker Bracket - Black
Speakers,FLEXSON FLXS1AFS2021 Sonos One & Play:1 Adjustable Floorstand Pair - Black
Speakers,FLEXSON FLXS5FS1011 Sonos Five & Play:5 Floorstand Fixed Speaker Bracket - White
Speakers,AUDIO PRO A26 Wireless Bookshelf Speakers - Black
Speakers,DAEWOO AVS1301 Bluetooth Karaoke System - White
Speakers,FRESH N REBEL Rockbox Bold XS Portable Bluetooth Speaker - Ice Grey
Speakers,FLEXSON FLXS1AFS2011 Sonos One & Play:1 Floorstand Fixed Speaker Bracket Pair - White
Speakers,FLEXSON FLXP5WMV1011S Sonos Five & Play:5 Wall Mount Tilt & Swivel Speaker Bracket - White
Speakers,FRESH N REBEL Rockbox Bold XS Portable Bluetooth Speaker - Dusty Pink
Speakers,"FLEXSON FLXS1FS2011EU SONOS One Floorstand Fixed Speaker Bracket - Twin Pack, White"
Speakers,"FLEXSON S1-SPC Sonos Speaker Power Adapter - Black, 0.35 m"
Speakers,AUDIO PRO D-1 Wireless Multi-room Speaker - Black
Speakers,FLEXSON FLXSMWM1022 Sonos Move Wall Mount Fixed Speaker Bracket - Black
