"SAMSUNG Galaxy Tab A8 10.5"" Tablet (64 GB, Graphite) & Book Cover (Dark Grey) Bundle"
"SAMSUNG Galaxy Tab A8 10.5"" Tablet (64 GB, Pink Gold) & Book Cover (Dark Grey) Bundle"
"SAMSUNG Galaxy Tab A8 10.5"" Tablet (32 GB, Silver) & Book Cover (Dark Grey) Bundle"
"SAMSUNG Galaxy Tab A7 Lite 8.7"" Tablet - 32 GB, Silver"
"SAMSUNG Galaxy Tab S6 Lite 10.4” Tablet (UK & Ireland Version) - 64 GB, Oxford Grey"
"SAMSUNG Galaxy Tab S8 11"" Tablet - 256 GB, Graphite"
"SAMSUNG Galaxy Tab A8 10.5"" 4G Tablet (32 GB, Silver) & Book Cover (Dark Grey) Bundle"
"SAMSUNG Galaxy Tab A8 10.5"" Tablet (64 GB, Silver) & Book Cover (Dark Grey) Bundle"
"SAMSUNG Galaxy Tab A8 10.5"" Tablet (32 GB, Graphite) & Book Cover (Dark Grey) Bundle"
"SAMSUNG Galaxy Tab A8 10.5"" 4G Tablet (64 GB, Pink Gold) & Book Cover (Dark Grey) Bundle"
"SAMSUNG Galaxy Tab A8 10.5"" 4G Tablet (32 GB, Graphite) & Book Cover (Dark Grey) Bundle"
"SAMSUNG Galaxy Tab A8 10.5"" Tablet (32 GB, Pink Gold) & Book Cover (Dark Grey) Bundle"
"SAMSUNG Galaxy Tab A8 10.5"" 4G Tablet (32 GB, Pink Gold) & Book Cover (Dark Grey) Bundle"
"APPLE 10.2"" iPad (2021) - 64 GB, Silver"
"APPLE 10.2"" iPad (2021) - 64 GB, Space Grey"
"LENOVO Tab M10 10.1"" Tablet - 16 GB, Black"
"APPLE 11"" iPad Pro (2021) - 128 GB, Space Grey"
"APPLE 10.2"" iPad (2021) - 256 GB, Space Grey"
"SAMSUNG Galaxy Tab A7 Lite 8.7"" Tablet - 32 GB, Grey"
"SAMSUNG Galaxy Tab S8 11"" Tablet - 128 GB, Grey"
"SAMSUNG Galaxy Tab A8 10.5"" Tablet - 64 GB, Graphite"
"APPLE 10.9"" iPad Air (2022) - 64 GB, Blue"
"APPLE 10.2"" iPad (2021) - 256 GB, Silver"
"APPLE 10.9"" iPad Air (2022) - 64 GB, Space Grey"
"ACER ACTAB1022 10"" Tablet - 32 GB, Gun Grey"
"LENOVO Tab M10 10.1"" Tablet - 64 GB, Iron Grey"
"SAMSUNG Galaxy Tab A7 Lite 8.7"" Tablet - 32 GB, Silver"
"APPLE 12.9"" iPad Pro (2021) - 128 GB, Space Grey"
"AMAZON Fire 7"" Kids Pro Tablet (2021) - 16 GB, Doodle"
"SAMSUNG Galaxy Tab S8 Ultra 14.6"" Tablet - 128 GB, Grey"
"APPLE 10.9"" iPad Air (2022) - 64 GB, Purple"
"APPLE 10.9"" iPad Air (2020) - 64 GB, Green"
"APPLE 8.3"" iPad mini (2021) - 64 GB, Space Grey"
"APPLE 10.9"" iPad Air (2020) - 64 GB, Space Grey"
"SAMSUNG Galaxy Tab A8 10.5"" Tablet - 32 GB, Graphite"
"SAMSUNG Galaxy Tab A8 10.5"" Tablet - 64 GB, Silver"
"APPLE 12.9"" iPad Pro (2021) - 256 GB, Space Grey"
"APPLE 10.9"" iPad Air (2022) - 256 GB, Space Grey"
"APPLE 10.9"" iPad Air (2020) - 64 GB, Sky Blue"
"SAMSUNG Galaxy Tab A7 Lite 8.7"" 4G Tablet - 32 GB, Grey"
"AMAZON Fire 7"" Kids Pro Tablet (2021) - 16 GB, Intergalactic"
"LENOVO Tab P11 Plus 6 GB 11"" Tablet - 128 GB, Grey"
"APPLE 10.9"" iPad Air (2022) - 64 GB, Pink"
"APPLE 10.9"" iPad Air (2022) - 256 GB, Purple"
"SAMSUNG Galaxy Tab A8 10.5"" Tablet - 64 GB, Pink Gold"
"SAMSUNG Galaxy Tab S8 Plus 12.4"" Tablet - 128 GB, Graphite"
"APPLE 11"" iPad Pro (2021) - 128 GB, Silver"
"APPLE 10.9"" iPad Air (2022) - 256 GB, Blue"
"LENOVO Tab M7 7"" Tablet - 32 GB, Grey"
"APPLE 11"" iPad Pro (2021) - 256 GB, Space Grey"
"APPLE 10.9"" iPad Air (2022) - 64 GB, Starlight"
"SAMSUNG Galaxy Tab A8 10.5"" Tablet - 32 GB, Pink Gold"
"APPLE 8.3"" iPad mini (2021) - 64 GB, Purple"
"AMAZON Fire 7 Tablet (2019) - 16 GB, Black"
"SAMSUNG Galaxy Tab A8 10.5"" Tablet - 32 GB, Silver"
"APPLE 12.9"" iPad Pro (2021) - 128 GB, Silver"
"APPLE 8.3"" iPad mini (2021) - 256 GB, Space Grey"
"SAMSUNG Galaxy Tab S8 11"" Tablet - 256 GB, Graphite"
"AMAZON Fire HD 8"" Kids Tablet (2020) - 32 GB, Pink"
"LENOVO Tab M10 10.1"" Tablet - 32 GB, Black"
"SAMSUNG Galaxy Tab S7 FE 12.4"" Tablet - 128 GB, Mystic Black"
"LENOVO Tab P11 Plus 4 GB 11"" Tablet - 64 GB, Grey"
"APPLE 10.2"" iPad Cellular (2021) - 64 GB, Silver"
"APPLE 12.9"" iPad Pro (2021) - 512 GB, Space Grey"
"SAMSUNG Galaxy Tab S8 Plus 12.4"" Tablet - 256 GB, Graphite"
"LENOVO Yoga Tab 11 Tablet - 128 GB, Grey"
"APPLE 10.9"" iPad Air (2020) - 64 GB, Silver"
"AMAZON Fire HD 8"" Kids Tablet (2020) - 32 GB, Blue"
"APPLE 8.3"" iPad mini (2021) - 64 GB, Starlight"
"ACER ACTAB1422 10.3"" Tablet - 64 GB, Black"
"LENOVO Tab M10 FHD Plus 10.3"" 4G Tablet & EE 20 GB SIM Card Bundle - 64 GB, Grey"
"APPLE 8.3"" iPad mini (2021) - 64 GB, Pink"
"HUAWEI MatePad T10 9.7"" Tablet - 32 GB, Blue"
"SAMSUNG Galaxy Tab A7 Lite 8.7"" 4G Tablet - 32 GB, Silver"
"APPLE 11"" iPad Pro (2021) - 256 GB, Silver"
"AMAZON Fire HD 10 10.1"" Tablet (2021) - 32 GB, Black"
"LENOVO Tab P11 Plus 4 GB 11"" Tablet - 128 GB, Grey"
"APPLE 10.9"" iPad Air (2022) - 256 GB, Pink"
"APPLE 12.9"" iPad Pro (2021) - 256 GB, Silver"
"AMAZON Fire 7” Kids Tablet (2019) - 16 GB, Blue"
"HUAWEI MatePad T10 Kids Edition 9.7"" Tablet - 32 GB, Blue"
"APPLE 10.9"" iPad Air (2020) - 256 GB, Space Grey"
"AMAZON Fire HD 8"" Kids Pro Tablet (2021) - 32 GB, Doodle"
"LENOVO Tab M10 10.3"" Tablet & True Wireless Earbuds Bundle - 32 GB, Grey"
"AMAZON Fire HD 10 10.1"" Kids Tablet (2021) - 32 GB, Sky Blue"
"SAMSUNG Galaxy Tab A8 10.5"" 4G Tablet - 32 GB, Graphite"
"LENOVO Tab M8 Tablet - 32 GB, Grey"
"AMAZON Fire HD 10 10.1"" Kids Tablet (2021) - 32 GB, Lavender"
"AMAZON Fire HD 8 Tablet (2020) - 32 GB, Black"
"APPLE 8.3"" iPad mini (2021) - 256 GB, Purple"
"HUAWEI MatePad T10s 4 GB 10.1"" Tablet - 64 GB, Blue"
"APPLE 12.9"" iPad Pro Cellular (2021) - 512 GB, Space Grey"
"ACER ACTAB721 7"" Tablet - 16 GB, Grey"
"APPLE 10.9"" iPad Air (2020) - 256 GB, Green"
"APPLE 12.9"" iPad Pro Cellular (2021) - 256 GB, Space Grey"
"SAMSUNG Galaxy Tab S7 FE 12.4"" Tablet - 64 GB, Mystic Pink"
"SAMSUNG Galaxy Tab S8 Ultra 14.6"" Tablet - 256 GB, Graphite"
"ASUS VivoBook 13 Slate 13.3"" Tablet - 128 GB eMMC, Black"
"AMAZON Fire 7 Tablet with Alexa (2019) - 32 GB, Black"
"AMAZON Fire HD 8 Tablet (2020) - 32 GB, Blue"
"APPLE 10.9"" iPad Air (2022) - 256 GB, Starlight"
"APPLE 10.9"" iPad Air (2020) - 256 GB, Sky Blue"
"APPLE 10.9"" iPad Air (2020) - 256 GB, Rose Gold"
"SAMSUNG Galaxy Tab A8 10.5"" 4G Tablet - 64 GB, Graphite"
"SAMSUNG Galaxy Tab S8 11"" Tablet - 128 GB, Silver"
"APPLE 11"" iPad Pro (2021) - 512 GB, Space Grey"
"AMAZON Fire 7 Kids 7"" Tablet (2019) - 16 GB, Pink"
"LENOVO Tab M10 FHD Plus 10.3"" Tablet & Smart Charging Station Bundle - 128 GB, Grey"
"AMAZON Fire HD 10 Plus 10.1"" Tablet (2021) - 32 GB, Slate"
"SAMSUNG Galaxy Tab S8 Plus 12.4"" Tablet - 128 GB, Silver"
"APPLE 8.3"" iPad mini Cellular (2021) - 64 GB, Space Grey"
"VENTURER Apollo 11 Pro 11.6” Tablet - 32 GB, Black"
"AMAZON Fire HD 10"" Kids Pro Tablet (2021) - 32 GB, Doodle"
"APPLE 12.9"" iPad Pro (2021) - 512 GB, Silver"
"AMAZON Fire HD 10 10.1"" Tablet (2021) - 32 GB, Lavender"
"APPLE 10.9"" iPad Air (2020) - 256 GB, Silver"
"LENOVO Tab M10 Plus 10.3"" Tablet - 64 GB, Grey"
"SAMSUNG Galaxy Tab S8 11"" 5G Tablet - 128 GB, Graphite"
"SAMSUNG Galaxy Tab S7 FE 12.4"" Tablet - 128 GB, Mystic Green"
"SAMSUNG Galaxy Tab S7 FE 12.4"" Tablet - 64 GB, Mystic Black"
"ACER ATLTE1022 10"" 4G Tablet - 32 GB, Gun Grey"
"VENTURER Challenger 10 10.1"" Tablet - 16 GB, Black"
"APPLE 11"" iPad Pro Cellular (2021) - 128 GB, Space Grey"
"AMAZON Fire HD 10"" Kids Pro Tablet (2021) - 32 GB, Intergalactic"
"AMAZON Fire HD 8"" Kids Tablet (2020) - 32 GB, Purple"
"AMAZON Fire HD 8 Tablet (2020) - 32 GB, Plum"
"ACER ACTAB821 8"" Tablet - 16 GB, Gun Grey"
"AMAZON Fire HD 10 10.1"" Tablet (2021) - 32 GB, Denim"
"APPLE 11"" iPad Pro (2021) - 512 GB, Silver"
"APPLE 10.9"" iPad Air Cellular (2022) - 256 GB, Space Grey"
"LENOVO Tab P11 Pro 6 GB 11.5"" Tablet - 128 GB, Grey"
"SAMSUNG Galaxy Tab A8 10.5"" 4G Tablet - 32 GB, Silver"
"APPLE 8.3"" iPad mini (2021) - 256 GB, Starlight"
"APPLE 11"" iPad Pro Cellular (2021) - 256 GB, Space Grey"
"APPLE 10.2"" iPad Cellular (2021) - 256 GB, Silver"
"VENTURER Luna Max 14"" Tablet - 64 GB, Grey"
"SAMSUNG Galaxy Tab S7 FE 12.4"" 5G Tablet - 128 GB, Mystic Black"
"AMAZON Fire 7 Kids 7"" Tablet (2019) - 16 GB, Purple"
"APPLE 10.9"" iPad Air Cellular (2020) - 256 GB, Space Grey"
"APPLE 12.9"" iPad Pro Cellular (2021) - 128 GB, Space Grey"
"VENTURER Voyager 7"" Tablet - 16 GB, Black"
"SAMSUNG Samsung Galaxy Tab A8 10.5"" 4G Tablet (64 GB, Graphite) & Book Cover (Dark Grey) Bundle"
"AMAZON Fire HD 8 Plus Tablet (2020) - 32 GB, Black"
"SAMSUNG Galaxy Tab S7 FE 12.4"" Tablet - 128 GB, Mystic Pink"
"AMAZON Fire HD 10 10.1"" Tablet (2021) - 32 GB, Olive"
"SAMSUNG Galaxy Tab S7 FE 12.4"" Tablet - 64 GB, Mystic Green"
"SAMSUNG Galaxy Tab S7 FE 12.4"" 5G Tablet - 64 GB, Mystic Black"
"AMAZON Fire HD 8"" Kids Pro Tablet (2021) - 32 GB, Intergalactic"
"SAMSUNG Galaxy Tab S7 FE 12.4"" Tablet - 64 GB, Mystic Silver"
"APPLE 10.9"" iPad Air Cellular (2022) - 256 GB, Blue"
"APPLE 10.9"" iPad Air Cellular (2020) - 64 GB, Rose Gold"
"HUAWEI MatePad T10s 4 GB 10.1"" Tablet - 128 GB, Blue"
"APPLE 8.3"" iPad mini Cellular (2021) - 256 GB, Space Grey"
"SAMSUNG Galaxy Tab S6 Lite 10.4” 4G Tablet - 64 GB, Angora Blue"
"SAMSUNG Galaxy Tab A8 10.5"" 4G Tablet - 64 GB, Silver"
"SAMSUNG Galaxy Tab A8 10.5"" 4G Tablet (64 GB, Silver) & Book Cover (Dark Grey) Bundle"
"APPLE 10.2"" iPad Cellular (2021) - 64 GB, Space Grey"
"SAMSUNG Galaxy Tab A8 10.5"" 4G Tablet - 64 GB, Pink Gold"
"APPLE 10.9"" iPad Air Cellular (2022) - 256 GB, Purple"
"SAMSUNG Galaxy Tab S6 Lite 10.4” 4G Tablet & Galaxy Tab S6 Lite 10.4"" Book Cover Bundle - 64 GB, Angora Blue & Oxford Grey"
"AMAZON Fire HD 10 10.1"" Kids Tablet (2021) - 32 GB, Aquamarine"
"SAMSUNG Galaxy Tab S7 FE 12.4"" Tablet - 128 GB, Mystic Silver"
"APPLE 10.9"" iPad Air Cellular (2022) - 64 GB, Blue"
"SAMSUNG Galaxy Tab S8 Plus 12.4"" Tablet - 256 GB, Pink Gold"
"APPLE 10.9"" iPad Air Cellular (2020) - 256 GB, Rose Gold"
"APPLE 8.3"" iPad mini (2021) - 256 GB, Pink"
"SAMSUNG Galaxy Tab S8 Plus 12.4"" 5G Tablet - 128 GB, Graphite"
"SAMSUNG Galaxy Tab S8 11"" Tablet - 256 GB, Pink Gold"
"APPLE 10.9"" iPad Air Cellular (2022) - 64 GB, Space Grey"
"SAMSUNG Galaxy Tab S6 Lite 10.4” Tablet & Galaxy Tab S6 Lite 10.4"" Book Cover Bundle - 64 GB, Oxford Grey"
"SAMSUNG Galaxy Tab S8 11"" 5G Tablet - 256 GB, Graphite"
"VENTURER Voyager 10 Pro 10.1"" Tablet - 32 GB, Black"
"SAMSUNG Galaxy Tab A8 10.5"" 4G Tablet - 32 GB, Pink Gold"
"AMAZON Fire HD 8 Plus Tablet (2020) - 64 GB, Black"
"SAMSUNG Galaxy Tab S8 Plus 5G 12.4"" Tablet - 256 GB, Graphite"
"PEBBLE GEAR Toy Story 4 7"" Kids Tablet - 16 GB"
"SAMSUNG Galaxy Tab S8 11"" Tablet - 128 GB, Pink Gold"
"APPLE 11"" iPad Pro Cellular (2021) - 512 GB, Space Grey"
"PEBBLE GEAR Disney Mickey & Friends 7"" Kids Tablet - 16 GB"
"SAMSUNG Galaxy Tab S7 FE 12.4"" 5G Tablet - 64 GB, Mystic Green"
"SAMSUNG Galaxy Tab S6 Lite 10.4” 4G Tablet - 64 GB, Oxford Grey"
"AMAZON Fire HD 8 Tablet (2020) - 64 GB, Black"
"SAMSUNG Galaxy Tab S7 FE 12.4"" 5G Tablet - 64 GB, Mystic Pink"
"SAMSUNG Galaxy Tab S6 Lite 10.4"" 4G Tablet & 20 GB EE 4G SIM Card Bundle - 64 GB, Angora Blue"
"APPLE 8.3"" iPad mini Cellular (2021) - 64 GB, Purple"
"AMAZON Fire HD 8 Tablet (2020) - 64 GB, Blue"
"VENTURER Voyager 7"" Tablet - 16 GB, Rose Gold"
"AMAZON Fire HD 8 Tablet (2020) - 64 GB, Plum"
"SAMSUNG Galaxy Tab S7 FE 12.4"" 5G Tablet - 128 GB, Mystic Green"
"APPLE 8.3"" iPad mini Cellular (2021) - 256 GB, Starlight"
"APPLE 8.3"" iPad mini Cellular (2021) - 64 GB, Pink"
"PEBBLE GEAR Frozen 2 7"" Kids Tablet - 16 GB"
"SAMSUNG Galaxy Tab S7 FE 12.4"" 5G Tablet - 64 GB, Mystic Silver"
"APPLE 8.3"" iPad mini Cellular (2021) - 64 GB, Starlight"
"APPLE 10.9"" iPad Air Cellular (2022) - 256 GB, Starlight"
"APPLE 8.3"" iPad mini Cellular (2021) - 256 GB, Purple"
"APPLE 8.3"" iPad mini Cellular (2021) - 256 GB, Pink"
"APPLE 10.9"" iPad Air Cellular (2022) - 64 GB, Starlight"
"SAMSUNG Galaxy Tab S8 11"" Tablet - 128 GB, Silver"
"APPLE 10.9"" iPad Air Cellular (2022) - 256 GB, Pink"
"APPLE 10.9"" iPad Air Cellular (2022) - 64 GB, Purple"
"APPLE 10.9"" iPad Air Cellular (2022) - 64 GB, Pink"
"SAMSUNG Galaxy Tab S7 FE 12.4"" 5G Tablet - 128 GB, Mystic Pink"
"SAMSUNG Galaxy Tab S6 Lite 10.4” 4G Tablet & Galaxy Tab S6 Lite 10.4"" Book Cover - 64 GB, Oxford Grey"
"SAMSUNG Galaxy Tab S6 Lite 10.4” Tablet & Galaxy Tab S6 Lite 10.4"" Book Cover Bundle - 64 GB, Angora Blue & Oxford Grey"
"SAMSUNG Galaxy Tab S8 Plus 12.4"" Tablet - 256 GB, Silver"
"HUAWEI MatePad 11 10.95"" Tablet - 128 GB, Matte Gray"
"HUAWEI MatePad 11 10.95"" Tablet & Portable Bluetooth Speaker Bundle - 128 GB, Matte Gray"
"AMAZON Fire 7 Tablet (2019) - 16 GB, Plum"
"SAMSUNG Galaxy Tab S8 Ultra 14.6"" Tablet - 512 GB, Graphite"
"SAMSUNG Galaxy Tab S6 Lite 10.4” Tablet (UK & Ireland Version) - 64 GB, Angora Blue"
"SAMSUNG Galaxy Tab S6 Lite 10.4” Tablet (UK & Ireland Version) - 64 GB, Oxford Grey"
"APPLE 10.9"" iPad Air (2020) - 64 GB, Rose Gold"
"SAMSUNG Galaxy Tab S6 Lite 10.4” Tablet - 128 GB, Angora Blue"
"APPLE 10.2"" iPad Cellular (2021) - 256 GB, Space Grey"
"AMAZON Fire 7 Tablet with Alexa (2019) - 32 GB, Plum"
"SAMSUNG Galaxy Tab S6 Lite 10.4” Tablet - 128 GB, Oxford Grey"
"LENOVO Tab M7 7"" Tablet with Kids Bumper Case - 32 GB, Grey"
"APPLE 10.9"" iPad Air Cellular (2020) - 256 GB, Silver"
"APPLE 7.9"" iPad mini 5 Cellular (2019) - 256 GB, Space Grey"
"SAMSUNG Galaxy Tab S6 Lite 10.4"" Tablet - 64 GB, Oxford Grey"
"AMAZON Fire HD 8 Tablet (2020) - 64 GB, White"
"SAMSUNG Galaxy Tab S7 FE 12.4"" 5G Tablet - 128 GB, Mystic Silver"
