Washer Dryers,SAMSUNG Series 5 ecobubble WD80TA046BE/EU 8 kg Washer Dryer - White
Washer Dryers,BOSCH Series 4 WNA134U8GB 8 kg Washer Dryer - White
Washer Dryers,BOSCH Serie | 6 WNA14490GB 9 kg Washer Dryer - White
Washer Dryers,HOOVER H-Wash 300 H3DS696TAMCE NFC 9 kg Washer Dryer - White
Washer Dryers,HOOVER H-Wash 300 H3D 496TE NFC 9 kg Washer Dryer - White
Washer Dryers,AEG Dual Sense L7WEE965R 9 kg Washer Dryer - White
Washer Dryers,SAMSUNG Series 6 AddWash WD10T654DBN/S1 WiFi-enabled 10.5 kg Washer Dryer – Graphite
Washer Dryers,BEKO WDK742421W Bluetooth 7 kg Washer Dryer - White
Washer Dryers,HISENSE WDQY9014EVJM 9 kg Washer Dryer - White
Washer Dryers,BEKO Pro RecycledTub WDEX8540430W Bluetooth 8 kg Washer Dryer - White
Washer Dryers,LOGIK L8W5D20 8 kg Washer Dryer - White
Washer Dryers,LOGIK L10W6D20 10 kg Washer Dryer - White
Washer Dryers,SAMSUNG Series 5 ecobubble WD80TA046BX/EU 8 kg Washer Dryer - Graphite
Washer Dryers,BEKO WDK742421A Bluetooth 7 kg Washer Dryer - Black
Washer Dryers,LG TurboWash with AI DD V6 FWV686WTE WiFi-enabled 8 kg Washer Dryer - White
Washer Dryers,BEKO Pro RecycledTub WDIK854451 Bluetooth Integrated 8 kg Washer Dryer
Washer Dryers,HOOVER H-Wash 300 H3DS696TAMCE NFC 9 kg Washer Dryer - White
Washer Dryers,INDESIT Ecotime IWDC 65125 6 kg Washer Dryer - White
Washer Dryers,LG TurboWash with AI DD V6 FWV686STE WiFi-enabled 8 kg Washer Dryer - Graphite
Washer Dryers,BEKO Pro Ultrafast RecycledTub WDEX854044Q0G Bluetooth 8 kg Washer Dryer - Graphite
Washer Dryers,LG TurboWash with AI DD V7 FWV796STSE WiFi-enabled 9 kg Washer Dryer - Graphite
Washer Dryers,LG TurboWash with AI DD V7 FWV796WTSE WiFi-enabled 9 kg Washer Dryer - White
Washer Dryers,HAIER i-Pro Series 7 HWD80-B14979S 8 kg Washer Dryer - Graphite
Washer Dryers,BEKO Pro RecycledTub WDEX8540430B Bluetooth 8 kg Washer Dryer - Black
Washer Dryers,SAMSUNG Series 5 ecobubble WD90TA046BX/EU 9 kg Washer Dryer - Graphite
Washer Dryers,HOOVER H-WASH 300 Pro HBDOS695TAMCET WiFi-enabled Integrated 9 kg Washer Dryer - White
Washer Dryers,CANDY Smart CBD485D2E Integrated 8 kg Washer Dryer
Washer Dryers,HOTPOINT RDG 9643 KS UK N 9 kg Washer Dryer - Black
Washer Dryers,HOTPOINT RDG 8643 WW UK N 8 kg Washer Dryer - White
Washer Dryers,ZANUSSI Z816WT85BI Integrated 8 kg Washer Dryer
Washer Dryers,INDESIT BI WDIL 75125 UK N Integrated 7 kg Washer Dryer
Washer Dryers,CANDY CSW 4852DE NFC 8 kg Washer Dryer – White
Washer Dryers,BOSCH Serie 6 WDU28561GB 10 kg Washer Dryer - White
Washer Dryers,ZANUSSI AutoAdjust ZWD76SB4PW 7 kg Washer Dryer - White
Washer Dryers,INDESIT Innex BDE 961483X W UK N 9 kg Washer Dryer - White
Washer Dryers,LG Direct Drive FWMT85WE 8 kg Washer Dryer - White
Washer Dryers,HISENSE QR Series WDQR1014EVAJMB 10 kg Washer Dryer - Black
Washer Dryers,INDESIT Ecotime IWDC 65125 6 kg Washer Dryer - Silver
Washer Dryers,LG TurboWash 360 with AI DD V9 FWV917BTSE WiFi-enabled 10.5 kg Washer Dryer - Black Steel
Washer Dryers,LOGIK LI8W6D20 Integrated 8 kg Washer Dryer
Washer Dryers,HAIER i-Pro Series 7 HWD100-B14979S 10 kg Washer Dryer - Graphite
Washer Dryers,HOOVER H-Wash 300 HBD 485D2E Integrated 8 kg Washer Dryer - White
Washer Dryers,BEKO Pro Ultrafast RecycledTub WDEX854044Q0W Bluetooth 8 kg Washer Dryer - White
Washer Dryers,SAMSUNG Series 6 AddWash WD90T654DBH/S1 WiFi-enabled 9 kg Washer Dryer – White
Washer Dryers,GRUNDIG GWDI8541 Integrated 8 kg Washer Dryer
Washer Dryers,SAMSUNG ecobubble WD80T4046CW/EU 8 kg Washer Dryer - White
Washer Dryers,SHARP ES-NDB8144WD-EN 8 kg Washer Dryer - White
Washer Dryers,HOTPOINT BI WDHG 961484 Integrated 9 kg Washer Dryer
Washer Dryers,HOTPOINT BI WDHG 75148 UK N Integrated 7 kg Washer Dryer
Washer Dryers,BEKO Ultrafast RecycledTub WDEY854P44QW Bluetooth 8 kg Washer Dryer - White
Washer Dryers,BOSCH Serie 6 WDU28569GB 10 kg Washer Dryer - Silver
Washer Dryers,HAIER i-Pro Series 7 HWD80-B14979 8 kg Washer Dryer - White
Washer Dryers,HOOVER H-Wash 300 H3D 496TE NFC 9 kg Washer Dryer - White
Washer Dryers,HOTPOINT Ultima S-Line RD 966 JKD UK N 9 kg Washer Dryer - Black
Washer Dryers,BEKO RecycledTub WDIK752451 Integrated Bluetooth 7 kg Washer Dryer
Washer Dryers,INDESIT BIWDIL861284 Integrated 8 kg Washer Dryer
Washer Dryers,SAMSUNG Series 6 AddWash WD10T654DBH/S1 WiFi-enabled 10.5 kg Washer Dryer – White
Washer Dryers,HOTPOINT RDG 9643 GK UK N 9 kg Washer Dryer - Graphite
Washer Dryers,HOOVER H-Wash 300 H3D 4106TE NFC 10 kg Washer Dryer - White
Washer Dryers,HAIER i-Pro Series 7 HWD100-B14979 10 kg Washer Dryer - White
Washer Dryers,HOOVER H-Wash 500 HDDB 4106AMBCR Auto Dosing WiFi-enabled 10 kg Washer Dryer - Graphite
Washer Dryers,AEG Dual Sense L7WEE965R 9 kg Washer Dryer - White
Washer Dryers,INDESIT Innex BDE 861483X K UK N 8 kg Washer Dryer - Black
Washer Dryers,SHARP ES-NDB8144AD-EN 8 kg Washer Dryer - Anthracite
Washer Dryers,HOOVER H-WASH 300 Lite HBDS485D2ACE Integrated 8 kg Washer Dryer
Washer Dryers,INDESIT Ecotime IWDD 75145 S UK N 7 kg Washer Dryer - Silver
Washer Dryers,HOOVER H-WASH 300 Lite HBDS495D2ACBE-80 Integrated 9 kg Washer Dryer
Washer Dryers,INDESIT Innex BDE1071682XWUKN 10 kg Washer Dryer – White
Washer Dryers,CANDY CBD495D2WBBE-80 Integrated 9 kg Washer Dryer
Washer Dryers,SAMSUNG Series 5+ Auto Dose WD90T534DBW/S1 WiFi-enabled 9 kg Washer Dryer – White
Washer Dryers,HOOVER H-WASH & DRY 300 Pro HBDOS695TMET WiFi-enabled Integrated 9 kg Washer Dryer - White
Washer Dryers,SAMSUNG Series 5 WD12T504DBW WiFi-enabled 12 kg Washer Dryer – White
Washer Dryers,HOTPOINT RDG 8643 GK UK N 8 kg Washer Dryer - Graphite
Washer Dryers,BEKO UltraFast B3D59644UW Bluetooth 9 kg Washer Dryer - White
Washer Dryers,SAMSUNG Series 5+ AutoDose WD90T534DBN/S1 WiFi-enabled 9 kg Washer Dryer – Graphite
Washer Dryers,HOOVER H-Wash 300 H3DS696TAMCGE NFC 9 kg Washer Dryer - Graphite
Washer Dryers,LG SIGNATURE Centum System LSWD100E WiFi-enabled 12 kg Washer Dryer - White
Washer Dryers,HOOVER H-Wash 300 H3D 485TE NFC 8 kg Washer Dryer - White
Washer Dryers,INDESIT EcoTime IWDD 75125 UK N 7 kg Washer Dryer - White
Washer Dryers,BOSCH Serie 4 WKD28352GB Integrated 7 kg Washer Dryer
Washer Dryers,MIELE WT1F WTD160 WCS WiFi-enabled 8 kg Washer Dryer - White
Washer Dryers,SHARP ES-NDB8144SD-EN 8 kg Washer Dryer - Silver
Washer Dryers,HOTPOINT Ultima S-Line RD 966 JGD UK N 9 kg Washer Dryer - Graphite
Washer Dryers,SHARP ES-NDH9144WD-EN 9 kg Washer Dryer - White
Washer Dryers,SAMSUNG Series 9 QuickDrive WD90T984DSX/S1 WiFi-enabled 9 kg Washer Dryer – Graphite
Washer Dryers,HOTPOINT Core RDGR 9662 GK UK N 9 kg Washer Dryer - Graphite
Washer Dryers,HOTPOINT BI WDHG 861484 Integrated 8 kg Washer Dryer
Washer Dryers,BEKO RecycledTub WDIK752151 Integrated 7 kg Washer Dryer
Washer Dryers,INDESIT Innex BDE 861483X S UK N 8 kg Washer Dryer - Silver
Washer Dryers,BEKO Pro HygieneShield WDEY854044HW Bluetooth 8 kg Washer Dryer - White
Washer Dryers,AEG 7000 Series L7WE7631BI Integrated 7 kg Washer Dryer
Washer Dryers,CANDY CBD 475D2E/1 Integrated 7 kg Washer Dryer - White
Washer Dryers,NEFF V6540X2GB Integrated Washer Dryer
Washer Dryers,HOTPOINT Ultima S-Line RD 966 JD UK N 9 kg Washer Dryer - White
Washer Dryers,SAMSUNG Series 9 QuickDrive WD90T984DSH/S1 WiFi-enabled 9 kg Washer Dryer – White
Washer Dryers,LG EZDispense with TurboWash 360 V11 FWV1128WTSA WiFi-enabled 12 kg Washer Dryer - White
Washer Dryers,SAMSUNG Series 5+ Auto Dose WD80T534DBW/S1 WiFi-enabled 8 kg Washer Dryer - White
Washer Dryers,HOTPOINT Core RDGR 9662 WS UK N 9 kg Washer Dryer - White
Washer Dryers,HAIER i-Pro Series 5 HWD90-B14959S8U1 WiFi-enabled 9 kg Washer Dryer - Anthracite
Washer Dryers,LG EZDispense with TurboWash360 V11 FWV1128BTSA WiFi-enabled 12 kg Washer Dryer - Black Steel
Washer Dryers,BEKO UltraFast B3D510644UW Bluetooth 10 kg Washer Dryer - White
Washer Dryers,HOOVER H-Wash 500 HDB 4106AMBCR WiFi-enabled 10 kg Washer Dryer - Graphite
Washer Dryers,HOTPOINT Ultima S-Line RD 1076 JD UK N 10 kg Washer Dryer - White
Washer Dryers,HOOVER H-Wash 500 HDB 4106AMC WiFi-enabled 10 kg Washer Dryer - White
Washer Dryers,CANDY Rapido ROW4964DWMCE WiFi-enabled 9 kg Washer Dryer - White
Washer Dryers,HOOVER H-Wash 500 HDDB 4106AMBC Auto Dosing WiFi-enabled 10 kg Washer Dryer – White
Washer Dryers,CANDY Rapido ROW61064DWMCE WiFi-enabled 10 kg Washer Dryer - White
Washer Dryers,HOTPOINT RDGR 9662 KS UK N 9 kg Washer Dryer – Black
Washer Dryers,INDESIT Ecotime IWDD 75145 UK N Washer Dryer - White
Washer Dryers,HAIER i-Pro Series 7 HWD120-B14979 12 kg Washer Dryer - White
Washer Dryers,HOOVER H-WASH & DRY 300 Pro HBDOS695TAMCBT WiFi-enabled Integrated 9 kg Washer Dryer - Black
Washer Dryers,LG TurboWash 360 with AI DD V9 FWV917WTSE WiFi-enabled 10.5 kg Washer Dryer - White
Washer Dryers,LG EZDispense with TurboWash360 V11 FWV1117BTSA WiFi-enabled 10.5 kg Washer Dryer - Black Steel
Washer Dryers,CDA CI981 Integrated 8 kg Washer Dryer
Washer Dryers,SMEG WDI147D-2 Integrated 7 kg Washer Dryer
Washer Dryers,NEFF V6320X2GB Integrated Washer Dryer
Washer Dryers,HOOVER H-Wash 300 H3DS 4965DACE WiFi-enabled 9 kg Washer Dryer - White
Washer Dryers,HAIER i-Pro Series 5 HWD90-B14959U1 WiFi-enabled 9 kg Washer Dryer - White
Washer Dryers,SAMSUNG Series 9 QuickDrive WD80T954DSH/S1 WiFi-enabled 8 kg Washer Dryer - White`
Washer Dryers,ZANUSSI AutoAdjust ZWD86SB4PW 8 kg Washer Dryer - White
Washer Dryers,HOOVER H-WASH 300 Lite HBDS485D2ACBE Integrated 8 kg Washer Dryer
Washer Dryers,AMICA AWDT814S Integrated 8 kg Washer Dryer
Washer Dryers,LG EZDispense with TurboWash 360 V11 FWV1117WTSA WiFi-enabled 10.5 kg Washer Dryer - White
Washer Dryers,INDESIT Innex BDE 861483X W UK N 8 kg Washer Dryer - White
Washer Dryers,AEG OkoMix L8WEE165C WiFi-enabled 10 kg Washer Dryer - White & Silver
Washer Dryers,ZANUSSI AutoAdjust ZWD96SB4PW 9 kg Washer Dryer - White
Washer Dryers,MONTPELLIER MIWD75 Integrated 7.5 kg Washer Dryer
Washer Dryers,MONTPELLIER MWD7515S 7 kg Washer Dryer - Silver
Washer Dryers,MONTPELLIER MWD7515W 7 kg Washer Dryer - White
Washer Dryers,GRUNDIG ExpressCare GD7510644UW Bluetooth 10 kg Washer Dryer - White
Washer Dryers,CANDY CBD495D2WE/1-80 Integrated 9 kg Washer Dryer
Washer Dryers,HOTPOINT RDG 9643 W UK N 9 kg Washer Dryer - White
Washer Dryers,HISENSE WDQY1014EVJM 10 kg Washer Dryer - White
Washer Dryers,SAMSUNG Series 6 AddWash WD90T654DBN/S1 WiFi-enabled 9 kg Washer Dryer - Graphite
Washer Dryers,HOOVER H-WASH 300 Lite HBDS495D2ACE Integrated 9 kg Washer Dryer
Washer Dryers,BOSCH Serie 6 WKD28542GB 7 kg Integrated Washer Dryer - White
Washer Dryers,AEG L7WC8632BI Integrated 8 kg Washer Dryer
Washer Dryers,HAIER 636 Series HWD100-BP14636N 10 kg Washer Dryer - White
Washer Dryers,SHARP ES-NDH0144WC-EN 10 kg Washer Dryer - White
Washer Dryers,HOOVER H-Wash 300 H3DS 4965DACGE WiFi-enabled 9 kg Washer Dryer - Graphite
Washer Dryers,CANDY CBD485D2CE 8 kg Integrated Washer Dryer
