Washing Machine,BOSCH Serie 6 WAU28T64GB 9 kg 1400 Spin Washing Machine - White
Washing Machine,SAMSUNG Series 6 AddWash + Auto Dose WW90T684DLH/S1 WiFi-enabled 9 kg 1400 Spin Washing Machine - White
Washing Machine,SAMSUNG Series 5+ AddWash WW90T554DAN/S1 WiFi-enabled 9 kg 1400 Spin Washing Machine - Graphite
Washing Machine,AEG Soft Water L9FEC966R 9 kg 1600 Spin Washing Machine - White
Washing Machine,BOSCH Serie 4 WAN28281GB 8 kg 1400 Spin Washing Machine - White
Washing Machine,SAMSUNG Series 5 ecobubble WW90TA046AX/EU 9 kg 1400 Spin Washing Machine - Graphite
Washing Machine,SAMSUNG Series 5 ecobubble WW90TA046AE/EU 9 kg 1400 Spin Washing Machine - White
Washing Machine,HOTPOINT NSWR 743U GK UK N 7 kg 1400 Spin Washing Machine - Graphite
Washing Machine,HOTPOINT NSWM 1043C GG UK N 10 kg 1400 Spin Washing Machine - Graphite
Washing Machine,HOTPOINT NSWR 743U WK UK N 7 kg 1400 Spin Washing Machine - White
Washing Machine,HOTPOINT NSWM 1044C BS UK N 10kg 1400 Spin Washing Machine - Black
Washing Machine,SAMSUNG Series 5+ AddWash WW90T554DAW/S1 WiFi-enabled 9 kg 1400 Spin Washing Machine - White
Washing Machine,HOTPOINT NSWM 1044C W UK N 10kg 1400 Spin Washing Machine - White
Washing Machine,SAMSUNG Series 5+ Auto Dose WW90T534DAW/S1 WiFi-enabled 9 kg 1400 Spin Washing Machine
Washing Machine,SAMSUNG Series 5+ Auto Dose WW90T534DAN/S1 WiFi-enabled 9 kg 1400 Spin Washing Machine - Graphite
Washing Machine,LOGIK L712WM20 7 kg 1200 Spin Washing Machine - White
Washing Machine,LOGIK L814WM20 8 kg 1400 Spin Washing Machine - White
Washing Machine,BEKO WTK72011W 7 kg 1200 Spin Washing Machine - White
Washing Machine,BEKO RecycledTub WTK94121W 9 kg 1400 Spin Washing Machine - White
Washing Machine,BEKO WTK82011W 8 kg 1200 Spin Washing Machine - White
Washing Machine,LOGIK LIW714W20 Integrated 7 kg 1400 Spin Washing Machine
Washing Machine,LG AI DD V3 F4V310SNE 10.5 kg 1400 Spin Washing Machine - Graphite
Washing Machine,INDESIT IWC 71453 W UK N 7 kg 1400 Spin Washing Machine - White
Washing Machine,LOGIK L914WM20 9 kg 1400 Spin Washing Machine - White
Washing Machine,HOOVER H-Wash 300 H3W 68TME NFC 8 kg 1600 Spin Washing Machine - White
Washing Machine,BEKO Pro AquaTech B5W5941AW Bluetooth 9 kg 1400 Spin Washing Machine - White
Washing Machine,LG AI DD V3 F4V310WNE 10.5 kg 1400 Spin Washing Machine - White
Washing Machine,CANDY CS 14102DE NFC 10 kg 1400 Spin Washing Machine - White
Washing Machine,INDESIT IWC 71452 W UK N 7 kg 1400 Spin Washing Machine – White
Washing Machine,BOSCH Serie 2 WAJ28008GB 7 kg 1400 Spin Washing Machine - White
Washing Machine,HOOVER H-Wash 300 H3W410TE NFC 10 kg 1400 Spin Washing Machine - White
Washing Machine,HOOVER H-Wash 300 H3W 68TMGGE 8 kg 1600 Spin Washing Machine - Graphite
Washing Machine,HOOVER H-WASH 300 Pro HBWOS 69TAMCET Integrated WiFi-enabled 9 kg 1600 Spin Washing Machine - White
Washing Machine,BEKO WTK74011A 7 kg 1400 Spin Washing Machine - Anthracite
Washing Machine,BOSCH Serie 6 WAU28R90GB 9 kg 1400 Spin Washing Machine - White
Washing Machine,LOGIK L1014WM20 10 kg 1400 Spin Washing Machine - White
Washing Machine,SAMSUNG Series 6 AddWash + Auto Dose WW90T684DLN/S1 WiFi-enabled 9 kg 1400 Spin Washing Machine - Graphite
Washing Machine,INDESIT Innex BWE 91683X W UK 9 kg 1600 Spin Washing Machine - White
Washing Machine,BEKO Pro IronFast RecycledTub B3W5942IW Bluetooth 9 kg 1400 Spin Washing Machine - White
Washing Machine,BEKO Pro AquaTech B5W5941AG Bluetooth 9 kg 1400 Spin Washing Machine – Graphite
Washing Machine,BEKO WTK74011W 7 kg 1400 Spin Washing Machine - White
Washing Machine,HOTPOINT NSWR 944C WK UK N 9 kg 1400 Spin Washing Machine - White
Washing Machine,INDESIT MTWC 91484 W 9 kg 1400 Spin Washing Machine - White
Washing Machine,BOSCH Serie 4 WAN28081GB 7 kg 1400 Spin Washing Machine - White
Washing Machine,LOGIK LIW814W20 Integrated 8 kg 1400 Spin Washing Machine
Washing Machine,SAMSUNG Series 5 ecobubble WW80TA046AX/EU 8 kg 1400 Spin Washing Machine - Graphite
Washing Machine,HOOVER H3W69TME NFC 9 kg 1600 Spin Washing Machine - White
Washing Machine,HOOVER H-Wash 300 H3W410TGGE NFC 10 kg 1400 Spin Washing Machine - Graphite
Washing Machine,HOOVER H-Wash 500 HWB 49AMBCR WiFi-enabled 9 kg 1400 Spin Washing Machine - Graphite
Washing Machine,SAMSUNG Series 5 ecobubble WW70TA046TE/EU 7 kg 1400 Spin Washing Machine - White
Washing Machine,BEKO Pro AquaTech WEX84064E0W Bluetooth 8 kg 1400 Spin Washing Machine – White
Washing Machine,HOOVER H-Wash 500 HWB 410AMC WiFi-enabled 10 kg 1400 Spin Washing Machine - White
Washing Machine,HOOVER H-Wash 500 HWB 69AMC WiFi-enabled 9 kg 1600 Spin Washing Machine - White
Washing Machine,HOOVER H-Wash 500 HWB 411AMC WiFi-enabled 11 kg 1400 Spin Washing Machine - White
Washing Machine,HOTPOINT Core NSWR 843C WK UK 8 kg 1400 Spin Washing Machine - White
Washing Machine,BEKO WTIK72111 Integrated 7 kg 1200 Spin Washing Machine
Washing Machine,HOTPOINT Core NSWR 843C BS UK N 8 kg 1400 Spin Washing Machine – Black
Washing Machine,HOOVER H-Wash 500 HWB49AMC Smart 9 kg 1400 Spin Washing Machine - White
Washing Machine,BEKO Pro RecycledTub WEX840530B Bluetooth 8 kg 1400 Spin Washing Machine - Black
Washing Machine,BEKO Pro RecycledTub WEX840530W Bluetooth 8 kg 1400 Spin Washing Machine - White
Washing Machine,HOOVER H-WASH 300 Pro HBWOS 69TAMCBET Integrated WiFi-enabled 9 kg 1600 Spin Washing Machine - Black
Washing Machine,BEKO WTIK74111 Integrated 7 kg 1400 Spin Washing Machine
Washing Machine,BOSCH Serie 8 WIW28501GB Integrated 8 kg 1400 Spin Washing Machine
Washing Machine,HOOVER H-WASH 300 HBWS 48D2E Integrated 8 kg 1400 Spin Washing Machine
Washing Machine,INDESIT Innex BWE 71452W UK N 7 kg 1400 Spin Washing Machine – White
Washing Machine,HOOVER H-Wash 300 H3WS69TAMCGE NFC 9 kg 1600 Spin Washing Machine - Granite
Washing Machine,BEKO Pro RecycledTub WTIK76121 Integrated 7 kg 1600 Spin Washing Machine
Washing Machine,CANDY CS 1482DE NFC 8 kg 1400 Spin Washing Machine - White
Washing Machine,BEKO Pro RecycledTub WTIK84121 Integrated 8 kg 1400 Spin Washing Machine
Washing Machine,BEKO RecycledTub WTK104121A 10 kg 1400 Spin Washing Machine - Anthracite
Washing Machine,BEKO RecycledTub WTK84011W 8 kg 1400 Spin Washing Machine - White
Washing Machine,HOOVER H-Wash 300 H3WS610TAMCGE NFC 10 kg 1600 Spin Washing Machine – Graphite
Washing Machine,HOTPOINT Core NSWR 963C WK UK N 9 kg 1600 Spin Washing Machine - White
Washing Machine,HOOVER H-WASH 300 H3WS68TAMCE NFC 8 kg 1600 Spin Washing Machine - White
Washing Machine,SAMSUNG Series 5+ Auto Dose WW10T534DAW/S1 WiFi-enabled 10.5 kg 1400 Spin Washing Machine - White
Washing Machine,BEKO RecycledTub WTK104121W 10 kg 1400 Spin Washing Machine - White
Washing Machine,HAIER I-Pro Series 5 HW90-B14959S8U1 WiFi-enabled 9 kg 1400 rpm Washing Machine - Anthracite
Washing Machine,SAMSUNG Series 5+ AddWash WW80T554DAN/S1 WiFi-enabled 8 kg 1400 Spin Washing Machine - Graphite
Washing Machine,LG AI DD V3 F4V309SNE 9 kg 1400 Spin Washing Machine - Graphite
Washing Machine,MIELE W1 WCA030 7 kg 1400 Spin Washing Machine - White
Washing Machine,BOSCH Serie 4 WAN282X1GB 8 kg 1400 Spin Washing Machine - Silver Inox
Washing Machine,SAMSUNG Series 4 WW90T4040CX/EU 9 kg 1400 Spin Washing Machine - Graphite
Washing Machine,SAMSUNG Series 5 ecobubble WW80TA046TH/EU 8 kg 1400 Spin Washing Machine - White
Washing Machine,CANDY CS1492DE NFC 9 kg 1400 Spin Washing Machine – White
Washing Machine,BOSCH Serie 6 WAU28TS1GB 9 kg 1400 Spin Washing Machine - Silver Inox
Washing Machine,LG TurboWash 360 with AI DD V9 F4V909BTSE WiFi-enabled 9 kg 1400 Spin Washing Machine - Black
Washing Machine,HOOVER H-Wash 300 HBWS 49D2ACE Integrated 9 kg 1400 Spin Washing Machine
Washing Machine,SAMSUNG Series 5 ecobubble WW80TA046AE/EU 8 kg 1400 Spin Washing Machine - White
Washing Machine,SHARP ES-NFB8141WD-EN 8 kg 1400 Spin Washing Machine - White
Washing Machine,SAMSUNG Series 9 QuickDrive WW90T986DSX/S1 WiFi-enabled 9 kg 1600 Spin Washing Machine - Graphite
Washing Machine,BEKO WTL74051B 7 kg 1400 Spin Washing Machine - Black
Washing Machine,BEKO Pro AquaTech B5W51041AW Bluetooth 10 kg 1400 Spin Washing Machine – White
Washing Machine,CANDY CBW 49D2E Integrated 9 kg 1400 Spin Washing Machine
Washing Machine,HOOVER H-Wash 500 HWB410AMBCR WiFi-enabled 10 kg 1400 Spin Washing Machine - Graphite
Washing Machine,SAMSUNG Series 5+ Auto Dose WW80T534DAN/S1 WiFi-enabled 8 kg 1400 Spin Washing Machine - Graphite
Washing Machine,CANDY CBW 48D2E 8 kg 1400 Spin Integrated Washing Machine
Washing Machine,HOOVER H-Wash 300 H3W 69TMGGE NFC 9 kg 1600 Spin Washing Machine - Graphite
Washing Machine,INDESIT IWC 81483 W UK N 8 kg 1400 Spin Washing Machine - White
Washing Machine,SAMSUNG Series 5+ Auto Dose WW10T534DAN/S1 WiFi-enabled 10 kg 1400 Spin Washing Machine - Graphite
Washing Machine,HOTPOINT NSWR 944C GK UK N 9 kg 1400 Spin Washing Machine - Graphite
Washing Machine,HAIER I-Pro Series 7 HW100-B14979S 10 kg 1400 Spin Washing Machine - Graphite
Washing Machine,HOOVER H-Wash 300 H3W49TGGE NFC 9 kg 1400 Spin Washing Machine - Graphite
Washing Machine,HOOVER H-Wash 300 H3W 48TGGE NFC 8 kg 1400 Spin Washing Machine – Graphite
Washing Machine,BEKO Pro RecycledTub B3W51042IW Bluetooth 10 kg 1400 Spin Washing Machine - White
Washing Machine,HOOVER H-Wash 300 H3W49TE NFC 9 kg 1400 Spin Washing Machine - White
Washing Machine,HISENSE WFGE10141VM 10 kg 1400 rpm Washing Machine - White
Washing Machine,HOTPOINT Core NSWR 963C GK UK N 9 kg 1600 Spin Washing Machine - Graphite
Washing Machine,HOOVER H-Wash 500 HWB 69AMBCR WiFi-enabled 9 kg 1600 Spin Washing Machine - Graphite
Washing Machine,SAMSUNG Series 4 WW70T4040EE/EU 7 kg 1400 Spin Washing Machine - White
Washing Machine,BOSCH Serie 6 i-DOS WAU28PH9GB WiFi-enabled 9 kg 1400 Spin Washing Machine - White
Washing Machine,HOTPOINT Activecare NM11 964 BC A UK N 9 kg 1600 Spin Washing Machine - Black
Washing Machine,LG AI DD V5 F4V509SSE WiFi-enabled 9 kg 1400 Spin Washing Machine - Graphite
Washing Machine,HOOVER H-WASH 300 Pro HBWOS 69TMET-80 Integrated WiFi-enabled 9 kg 1600 Spin Washing Machine
Washing Machine,MIELE W1 WWD020 WCS 8 kg 1400 Spin Washing Machine - White
Washing Machine,CANDY CBW49D2BBE Integrated 9 kg 1400 Spin Washing Machine - Black
Washing Machine,BEKO WTL74051S 7 kg 1400 Spin Washing Machine - Silver
Washing Machine,SAMSUNG Series 6 AddWash + Auto Dose WW10T684DLH/S1 WiFi-enabled 10.5 kg 1400 Spin Washing Machine - White
Washing Machine,AEG Soft Water L9FEC966R 9 kg 1600 Spin Washing Machine - White
Washing Machine,HAIER I-Pro Series 5 HW90-B14959U1-UK WiFi-enabled 9 kg 1400 Spin Washing Machine - White
Washing Machine,LG TurboWash 360 with AI DD V9 F4V909WTSE WiFi-enabled 9 kg 1400 Spin Washing Machine - White
Washing Machine,HOTPOINT Core NSWR 843C GK UK 8 kg 1400 Spin Washing Machine - Graphite
Washing Machine,BOSCH Serie 6 WAL28RH1GB WiFi-enabled 10 kg 1400 Washing Machine - White
Washing Machine,NEFF W543BX1GB Integrated 8 kg 1400 Spin Washing Machine - White
Washing Machine,ZANUSSI ZWF144A2PW 10 kg 1400 Spin Washing Machine - White
Washing Machine,BOSCH Serie 6 i-DOS WAU28S80GB 8 kg 1400 Spin Washing Machine - White
Washing Machine,ZANUSSI ZWC1301 3 kg 1300 Spin Washing Machine - White
Washing Machine,LG TurboWash 360 with AIDD V9 F6V909BTSA WiFi-enabled 9 kg 1600 Spin Washing Machine - Black Steel
Washing Machine,HOTPOINT BIWMHG91484 Integrated 9 kg 1400 Spin Washing Machine
Washing Machine,GRUNDIG GW75843TW Bluetooth 8 kg 1400 rpm Washing Machine - White
Washing Machine,GRUNDIG FiberCatcher GW78941FW Bluetooth 9 kg 1400 Spin Washing Machine - White
Washing Machine,HOOVER H-Wash 300 H3W48TE NFC 8 kg 1400 Spin Washing Machine - White
Washing Machine,HAIER 636 Series HW100-B14636N 10 kg 1400 Spin Washing Machine - White
Washing Machine,CANDY Smart Pro CSO 1483DWCE WiFi-enabled 8 kg 1400 Spin Washing Machine - White
Washing Machine,HOTPOINT Activecare NM11 844 WC A UK N 8 kg 1400 Spin Washing Machine - White
Washing Machine,LG EZDispense with TurboWash 360 V9 F6V910WTSA WiFi-enabled 10.5 kg 1600 Spin Washing Machine - White
Washing Machine,SAMSUNG Series 6 AddWash + Auto Dose WW10T684DLN/S1 WiFi-enabled 10.5 kg 1400 Spin Washing Machine - Graphite
Washing Machine,HISENSE WFGE80141VM 8 kg 1400 Spin Washing Machine - White
Washing Machine,GRUNDIG GW75942TG Bluetooth 9 kg 1400 rpm Washing Machine - Graphite
Washing Machine,MIELE W1 TwinDos WWG 660 WCS WiFi-enabled 9 kg 1400 Spin Washing Machine - White
Washing Machine,HAIER I-Pro Series 7 HW80-B14979 8 kg 1400 Spin Washing Machine - White
Washing Machine,HOOVER H-Wash 300 HBWS 48D2ACE Integrated 8 kg 1400 Spin Washing Machine
Washing Machine,HOTPOINT Activecare NM11 964 WC UK N 9 kg 1600 Spin Washing Machine - White
Washing Machine,LG AI DD V3 F4V309WNE 9 kg 1400 Spin Washing Machine - White
Washing Machine,SHARP ES-NFB8141SD 8 kg 1400 Spin Washing Machine - Silver
Washing Machine,CANDY Rapido RO14114DWMCE WiFi-enabled 11 kg 1400 Spin Washing Machine - White
Washing Machine,MONTPELLIER MW7141S 7 kg 1400 Spin Washing Machine - Silver
Washing Machine,HAIER I-Pro Series 5 HW100-B14959U1 WiFi-enabled 10 kg 1400 rpm Washing Machine - White
Washing Machine,SAMSUNG Series 4 WW80T4040EE/EU 8 kg 1400 Spin Washing Machine - White
Washing Machine,GRUNDIG FiberCatcher GW781041FW Bluetooth 10 kg 1400 rpm Washing Machine - White
Washing Machine,HAIER 636 Series HW80-B14636N 8 kg 1400 Spin Washing Machine - White
Washing Machine,NEFF W544BX1GB Integrated 8 kg 1400 rpm Washing Machine
Washing Machine,GRUNDIG GW75962TW Bluetooth 9 kg 1600 rpm Washing Machine - White
Washing Machine,MONTPELLIER MW7141K 7 kg 1400 Spin Washing Machine - Black
Washing Machine,AEG ProSteam L7FEE965R 9 kg 1600 Spin Washing Machine - White
Washing Machine,GRUNDIG FiberCatcher GW78941FG Bluetooth 9 kg 1400 Spin Washing Machine - Graphite
Washing Machine,SAMSUNG Series 4 AddWash WW90T4540AE/EU Smart 9 kg 1400 Spin Washing Machine - White
Washing Machine,SAMSUNG Series 8 QuickDrive WW90T854DBH/S1 WiFi-enabled 9 kg 1400 Spin Washing Machine - White
Washing Machine,HOTPOINT Activecare NM11 964 GC A UK N 9 kg 1600 Spin Washing Machine - Graphite
Washing Machine,SAMSUNG Series 4 AddWash WW90T4540AX/EU Smart 9 kg 1400 Spin Washing Machine - Graphite
Washing Machine,HOTPOINT BIWMHG81484 Integrated 8 kg 1400 Spin Washing Machine
Washing Machine,MIELE WWG 360 WiFi-enabled 9 kg 1400 Spin Washing Machine - White
Washing Machine,SHARP ES-NFB0142WD-EN 10 kg 1400 Spin Washing Machine - White
Washing Machine,HOOVER H-Wash 300 HBWS48D1ACBE Integrated 8 kg 1400 Spin Washing Machine – Black
Washing Machine,HAIER I-Pro Series 7 HW80-B14979S 8 kg 1400 Spin Washing Machine - Graphite
Washing Machine,HISENSE WFGE90141VM 9 kg 1400 Spin Washing Machine - White
Washing Machine,LG Direct Drive F4MT08WE 8 kg 1400 Spin Washing Machine - White
Washing Machine,SAMSUNG Series 4 WW90T4040CE/EU 9 kg 1400 Spin Washing Machine - White
Washing Machine,BEKO WTL76151W 7 kg 1600 Spin Washing Machine - White
Washing Machine,LG TurboWash 360 with AI DD V9 F4V910BTSE WiFi-enabled 10.5 kg 1400 Spin Washing Machine - Black
Washing Machine,LG AI DD V5 F4V510WSE WiFi-enabled 10.5 kg 1400 Spin Washing Machine - White
Washing Machine,HOOVER H-Wash 300 HBWS49D1ACBE Integrated 9 kg 1400 Spin Washing Machine – Black
Washing Machine,SHARP ES-NFB9141WD-EN 9 kg 1400 Spin Washing Machine - White
Washing Machine,HISENSE WFGE80142VM 8 kg 1400 rpm Washing Machine - White
Washing Machine,BOSCH Serie 8 WAX32GH4GB WiFi-enabled 10 kg 1600 Spin Washing Machine - White
Washing Machine,MIELE W1 PowerWash & TwinDos WWI 860 WiFi-enabled 9 kg 1600 Spin Washing Machine - White
Washing Machine,HOTPOINT ActiveCare NM11 1044 WC A UK N 10 kg 1400 Spin Washing Machine - White
Washing Machine,HOOVER H-WASH 300 Lite HBWS 49D2E-80 Integrated 9 kg 1400 Spin Washing Machine
Washing Machine,LG EZDispense with TurboWash 360 V9 F6V910BTSA WiFi-enabled 10.5 kg 1600 Spin Washing Machine - Black
Washing Machine,SAMSUNG Series 5 ecobubble WW12T504DAN WiFi-enabled 12 kg 1400 Spin Washing Machine - Graphite
Washing Machine,LG FH4G1BCS2 WiFi-enabled 12 kg 1400 Spin Washing Machine - White
Washing Machine,LG EZDispense with TurboWash 360 V11 F4V1112WTSA WiFi-enabled 12 kg 1400 Spin Washing Machine - White
Washing Machine,GRUNDIG GW751042TW Bluetooth 10 kg 1400 rpm Washing Machine - White
Washing Machine,HOTPOINT Gentlepower H8 W946WB 9 kg 1400 Spin Washing Machine - White
Washing Machine,SAMSUNG Series 5+ AddWash WW80T554DAW/S1 WiFi-enabled 8 kg 1400 Spin Washing Machine - White
Washing Machine,AEG AEG ProSense L6FBJ842P 8 kg 1400 Spin Washing Machine - White
Washing Machine,LG EZDispense with TurboWash 360 V11 F4V1112BTSA WiFi-enabled 12 kg 1400 Spin Washing Machine - Black
Washing Machine,LG AI DD V3 F4V309WSE 9 kg 1400 Spin Washing Machine - White
Washing Machine,HAIER I-Pro Series 7 HW100-B14979 10 kg 1400 Spin Washing Machine - White
Washing Machine,LG TurboWash with Steam V7 F4V712STSE WiFi-enabled 12 kg 1400 Spin Washing Machine - Graphite
Washing Machine,MIELE WWR 860 WiFi-enabled 9 kg 1600 Spin Washing Machine - White
Washing Machine,SAMSUNG Series 5+ Auto Dose WW80T534DAW/S1 WiFi-enabled 8 kg 1400 Spin Washing Machine - White
Washing Machine,SAMSUNG Series 6 AddWash + Auto Dose WW80T684DLN/S1 WiFi-enabled 8 kg 1400 Spin Washing Machine - Graphite
Washing Machine,LG TurboWash 360 with AIDD V9 F6V909WTSA WiFi-enabled 9 kg 1600 Spin Washing Machine - White
Washing Machine,BOSCH Serie 8 WAX32M81GB WiFi-enabled 10 kg 1600 Spin Washing Machine - White
Washing Machine,SHARP ES-NFB914AWC-EN 9 kg 1400 Spin Washing Machine - White
Washing Machine,LG EZDispense with TurboWash 360 V11 F6V1110WTSA WiFi-enabled 10.5 kg 1600 Spin Washing Machine - White
Washing Machine,HOTPOINT H6 W845WB UK 8 kg 1400 Spin Washing Machine - White
Washing Machine,BOSCH Serie 8 WAX32MH9GB WiFi-enabled 9 kg 1600 Spin Washing Machine - White
Washing Machine,BEKO Pro HygieneShield WEY104064TW Bluetooth 10 kg 1400 Spin Washing Machine - White
Washing Machine,MIELE W1 TwinDos WWD 660 WiFi-enabled 8 kg 1400 Spin Washing Machine - White
Washing Machine,MONTPELLIER MW1045W 10 kg 1500 rpm Washing Machine - White
Washing Machine,MONTPELLIER MW7141W 7 kg 1400 Spin Washing Machine - White
Washing Machine,AEG ProSteam L7FEE865R Washing Machine - White
Washing Machine,SAMSUNG Series 8 QuickDrive WW90T854DBX/S1 WiFi-enabled 9 kg 1400 Spin Washing Machine - Graphite
Washing Machine,LG TurboWash 360 with Steam+ V10 F4V1012BTSE WiFi-enabled 12 kg 1400 Spin Washing Machine - Black
Washing Machine,LG AI DD V3 F4V309SSE 9 kg 1400 Spin Washing Machine - Graphite
Washing Machine,LG AI DD V5 F4V510SSE WiFi-enabled 10.5 kg 1400 Spin Washing Machine - Graphite
Washing Machine,HAIER I-Pro Series 7 HW120-B14979 12 kg 1400 Spin Washing Machine - White
Washing Machine,MONTPELLIER MIWM84 Integrated 8 kg 1400 Spin Washing Machine
Washing Machine,SAMSUNG Series 5 ecobubble WW12T504DAW WiFi-enabled 12 kg 1400 Spin Washing Machine - White
Washing Machine,SAMSUNG Series 9 QuickDrive WW90T986DSH/S1 WiFi-enabled 9 kg 1600 Spin Washing Machine - White
Washing Machine,SAMSUNG Series 6 AddWash + Auto Dose WW80T684DLH/S1 WiFi-enabled 8 kg 1400 Spin Washing Machine - White
Washing Machine,MIELE W1 PowerWash WWD 320 8 kg 1400 Spin Washing Machine - White
Washing Machine,LG EZDispense with TurboWash 360 V11 F6V1110BTSA WiFi-enabled 10.5 kg 1600 Spin Washing Machine - Black
Washing Machine,LG TurboWash with AI DD V7 F4V709WTSE WiFi-enabled 9 kg 1400 Spin Washing Machine - White
Washing Machine,BOSCH Serie 6 WGG256M1GB 10 kg 1600 Spin Washing Machine - White
Washing Machine,SHARP ES-NFH014CWC-EN 10 kg 1400 Spin Washing Machine - White
Washing Machine,BOSCH Serie 6 WGG24409GB 9 kg 1400 Spin Washing Machine - White
Washing Machine,LG TurboWash 360 with Steam+ V10 F4V1012WTSE WiFi-enabled 12 kg 1400 Spin Washing Machine - White
Washing Machine,HOOVER H-Wash 500 HWDB 610AMBCR Auto Dosing WiFi-enabled 10 kg 1600 Spin Washing Machine - Graphite
Washing Machine,HOOVER H-Wash 500 Auto Dosing HWDB 69AMBC WiFi-enabled 9 kg 1600 Spin Washing Machine - White
Washing Machine,HOTPOINT H7 W945WB 9 kg 1400 Spin Washing Machine - White
Washing Machine,AEG ProSteam L7FEE945R 9 kg 1400 Spin Washing Machine - White & Stainless Steel
Washing Machine,LG TurboWash with Steam V7 F4V712WTSE WiFi-enabled 12 kg 1400 Spin Washing Machine - White
Washing Machine,LG TurboWash with AI DD V7 F4V709STSE WiFi-enabled 9 kg 1400 Spin Washing Machine - Graphite
Washing Machine,HOTPOINT NM11 844 GC A UK N 8 kg 1400 Spin Washing Machine – Graphite
Washing Machine,CDA CI3161 Integrated 6 kg 1200 Spin Washing Machine
Washing Machine,LG TurboWash 360 with AI DD V10 F6V1010WTSE WiFi-enabled 10.5 kg 1600 Spin Washing Machine - White
Washing Machine,LG TurboWash with AI DD V7 F4V710STSE WiFi-enabled 10.5 kg 1400 Spin Washing Machine - Graphite
Washing Machine,LG EZDispense TurboWash with AI DD V7 F4V710STSA WiFi-enabled 10.5 kg 1400 Spin Washing Machine - Graphite
Washing Machine,LG TurboWash 360 with AI DD V10 F6V1009BTSE WiFi-enabled 9 kg 1600 Spin Washing Machine - Black
Washing Machine,LG TurboWash 360 with AI DD V10 F6V1010BTSE WiFi-enabled 10.5 kg 1600 Spin Washing Machine - Black
Washing Machine,LG EZDispense TurboWash with AI DD V7 F4V709STSA WiFi-enabled 9 kg 1400 Spin Washing Machine - Graphite
Washing Machine,GRUNDIG GW75942TW Bluetooth 9 kg 1400 rpm Washing Machine - White
Washing Machine,LG TurboWash 360 with AI DD V10 F6V1009WTSE WiFi-enabled 9 kg 1600 Spin Washing Machine - White
Washing Machine,LG EZDispense TurboWash with AI DD V7 F4V710WTSA WiFi-enabled 10.5 kg 1400 Spin Washing Machine - White
Washing Machine,LG TurboWash with AI DD V7 F4V710WTSE WiFi-enabled 10.5 kg 1400 Spin Washing Machine - White
Washing Machine,SHARP ES-NFH014CWB 10 kg 1400 Spin Washing Machine - White
Washing Machine,LG EZDispense TurboWash with AI DD V7 F4V709WTSA WiFi-enabled 9 kg 1400 Spin Washing Machine - White
Washing Machine,BOSCH Serie 6 WIW28301GB Integrated 8 kg 1400 Spin Washing Machine
Washing Machine,CANDY Rapido RO1694DWMCE WiFi-enabled 9 kg 1600 Spin Washing Machine - White
Washing Machine,INDESIT BIWMIL91484 Integrated 9 kg 1400 Spin Washing Machine
Washing Machine,INDESIT Innex BWE 101683X W UK N 10 kg 1600 Spin Washing Machine - White
Washing Machine,SHARP ES-NFB814AWC-EN 8 kg 1400 Spin Washing Machine - White
Washing Machine,HOTPOINT BI WMHG 71483 UK N Integrated 7 kg 1400 Spin Washing Machine
Washing Machine,CANDY Rapido RO16104DWMCE WiFi-enabled 10 kg 1600 Spin Washing Machine - White
Washing Machine,LG TurboWash 360 with AI DD V9 F4V910WTSE WiFi-enabled 10.5 kg 1400 Spin Washing Machine - White
Washing Machine,SHARP ES-NFB8141BD 8 kg 1400 Spin Washing Machine - Black
Washing Machine,INDESIT Innex BWE 71452K UK N 7 kg 1400 Spin Washing Machine - Black
Washing Machine,MONTPELLIER MW9145P 9 kg 1400 Spin Washing Machine - White
Washing Machine,INDESIT BIWMIL81284 Integrated 8 kg 1200 Spin Washing Machine
Washing Machine,BOSCH Serie 8 WAV28MH4GB WiFi-enabled 9 kg 1400 Spin Washing Machine - White
Washing Machine,HOOVER H-Wash 500 HWDB 69AMBCR Auto Dosing WiFi-enabled 9 kg 1600 Spin Washing Machine - Graphite
Washing Machine,HOOVER H-Wash 500 HWB 411AMBCR WiFi-enabled 11 kg 1400 Spin Washing Machine - Graphite
Washing Machine,ZANUSSI Z714W43BI Integrated 7 kg 1400 Spin Washing Machine
Washing Machine,HOOVER H-Wash 300 H3WS68TAMCGE NFC 8 kg 1600 Spin Washing Machine - Graphite
Washing Machine,HOOVER H-Wash 500 HWB 414AMC WiFi-enabled 14 kg 1400 Spin Washing Machine - White
Washing Machine,HAIER I-Pro Series 5 HW100-B14959S8U1UK WiFi-enabled 10 kg 1400 rpm Washing Machine - Anthracite
Washing Machine,ZANUSSI ZWF745B4PW 7 kg 1400 Spin Washing Machine - White
Washing Machine,CANDY Smart Pro CSO1493DWCE WiFi-enabled 9 kg 1400 Spin Washing Machine - White
Washing Machine,CANDY Rapido RO14104DWMCE WiFi-enabled 10 kg 1400 Spin Washing Machine - White
Washing Machine,BEKO Pro RecycledTub WTIK86151F Integrated 8 kg 1600 Spin Washing Machine
Washing Machine,AEG 7000 Series L7FC8432BI Integrated 8 kg 1400 Spin Washing Machine
Washing Machine,BOSCH Serie 8 WAX28EH1GB WiFi-enabled 10 kg 1400 Spin Washing Machine - White
Washing Machine,AEG 7000 Series L7FE7261BI Integrated 7 kg 1200 Spin Washing Machine
Washing Machine,HOTPOINT Gentlepower H8 W046SB UK 10 kg 1400 Spin Washing Machine - Silver
Washing Machine,HOTPOINT Activecare NM11 945 BC A UK N 9 kg 1400 Spin Washing Machine - Black
Washing Machine,ZANUSSI ZWF845B4DG 8 kg 1400 Spin Washing Machine - White
Washing Machine,ZANUSSI ZWF944A2PW 9 kg 1400 Spin Washing Machine - White
Washing Machine,MONTPELLIER MW8145W 8 kg 1400 Spin Washing Machine - White
Washing Machine,HOOVER H-Wash 500 HWDB 610AMB Auto Dosing WiFi-enabled 10 kg 1600 Spin Washing Machine - White
Washing Machine,HOTPOINT Activecare NM11 945 GC UK N 9 kg 1400 Spin Washing Machine - Graphite
Washing Machine,BOSCH Serie 8 WAV28EH3GB WiFi-enabled 9 kg 1400 Spin Washing Machine - White
Washing Machine,CANDY CBW 48D2XCE Integrated 8 kg 1400 Spin Washing Machine
Washing Machine,MONTPELLIER MIWM84 Integrated 8 kg 1400 Spin Washing Machine
