"HP 22-df0040na 21.5"" All-in-One PC - Intel® Pentium®, 128 GB SSD, White",429.0,4.6,26.0
"HP 24-dp0002na 23.8"" All-in-One PC - AMD Ryzen 5, 256 GB SSD, Silver",549.0,4.4,125.0
"ASUS Zen AiO M5401 23.8"" All-in-One PC - AMD Ryzen 3, 512 GB SDD, Black & Gold",459.0,4.45,22.0
"HP Pavilion TP01-2000na Desktop PC - AMD Ryzen 7, 1 TB HDD & 256 GB SSD, Silver",599.0,4.3,114.0
"LENOVO IdeaCentre AIO 3 27"" All-in-One PC - AMD Ryzen 5, 512 GB SSD, Black",649.0,,
"LENOVO IdeaCentre AIO 3 23.8"" All-in-One PC - AMD Ryzen 5, 512 GB SSD, Black",599.0,,
"ACER Aspire C24-1600 23.8"" All-in-One PC - Intel® Pentium®, 256 GB SSD, Black",499.0,,
"LENOVO IdeaCentre AIO 3i 23.8"" All-in-One PC - Intel® Core™ i3, 256 GB SSD, Black",549.0,4.35,185.0
"HP Pavilion TP01-2000na Desktop PC - AMD Ryzen 7, 1 TB HDD & 256 GB SSD, Silver",599.0,4.3,114.0
"HP Slim S01-aF1011na Desktop PC - Intel® Celeron®, 256 GB SSD, Black",199.0,4.35,35.0
"APPLE iMac 4.5K 24"" (2021) - M1, 256 GB SSD, Blue",1149.0,4.5,53.0
"DELL Inspiron 3891 Desktop PC - Intel® Core™ i5, 1 TB HDD & 256 SSD, Black",599.0,4.2,3018.0
"DELL Inspiron 3891 Desktop PC - Intel® Core™ i3, 1 TB HDD, Black",449.0,4.3,104.0
"HP Slim S01-aF1018na Desktop PC - Intel® Pentium®, 512 GB SSD, Black",299.0,,
"ACER Aspire C24-1650 23.8"" All-in-One PC - Intel® Core™ i5, 1 TB SSD, Silver",649.0,4.5,39.0
"LENOVO IdeaCentre AIO 3 23.8"" All-in-One PC - AMD Ryzen 3, 256 GB SSD, Black",399.0,,
"ACER Aspire C24-1650 23.8"" All-in-One PC - Intel® Core™ i3, 256 GB SSD, Silver",499.0,4.6,37.0
"DELL Inspiron AIO 7700 27"" All-in-One PC - Intel® Core™ i7, 1 TB HDD & 512 GB SSD, Silver",1049.0,4.6,123.0
"APPLE iMac 4.5K 24"" (2021) - M1, 512 GB SSD, Silver",1363.0,4.75,56.0
"LENOVO IdeaCentre AIO 3i 23.8"" All-in-One PC - Intel® Core™ i5, 512 GB SSD, Black",549.0,4.35,185.0
"HP Pavilion 27-d1005na 27"" All-in-One PC - Intel® Core™ i5, 1 TB SSD, White",949.0,4.6,28.0
"APPLE Mac Mini (2020) - M1, 256 GB SSD",629.97,4.55,212.0
"APPLE iMac 4.5K 24"" (2021) - M1, 512 GB SSD, Blue",1499.0,4.75,70.0
"LENOVO IdeaCentre AIO 3i 27"" All-in-One PC - Intel® Core™ i3, 256 GB SSD, Black",499.0,4.35,185.0
"ACER Aspire XC-1660 Desktop PC - Intel® Core™ i5, 1 TB HDD, Black",419.0,3.95,95.0
"APPLE iMac 4.5K 24"" (2021) - M1, 256 GB SSD, Pink",1149.0,4.65,19.0
"LENOVO IdeaCentre AIO 5i 27"" All-in-One PC - Intel® Core™ i7, 1 TB SSD, Grey",999.0,,
"APPLE iMac 4.5K 24"" (2021) - M1, 256 GB SSD, Green",1119.0,4.8,20.0
APPLE Studio Display with Nano-Texture Glass & Tilt-Adjustable Stand - Silver,1749.0,,
"ACER Aspire TC-1660 Desktop PC - Intel® Core™ i7, 1 TB HDD & 256 GB SSD, Black",799.0,4.05,83.0
"HP 22-dd0001na 21.5"" All-in-One PC - AMD Ryzen 3, 128 GB SSD, White",429.0,,
"ACER Aspire TC-1660 Desktop PC - Intel® Core™ i5, 1 TB HDD & 256 GB SSD, Black",499.0,4.05,83.0
"HP Pavilion 27-d1007na 27"" All-in-One PC - Intel® Core™ i7, 1 TB SSD, White",999.0,4.7,54.0
"HUAWEI MateStation S Desktop PC & 23.8"" Full HD Monitor Bundle - AMD Ryzen 5, 256 GB SSD, Grey",449.0,,
"ACER Aspire C22-820 21.5"" All-in-One PC - Intel® Pentium®, 128 GB SSD, Silver",399.0,4.8,8.0
"HP Pavilion 24-k0045na 23.8"" All-in-One PC - Intel® Core™ i5, 512 GB SSD, White",799.0,,
"ACER Aspire XC-1660 Desktop PC - Intel® Core™ i5, 1 TB SSD, Black",629.0,3.95,95.0
"APPLE Mac Studio - M1 Max, 512 GB SSD, Silver",1999.0,,
"HP 27-dp0033na 27"" All-in-One PC - Intel® Core™ i5, 512 GB SSD, Silver",799.0,4.3,88.0
"DELL Inspiron AIO 5400 23.8"" All-in-One PC - Intel® Core™ i3, 256 GB SSD, Silver",619.0,4.55,97.0
"LENOVO IdeaCentre AIO 3 23.8"" All-in-One PC - AMD Ryzen 5, 256 GB SSD, Black",579.0,4.3,10.0
"APPLE iMac 5K 27"" (2020) - Intel® Core™ i5, 512 GB SSD",1689.0,4.65,84.0
"APPLE Mac Mini (2020) - M1, 512 GB SSD",838.0,4.55,68.0
"ACER Aspire C24-1650 23.8"" All-in-One PC - Intel® Core™ i5, 256 GB SSD, Silver",619.0,4.45,29.0
"APPLE iMac 4.5K 24"" (2021) - M1, 512 GB SSD, Green",1449.0,4.75,13.0
"DELL XPS DT 8940 Desktop PC - Intel® Core™ i5, 256 GB SSD, Black",899.0,4.0,34.0
"HP 24-cb0021na 23.8"" All-in-One PC - AMD Ryzen 5, 512 GB SSD, White",649.0,,
"APPLE iMac 4.5K 24"" (2021) - M1, 256 GB SSD, Silver",1149.0,4.5,67.0
"LENOVO IdeaCentre AIO 3 27"" All-in-One PC - AMD Ryzen 7, 512 GB SSD, Black",749.0,4.5,7.0
"HP M01-F2000na Desktop PC - Intel® Core™ i3, 256 GB SSD, Black",449.0,,
"ACER Aspire C24-1651 23.8"" All-in-One PC - Intel® Core™ i5, 1 TB HDD & 256 GB SSD, Silver",899.0,4.55,57.0
"DELL XPS 8950 Desktop PC - Intel® Core™ i7, 2 TB HDD & 512 GB SSD, Black",1849.0,,
"ACER Aspire C22-1650 21.5"" All-in-One PC - Intel® Core™ i3, 256 GB SSD, Silver",439.0,,
"APPLE iMac 4.5K 24"" (2021) - M1, 256 GB SSD, Silver",1329.98,4.4,37.0
"ACER Aspire C27-1655 27"" All-in-One PC - Intel® Core™ i7, 1 TB SSD, Silver",899.0,4.4,47.0
"DELL Inspiron AIO 5400 23.8"" All-in-One PC - Intel® Core™ i5, 1 TB HDD & 512 GB SSD, Silver",819.0,4.2,3018.0
"HP ENVY TE02-0000na Desktop - Intel® Core™ i7, 1 TB HDD & 512 GB SSD, Silver",1299.0,,
"LENOVO IdeaCentre 3 Desktop PC - AMD Ryzen 3, 256 GB SSD, Grey",329.0,4.6,13.0
"HP Pavilion 27-d1021na 27"" All-in-One PC - Intel® Core™ i7, 1 TB SSD, White",1599.0,4.7,34.0
"LENOVO Yoga AIO 7 27"" All-in-One PC - AMD Ryzen 7, 1 TB SSD, Grey & White",1399.0,,
"HP M01-F2004na Desktop PC - AMD Ryzen 5, 1 TB HDD & 256 GB SSD, Black",569.0,4.45,63.0
"ACER Aspire C27-1655 27"" All-in-One PC - Intel® Core™ i3, 1 TB SSD, Silver",699.0,4.4,47.0
"HP Pavilion 24-k0003na 23.8"" All-in-One PC - AMD Ryzen 5, 512 GB SSD, White",699.0,4.6,546.0
"ACER Chromebox CXi4 Mini Desktop PC - Intel® Celeron™, 32 GB eMMC, Silver",279.0,4.6,9.0
"HP 27-dp1022na 27"" All-in-One PC - Intel® Core™ i5, 512 GB SSD, Silver",849.0,4.35,68.0
"HP 22-dd1002na 21.5"" All-in-One PC - Intel® Core™ i3, 256 GB SSD, White",549.0,,
"HP 22-df0018na 21.5"" All-in-One PC - AMD Ryzen 3, 256 GB SSD, White",499.0,4.55,102.0
"HUAWEI MateStation S Desktop PC - AMD Ryzen 5, 256 GB SSD, Grey",449.0,4.0,2.0
"ACER Aspire C27-1655 27"" All-in-One PC - Intel® Core™ i5, 1 TB SSD, Silver",829.0,4.4,47.0
"ACER Aspire C24-1651 23.8"" All-in-One PC - Intel® Core™ i7, 1 TB HDD & 512 GB SSD, Silver",1099.0,4.55,57.0
"LENOVO IdeaCentre AIO 5i 27"" All-in-One PC - Intel® Core™ i5, 512 GB SSD, Grey",799.0,4.35,78.0
"APPLE iMac 4.5K 24"" (2021) - M1, 256 GB SSD, Green",1349.0,4.9,25.0
"APPLE Mac Mini (2020) - Intel® Core™ i5, 512 GB SSD",899.0,4.6,23.0
"LENOVO IdeaCentre AIO 3 27"" All-in-One PC - AMD Ryzen 5, 512 GB SSD, Black",649.0,,
"ASUS Zen AiO A5200 21.5"" All-in-One PC - Intel® Core™ i3, 256 GB SDD, Black & Gold",499.0,4.5,5.0
"APPLE iMac 4.5K 24"" (2021) - M1, 256 GB SSD, Blue",1329.97,4.75,12.0
"ACER Aspire XC-1660 Desktop PC - Intel® Core™ i3, 1 TB HDD, Black",399.0,,
"HP Chromebase 21.5"" All-in-One PC - Intel® Core™ i3, 256 GB SSD, White",699.0,4.15,6.0
"APPLE iMac 5K 27"" (2020) - Intel® Core™ i7, 512 GB SSD",2099.0,4.7,113.0
"HP Chromebase 21.5"" All-in-One PC - Intel® Pentium®, 256 GB SSD, White",599.0,,
"ACER ConceptD CT300-51A Desktop PC - Intel® Core™ i7, 1 TB HDD & 1 TB SSD, White",1699.0,4.8,5.0
"LENOVO IdeaCentre AIO 3 23.8"" All-in-One PC - AMD Ryzen 7, 512 GB SSD, Black",699.0,2.8,5.0
"LENOVO IdeaCentre AIO 3i 23.8"" Intel® Core™ i5 All-in-One PC & Microsoft 365 Family Bundle - Black",649.0,,
"APPLE iMac 21.5"" - Intel® Core™ i5, 256 GB SSD",999.0,4.6,105.0
"LENOVO IdeaCentre AIO 5i 24"" All-in-One PC - Intel® Core™ i5, 512 GB SSD, Grey",799.0,,
"APPLE iMac 4.5K 24"" (2021) - M1, 256 GB SSD, Pink",1349.0,4.85,10.0
"ACER ConceptD CT700-71A Desktop PC - Intel® Xeon®, 1 TB HDD & 1 TB SSD, White",3299.0,2.25,2.0
"HP 24-cb0023na 23.8"" All-in-One PC - AMD Ryzen 3, 256 GB SSD, White",579.0,,
"LENOVO IdeaCentre AIO 3 23.8"" All-in-One PC - AMD Athlon Silver, 256 GB SSD, Black",449.0,4.65,21.0
"LENOVO IdeaCentre AIO 3 23.8"" All-in-One PC - AMD Ryzen 5, 512 GB SSD, Black",599.0,,
"APPLE iMac 5K 27"" (2020) - Intel® Core™ i5, 256 GB SSD",1599.97,4.8,120.0
"ACER Revo RN96 Desktop PC - Intel® Core™ i3, 512 GB SSD, Black",479.0,4.55,17.0
"HP 22-dd0000na 21.5"" All-in-One PC - Intel® Pentium®, 128 GB SSD, White",449.0,,
"ACER ConceptD CT300-51A Desktop PC - Intel® Core™ i5, 1 TB HDD & 1 TB SSD, White",1499.0,4.8,7.0
APPLE Studio Display with Tilt- & Height-Adjustable Stand - Silver,1899.0,,
"HP ENVY 34-c0001na 34"" All-in-One PC - Intel® Core™ i7, 1 TB SSD, Silver",2299.0,,
"APPLE iMac 4.5K 24"" (2021) - M1, 512 GB SSD, Pink",1499.0,4.95,8.0
"MSI PRO DP20Z Desktop PC - AMD Ryzen 3, 256 GB SSD, Black",459.0,,
APPLE Studio Display with Tilt-Adjustable Stand - Silver,1499.0,,
"LENOVO IdeaCentre AIO 3 23.8"" All-in-One PC - AMD Ryzen 3, 128 GB SSD, Black",499.0,4.35,20.0
"APPLE Mac Studio - M1 Ultra, 1 TB SSD, Silver",3999.0,,
"HP ENVY 34-c0000na 34"" All-in-One PC - Intel® Core™ i7, 1 TB SSD, Silver",2999.0,,
"ACER ConceptD CT300-51A Desktop PC - Intel® Core™ i7, 1 TB HDD & 1 TB SSD, White",1799.0,5.0,3.0
"ASUS Chromebox 3 Mini Desktop PC - Intel® Celeron™, 32 GB SSD, Black",249.99,4.2,8.0
"DELL Inspiron AIO 7700 27"" All-in-One PC - Intel® Core™ i5, 512 GB SSD, Silver",949.0,4.5,69.0
"GIGABYTE BRIX Barebones Desktop PC - Intel® Core™ i3, Black",329.99,2.5,1.0
