SAMSUNG MS23F301TFK/EU Solo Microwave - Black,109.0,4.45,33.0
SAMSUNG MC28M6055CK/EU Combination Microwave - Black,199.0,4.2,100.0
SAMSUNG MS23K3515AS/EU Solo Microwave - Silver,99.99,4.3,668.0
KENWOOD K25MB21 Solo Microwave - Black,99.99,4.6,124.0
PANASONIC NN-CT56JBBPQ Combination Microwave - Black,249.0,4.5,1760.0
PANASONIC NN-CT55JWBPQ Combination Microwave - White,249.0,4.5,1962.0
SWAN Nordic SM22036GRYN Solo Microwave - Grey,129.0,4.05,88.0
KENWOOD K25MSS21 Solo Microwave - Silver,170.0,4.6,111.0
PANASONIC NN-SF464MBPQ Solo Microwave - Silver,199.0,4.4,581.0
RUSSELL HOBBS RHM2076B Solo Microwave - Black,69.99,4.45,891.0
KENWOOD K20MW21 Solo Microwave - White,79.99,4.2,45.0
ESSENTIALS CMW21 Compact Solo Microwave - White,54.99,4.45,52.0
KENWOOD K25MW21 Solo Microwave - White,89.99,4.5,74.0
KENWOOD K20GS21 Microwave with Grill - Silver,79.99,4.3,64.0
RUSSELL HOBBS Scandi RHMM713MG-N Compact Solo Microwave - Green,59.99,4.5,1.0
RUSSELL HOBBS RHM2017 Compact Solo Microwave - Silver,79.99,4.3,251.0
RUSSELL HOBBS RHM2076S Solo Microwave - Silver,77.99,4.4,419.0
PANASONIC NN-E28JMMBPQ Compact Solo Microwave - Silver,99.99,4.55,423.0
RUSSELL HOBBS Scandi RHMD714G Compact Solo Microwave - Grey,67.99,4.45,176.0
RUSSELL HOBBS RHMM701C Compact Solo Microwave - Cream,59.99,4.4,353.0
KENWOOD K20MCU21 Solo Microwave - Black & Copper,89.99,4.6,72.0
RUSSELL HOBBS RHM1714B Solo Microwave - Black,69.99,4.35,434.0
RUSSELL HOBBS Scandi RHMM713G Compact Solo Microwave - Grey,64.99,4.45,176.0
PANASONIC NN-CD58JSBPQ Combination Microwave - Stainless Steel,269.99,4.45,878.0
SHARP YC-MS01U-B Solo Microwave - Black,67.99,4.45,13.0
RUSSELL HOBBS RHMM701R Solo Microwave,60.99,4.4,273.0
ESSENTIALS CMB21 Compact Solo Microwave - Black,59.99,4.05,41.0
RUSSELL HOBBS RHM3003B Combination Microwave - Black,149.0,4.35,319.0
PANASONIC NN-SD27HSBPQ Solo Microwave - Stainless Steel,169.0,4.45,736.0
PANASONIC NN-ST48KSBPQ Solo Microwave - Stainless Steel,199.0,4.6,202.0
RUSSELL HOBBS RHEM2301B Solo Microwave - Black,109.0,4.6,466.0
BEKO MCF28310X Compact Combination Microwave – Stainless Steel,159.0,3.65,12.0
SAMSUNG MC32J7055CT/EU Combination Microwave - Stainless Steel,299.0,4.2,246.0
KENWOOD K23CM21 Combination Microwave - Black,129.0,4.15,36.0
HOOVER HMGI25TB-UK Microwave with Grill - Black,129.0,4.2,111.0
KENWOOD K25CSS21 Combination Microwave – Silver,180.0,4.8,8.0
SHARP YC-MS01U-S Solo Microwave - Silver,76.99,4.35,25.0
SHARP YC-GC52FU-B Combination Microwave - Black,169.0,,
RUSSELL HOBBS RHM2079A Compact Solo Microwave - White,74.99,4.5,371.0
SAMSUNG MC28A5125AK/EU Combination Microwave - Black,209.0,4.4,10.0
SAMSUNG MW3500K Solo Microwave - White & Black,149.0,4.2,73.0
PANASONIC NN-E27JWMBPQ Compact Solo Microwave - White,99.99,4.5,1464.0
SAMSUNG MC28M6055CW/EU Combination Microwave - White,279.0,4.35,203.0
BEKO MOC20100BFB Compact Solo Microwave - Black,74.99,3.6,6.0
CANDY CDW20DSS-DX Solo Microwave - Silver,74.99,4.2,114.0
PANASONIC NN-ST45KWBPQ Solo Microwave - White,189.0,4.45,267.0
SHARP YC-MG51U-S Microwave with Grill - Silver,125.0,4.25,12.0
PANASONIC NN-ST46KBBPQ Solo Microwave - Black,189.99,4.6,599.0
HOTPOINT Curve MWH 1331 FW Solo Microwave - White,129.0,,
HOTPOINT MWH 27343 B Combination Microwave - Black,230.0,4.45,136.0
SWAN Retro SM22030GRN Solo Microwave - Grey,99.99,4.55,208.0
CANDY CMW20MSS-UK Compact Solo Microwave - Silver,59.99,4.3,582.0
RUSSELL HOBBS RHM2362S Solo Microwave - Silver,92.99,4.45,178.0
DAEWOO SDA2092GE Solo Microwave - Black & White,99.99,,
RUSSELL HOBBS RHM2086SS Solo Microwave - Stainless Steel,79.99,4.35,140.0
SAMSUNG MS28F303TAS/EU Solo Microwave - Silver,169.0,4.45,520.0
SHARP R982STM Combination Microwave - Stainless Steel,214.0,4.15,118.0
SHARP R372SLM Solo Microwave - Silver,104.0,4.5,285.0
DAEWOO SDA2094GE Combination Microwave - Silver,129.0,4.25,6.0
"KENWOOD K25MSS21 Solo Microwave, Logik 4-Slice Toaster & Kettle Bundle - Black & Silver",145.99,,
SHARP R959SLMAA Combination Microwave - Silver,359.0,4.6,1828.0
TOWER T24034WHT Solo Microwave - White,59.99,,
"ESSENTIALS CMW21 Compact Solo Microwave, Kettle & 2-Slice Toaster Bundle - White",72.99,,
SHARP R372KM Solo Microwave - Black,104.0,4.5,285.0
KENWOOD K30CIFS21 Combination Microwave - Stainless Steel,249.0,4.0,25.0
SWAN Retro SM22030LBLN Solo Microwave - Blue,99.99,,
RUSSELL HOBBS RHFM2363B Solo Microwave - Black,129.0,4.6,434.0
SHARP R764KM Compact Microwave with Grill - Black,104.0,4.55,19.0
SWAN Retro SM22030LRN Solo Microwave - Red,99.99,,
PANASONIC NN-CD87KSBPQ Compact Combination Microwave - Stainless Steel,369.99,4.4,327.0
HADEN Dorchester 201324 Solo Microwave - Pebble Grey,89.99,,
KENWOOD K25MICU21 Solo Microwave - Black & Copper,109.0,4.4,11.0
PANASONIC NN-DF386BBPQ Combination Microwave - Black,269.99,3.95,571.0
RUSSELL HOBBS Stylevia RHM2026C Compact Solo Microwave - Cream,89.99,,
TOWER T24021 Solo Microwave - Black & Rose Gold,108.0,4.45,31.0
KENWOOD K25MMB21 Solo Microwave - Black,170.0,4.5,64.0
RUSSELL HOBBS RHM1714BC Compact Solo Microwave - Black,79.99,4.35,434.0
SHARP R372WM Solo Microwave - White,104.0,4.45,114.0
DAEWOO Glace Noir SDA2033 Solo Microwave - Black & Silver,84.99,5.0,1.0
RUSSELL HOBBS RHRETMD706C Compact Solo Microwave - Cream,94.99,4.6,152.0
BEKO Cosmopolis MOF21220BCP Compact Solo Microwave - Black,99.99,,
HADEN Salcombe 197061 Solo Microwave - Black & Copper,86.99,4.9,4.0
BEKO MOC20100WFB Compact Solo Microwave - White,84.99,3.6,6.0
RUSSELL HOBBS RHM1714WC Compact Solo Microwave - White,89.99,4.35,107.0
SWAN Nordic SM22036LWHTN Solo Microwave - White,119.99,,
RUSSELL HOBBS RHRETMM705C Solo Microwave - Cream,84.99,4.35,245.0
RUSSELL HOBBS RHRETMM705B Solo Microwave - Black,89.99,4.45,52.0
TOWER T24021WMRG Solo Microwave - Marble & Rose Gold,110.0,4.1,16.0
GRUNDIG Retro GMF2120BCL Compact Solo Microwave - Black,89.99,2.95,9.0
RUSSELL HOBBS RHM1714CC Compact Solo Microwave - Cream,79.99,4.3,87.0
SAMSUNG MC28H5013AS/EU Combination Microwave - Silver,155.0,4.25,87.0
"KENWOOD K25MICU21 Solo Microwave, Logik 4-Slice Toaster & Kettle Bundle - Copper",165.99,,
RUSSELL HOBBS RHMD804CP Compact Solo Microwave - Copper,104.0,4.3,131.0
RUSSELL HOBBS RHMT2004B Solo Microwave - Black,99.99,,
SWAN Retro SM22070BLN Solo Microwave - Blue,109.0,4.15,86.0
TOWER T24021W Solo Microwave - White & Rose Gold,105.0,3.75,28.0
HOTPOINT Curve MWHC 1331 FW Solo Microwave - White,139.0,,
RUSSELL HOBBS RHMM713B-N Compact Solo Microwave - Black,74.99,4.5,8.0
DAEWOO Callisto Solo Microwave - Stainless Steel,99.99,4.5,4.0
SAMSUNG MS23T5018AG Compact Solo Microwave - Grey,149.0,3.25,4.0
RUSSELL HOBBS RHRETMM705R Solo Microwave - Red,89.99,4.35,143.0
KENWOOD K20MS21 Solo Microwave - Silver,160.0,4.25,64.0
TOWER KOR1N0AT Solo Microwave - White,119.0,5.0,2.0
SHARP R843SLM Combination Microwave - Silver,158.0,4.3,8.0
RUSSELL HOBBS Scandi RHMD714MG-N Compact Solo Microwave - Green,84.99,4.7,5.0
SWAN Retro SM22030LBN Solo Microwave - Black,99.99,,
RUSSELL HOBBS RHFM2001B Compact Solo Microwave - Black,119.0,4.45,49.0
TOWER T24017 Solo Microwave - White,99.99,4.1,18.0
SAMSUNG MS23F301TAS Solo Microwave - Black & Silver,110.0,4.45,520.0
RUSSELL HOBBS Easi RHEM2301S Solo Microwave - Silver,139.0,4.6,324.0
SWAN Retro SM22030CN Solo Microwave - Cream,102.0,,
TOWER KOR3000DSLT Solo Microwave - Stainless Steel,129.0,5.0,1.0
DAEWOO KOR300DSL Solo Microwave - Silver,99.99,,
RUSSELL HOBBS RHM1731G Solo Microwave - Grey,79.99,4.4,8.0
SAMSUNG MS23T5018AC Compact Solo Microwave - Charcoal Grey,149.0,4.7,5.0
SWAN Retro SM22030GRN Solo Microwave - Grey,79.99,4.55,208.0
RUSSELL HOBBS Scandi RHMD714B-N Compact Solo Microwave - Black,77.99,3.9,21.0
DAEWOO SDA2088GE Microwave with Grill - Silver,99.99,3.7,7.0
SWAN Retro SM22030LPURN Solo Microwave - Purple,99.99,,
RUSSELL HOBBS Stylevia RHM2026B Compact Solo Microwave - Black,89.99,,
BEKO MCF32410X Combination Microwave - Stainless Steel,179.0,1.9,4.0
SWAN Retro SM22070GRN Solo Microwave - Grey,104.0,4.2,113.0
HOOVER HMW25STB Solo Microwave - Black,129.0,4.25,104.0
SAMSUNG MC28H5125AK/EF Microwave with Grill - Black,215.0,4.4,50.0
SWAN Nordic SM22036WHTN Solo Microwave - White,119.0,4.25,62.0
SWAN Retro SM22070GN Solo Microwave - Green,104.0,4.25,53.0
HADEN Dorchester 201294 Solo Microwave - Sage Green,89.99,5.0,1.0
DAEWOO SDA2087GE Solo Microwave - Black & Silver,89.99,,
DAEWOO KOR300SL Microwave with Grill - Silver,109.0,4.25,2.0
SWAN Retro SM22030LGN Solo Microwave - Green,99.99,,
SAMSUNG MC28H5013AK/EU Combination Microwave - Black,164.0,4.2,619.0
RUSSELL HOBBS RHMM701B Compact Solo Microwave - Black,57.99,4.3,256.0
HOOVER HMCI25TB-UK Combination Microwave - Black,149.0,4.2,111.0
SHARP YC-MS51U-S Solo Microwave - Silver,114.0,4.5,19.0
RUSSELL HOBBS RHM1727RG Compact Solo Microwave - Black & Rose Gold,69.99,4.5,31.0
PANASONIC NN-E28JBMBPQ Compact Solo Microwave - Black,99.99,4.5,1203.0
SWAN Nordic SM22036LGREN Solo Microwave - Green,109.99,,
RUSSELL HOBBS RHM2031 Microwave with Grill - Stainless Steel,84.99,4.3,444.0
HOTPOINT MWH 1311 B Solo Microwave - Black,89.99,4.2,43.0
SWAN Retro SM22030YELN Solo Microwave - Yellow,79.99,4.0,24.0
SHARP YC-MG02U-S Microwave with Grill - Silver,86.99,4.5,20.0
SAMSUNG MG23K3575AK/EU Heat Wave Microwave with Grill - Black,169.0,4.3,91.0
PANASONIC 4-in-1 Steam NN-DS59NBBPQ Combination Microwave - Black,449.0,,
SWAN SM22090COPN Solo Microwave - Copper,95.99,3.9,21.0
RUSSELL HOBBS RHM2362B Solo Microwave - Black,99.99,4.5,180.0
SWAN Retro SM22030ON Solo Microwave - Orange,84.99,4.3,106.0
DAEWOO KOR6L77 Solo Microwave - White,69.99,4.75,2.0
RUSSELL HOBBS RHM2064B Solo Microwave - Black,89.99,4.55,161.0
SAMSUNG MS28F303TFK/EU Solo Microwave - Black,149.0,4.3,8.0
SWAN SM22130GRY Solo Microwave - Grey,73.99,3.95,40.0
SAMSUNG MS23F301TAK/EU Solo Microwave - Black Glass,110.0,4.3,180.0
HOTPOINT Extraspace 20 MWHF 206 B Microwave with Grill - Black,175.0,4.05,36.0
HOTPOINT MWHF203B Microwave with Grill - Black,120.0,4.25,34.0
SAMSUNG MC28H5013AW Combination Microwave - White,155.0,4.4,9.0
SWAN Retro SM22070CN Solo Microwave - Cream,109.0,3.9,181.0
SWAN Retro SM22030GN Solo Microwave - Green,94.99,4.3,134.0
HOTPOINT MWHF201B Solo Microwave - Black,120.0,3.9,61.0
HOTPOINT MWH 2734 B Combination Microwave - Black,144.0,4.4,53.0
HOTPOINT MWH 338 SX Combination Microwave - Stainless Steel,259.0,4.45,15.0
SAMSUNG Heat Wave MG23K3575AW Microwave with Grill - White,139.0,4.35,40.0
SWAN Nordic SM22036BLUN Solo Microwave - Blue,109.0,4.55,21.0
SWAN SM22130GN Solo Microwave - Green,79.99,4.3,48.0
SHARP R82STMA Microwave with Grill - Stainless Steel,156.0,4.2,33.0
TOWER Glitz T24021PS Solo Microwave - Black & Pink,104.0,4.25,15.0
SWAN SM3090N Compact Solo Microwave - White,79.99,4.1,115.0
SWAN SM22030BN Solo Microwave - Black,79.99,4.35,109.0
SWAN Retro SM22070BN Solo Microwave - Black,105.0,4.05,73.0
BEKO MOC20100SFB Solo Microwave - Silver,89.0,3.6,6.0
DAEWOO KOR8A07 Solo Microwave - Black,99.99,3.7,9.0
SWAN SM22030BLN Solo Microwave - Blue,89.99,4.6,248.0
SWAN Nordic SM22036GREN Solo Microwave - Green,104.0,4.65,15.0
HOTPOINT MWH 26321 MB Microwave with Grill - Black,159.0,3.25,11.0
DAEWOO KOR6N35S Solo Microwave - White,89.99,4.65,3.0
SWAN SM22130BN Solo Microwave - Black,79.99,4.0,30.0
HOTPOINT MWH 27321 B Compact Microwave with Grill - Black,145.0,4.0,52.0
SWAN Retro SM22030PURN Solo Microwave - Purple,94.99,4.3,9.0
DAEWOO SDA2084GE Compact Solo Microwave - White,79.99,3.8,7.0
DAEWOO SDA2093GE Combination Microwave - Black & Silver,139.0,2.8,7.0
DAEWOO SDA2086GE Solo Microwave - Red,89.99,4.85,3.0
DAEWOO SDA2089GE Solo Microwave - Silver,99.99,,
SWAN Retro SM22030LGRN Solo Microwave - Grey,99.99,,
SWAN Nordic SM22036LBLUN Solo Microwave - Blue,119.99,,
TOWER T24034BLK Solo Microwave - Black,74.99,,
