SAMSUNG Series 5 ecobubble WD80TA046BE/EU 8 kg Washer Dryer - White,589.0,4.45,245.0
BOSCH Series 4 WNA134U8GB 8 kg Washer Dryer - White,699.99,4.6,47.0
BOSCH Serie | 6 WNA14490GB 9 kg Washer Dryer - White,746.0,4.65,82.0
AEG Dual Sense L7WEE965R 9 kg Washer Dryer - White,879.99,4.45,148.0
SAMSUNG Series 6 AddWash WD10T654DBN/S1 WiFi-enabled 10.5 kg Washer Dryer – Graphite,809.0,4.15,70.0
BEKO WDK742421W Bluetooth 7 kg Washer Dryer - White,329.99,3.65,305.0
HISENSE WDQY9014EVJM 9 kg Washer Dryer - White,349.0,4.0,316.0
BEKO Pro RecycledTub WDEX8540430W Bluetooth 8 kg Washer Dryer - White,369.99,4.05,266.0
LOGIK L8W5D20 8 kg Washer Dryer - White,329.99,3.8,270.0
LOGIK L10W6D20 10 kg Washer Dryer - White,349.99,3.25,148.0
SAMSUNG Series 5 ecobubble WD80TA046BX/EU 8 kg Washer Dryer - Graphite,589.99,4.45,245.0
BEKO WDK742421A Bluetooth 7 kg Washer Dryer - Black,379.99,3.65,305.0
LG TurboWash with AI DD V6 FWV686WTE WiFi-enabled 8 kg Washer Dryer - White,599.99,4.55,248.0
BEKO Pro RecycledTub WDIK854451 Bluetooth Integrated 8 kg Washer Dryer,449.0,3.85,20.0
HOOVER H-Wash 300 H3DS696TAMCE NFC 9 kg Washer Dryer - White,529.99,4.25,124.0
INDESIT Ecotime IWDC 65125 6 kg Washer Dryer - White,369.99,3.85,2585.0
LG TurboWash with AI DD V6 FWV686STE WiFi-enabled 8 kg Washer Dryer - Graphite,649.99,4.55,248.0
BEKO Pro Ultrafast RecycledTub WDEX854044Q0G Bluetooth 8 kg Washer Dryer - Graphite,539.99,3.9,106.0
LG TurboWash with AI DD V7 FWV796STSE WiFi-enabled 9 kg Washer Dryer - Graphite,699.99,4.5,77.0
LG TurboWash with AI DD V7 FWV796WTSE WiFi-enabled 9 kg Washer Dryer - White,679.99,4.55,76.0
HAIER i-Pro Series 7 HWD80-B14979S 8 kg Washer Dryer - Graphite,569.99,4.15,29.0
BEKO Pro RecycledTub WDEX8540430B Bluetooth 8 kg Washer Dryer - Black,419.99,4.05,266.0
SAMSUNG Series 5 ecobubble WD90TA046BX/EU 9 kg Washer Dryer - Graphite,639.0,4.45,245.0
HOOVER H-WASH 300 Pro HBDOS695TAMCET WiFi-enabled Integrated 9 kg Washer Dryer - White,549.0,3.85,391.0
CANDY Smart CBD485D2E Integrated 8 kg Washer Dryer,429.0,4.2,37.0
HOTPOINT RDG 9643 KS UK N 9 kg Washer Dryer - Black,499.99,3.85,132.0
HOTPOINT RDG 8643 WW UK N 8 kg Washer Dryer - White,469.99,3.6,387.0
ZANUSSI Z816WT85BI Integrated 8 kg Washer Dryer,769.0,4.5,150.0
INDESIT BI WDIL 75125 UK N Integrated 7 kg Washer Dryer,489.0,3.55,77.0
CANDY CSW 4852DE NFC 8 kg Washer Dryer – White,369.0,3.95,188.0
BOSCH Serie 6 WDU28561GB 10 kg Washer Dryer - White,949.0,4.7,83.0
INDESIT Innex BDE 961483X W UK N 9 kg Washer Dryer - White,429.99,3.45,52.0
LG Direct Drive FWMT85WE 8 kg Washer Dryer - White,549.99,4.1,50.0
HISENSE QR Series WDQR1014EVAJMB 10 kg Washer Dryer - Black,469.99,,
INDESIT Ecotime IWDC 65125 6 kg Washer Dryer - Silver,389.99,3.85,2585.0
LG TurboWash 360 with AI DD V9 FWV917BTSE WiFi-enabled 10.5 kg Washer Dryer - Black Steel,879.99,4.5,31.0
LOGIK LI8W6D20 Integrated 8 kg Washer Dryer,369.0,3.35,73.0
HAIER i-Pro Series 7 HWD100-B14979S 10 kg Washer Dryer - Graphite,599.0,4.5,61.0
HOOVER H-Wash 300 HBD 485D2E Integrated 8 kg Washer Dryer - White,449.0,3.7,243.0
BEKO Pro Ultrafast RecycledTub WDEX854044Q0W Bluetooth 8 kg Washer Dryer - White,449.99,3.9,106.0
SAMSUNG Series 6 AddWash WD90T654DBH/S1 WiFi-enabled 9 kg Washer Dryer – White,689.0,4.15,70.0
GRUNDIG GWDI8541 Integrated 8 kg Washer Dryer,529.0,4.45,14.0
SAMSUNG ecobubble WD80T4046CW/EU 8 kg Washer Dryer - White,579.99,4.3,5.0
SHARP ES-NDB8144WD-EN 8 kg Washer Dryer - White,389.99,3.15,6.0
HOTPOINT BI WDHG 961484 Integrated 9 kg Washer Dryer,559.0,3.4,38.0
HOTPOINT BI WDHG 75148 UK N Integrated 7 kg Washer Dryer,499.0,4.0,257.0
BEKO Ultrafast RecycledTub WDEY854P44QW Bluetooth 8 kg Washer Dryer - White,529.99,4.35,10.0
BOSCH Serie 6 WDU28569GB 10 kg Washer Dryer - Silver,999.0,4.55,54.0
HAIER i-Pro Series 7 HWD80-B14979 8 kg Washer Dryer - White,569.99,4.4,44.0
HOOVER H-Wash 300 H3D 496TE NFC 9 kg Washer Dryer - White,429.0,3.85,141.0
HOTPOINT Ultima S-Line RD 966 JKD UK N 9 kg Washer Dryer - Black,519.99,3.8,94.0
BEKO RecycledTub WDIK752451 Integrated Bluetooth 7 kg Washer Dryer,439.0,3.0,12.0
INDESIT BIWDIL861284 Integrated 8 kg Washer Dryer,499.0,3.5,29.0
SAMSUNG Series 6 AddWash WD10T654DBH/S1 WiFi-enabled 10.5 kg Washer Dryer – White,779.0,4.15,70.0
HOTPOINT RDG 9643 GK UK N 9 kg Washer Dryer - Graphite,469.99,3.95,85.0
HOOVER H-Wash 300 H3D 4106TE NFC 10 kg Washer Dryer - White,479.99,3.9,102.0
HAIER i-Pro Series 7 HWD100-B14979 10 kg Washer Dryer - White,599.0,4.5,37.0
HOOVER H-Wash 500 HDDB 4106AMBCR Auto Dosing WiFi-enabled 10 kg Washer Dryer - Graphite,649.99,4.3,35.0
AEG Dual Sense L7WEE965R 9 kg Washer Dryer - White,879.99,4.45,148.0
INDESIT Innex BDE 861483X K UK N 8 kg Washer Dryer - Black,459.99,3.85,556.0
SHARP ES-NDB8144AD-EN 8 kg Washer Dryer - Anthracite,419.99,3.8,30.0
HOOVER H-WASH 300 Lite HBDS485D2ACE Integrated 8 kg Washer Dryer,429.0,3.85,391.0
INDESIT Ecotime IWDD 75145 S UK N 7 kg Washer Dryer - Silver,428.0,3.35,38.0
HOOVER H-WASH 300 Lite HBDS495D2ACBE-80 Integrated 9 kg Washer Dryer,469.0,,
INDESIT Innex BDE1071682XWUKN 10 kg Washer Dryer – White,489.99,3.5,69.0
CANDY CBD495D2WBBE-80 Integrated 9 kg Washer Dryer,429.0,3.85,15.0
SAMSUNG Series 5+ Auto Dose WD90T534DBW/S1 WiFi-enabled 9 kg Washer Dryer – White,669.0,4.25,55.0
HOOVER H-WASH & DRY 300 Pro HBDOS695TMET WiFi-enabled Integrated 9 kg Washer Dryer - White,549.0,3.9,66.0
SAMSUNG Series 5 WD12T504DBW WiFi-enabled 12 kg Washer Dryer – White,799.0,4.0,2.0
HOTPOINT RDG 8643 GK UK N 8 kg Washer Dryer - Graphite,499.99,3.45,166.0
BEKO UltraFast B3D59644UW Bluetooth 9 kg Washer Dryer - White,469.99,,
SAMSUNG Series 5+ AutoDose WD90T534DBN/S1 WiFi-enabled 9 kg Washer Dryer – Graphite,679.0,4.25,55.0
HOOVER H-Wash 300 H3DS696TAMCGE NFC 9 kg Washer Dryer - Graphite,549.99,4.1,200.0
LG SIGNATURE Centum System LSWD100E WiFi-enabled 12 kg Washer Dryer - White,2399.99,,
HOOVER H-Wash 300 H3D 485TE NFC 8 kg Washer Dryer - White,379.0,3.85,435.0
INDESIT EcoTime IWDD 75125 UK N 7 kg Washer Dryer - White,399.99,3.85,62.0
BOSCH Serie 4 WKD28352GB Integrated 7 kg Washer Dryer,979.0,4.6,5.0
MIELE WT1F WTD160 WCS WiFi-enabled 8 kg Washer Dryer - White,1399.99,,
SHARP ES-NDB8144SD-EN 8 kg Washer Dryer - Silver,419.99,2.85,24.0
HOTPOINT Ultima S-Line RD 966 JGD UK N 9 kg Washer Dryer - Graphite,539.0,3.95,66.0
SHARP ES-NDH9144WD-EN 9 kg Washer Dryer - White,429.99,3.65,8.0
SAMSUNG Series 9 QuickDrive WD90T984DSX/S1 WiFi-enabled 9 kg Washer Dryer – Graphite,1019.0,3.8,14.0
HOTPOINT Core RDGR 9662 GK UK N 9 kg Washer Dryer - Graphite,499.99,3.95,218.0
HOTPOINT BI WDHG 861484 Integrated 8 kg Washer Dryer,549.0,3.3,50.0
BEKO RecycledTub WDIK752151 Integrated 7 kg Washer Dryer,378.97,3.95,14.0
INDESIT Innex BDE 861483X S UK N 8 kg Washer Dryer - Silver,459.99,3.85,556.0
BEKO Pro HygieneShield WDEY854044HW Bluetooth 8 kg Washer Dryer - White,459.99,3.95,13.0
AEG 7000 Series L7WE7631BI Integrated 7 kg Washer Dryer,849.0,4.6,72.0
CANDY CBD 475D2E/1 Integrated 7 kg Washer Dryer - White,429.0,,
NEFF V6540X2GB Integrated Washer Dryer,1099.0,3.25,2.0
HOTPOINT Ultima S-Line RD 966 JD UK N 9 kg Washer Dryer - White,519.99,3.95,217.0
SAMSUNG Series 9 QuickDrive WD90T984DSH/S1 WiFi-enabled 9 kg Washer Dryer – White,979.0,3.8,14.0
LG EZDispense with TurboWash 360 V11 FWV1128WTSA WiFi-enabled 12 kg Washer Dryer - White,1399.99,5.0,2.0
SAMSUNG Series 5+ Auto Dose WD80T534DBW/S1 WiFi-enabled 8 kg Washer Dryer - White,639.0,3.95,11.0
HOTPOINT Core RDGR 9662 WS UK N 9 kg Washer Dryer - White,489.99,3.7,151.0
HAIER i-Pro Series 5 HWD90-B14959S8U1 WiFi-enabled 9 kg Washer Dryer - Anthracite,699.0,,
LG EZDispense with TurboWash360 V11 FWV1128BTSA WiFi-enabled 12 kg Washer Dryer - Black Steel,1399.99,5.0,1.0
BEKO UltraFast B3D510644UW Bluetooth 10 kg Washer Dryer - White,519.99,,
HOOVER H-Wash 500 HDB 4106AMBCR WiFi-enabled 10 kg Washer Dryer - Graphite,609.99,3.95,47.0
HOTPOINT Ultima S-Line RD 1076 JD UK N 10 kg Washer Dryer - White,509.99,3.7,124.0
HOOVER H-Wash 500 HDB 4106AMC WiFi-enabled 10 kg Washer Dryer - White,579.99,3.95,47.0
CANDY Rapido ROW4964DWMCE WiFi-enabled 9 kg Washer Dryer - White,519.99,3.95,104.0
HOOVER H-Wash 500 HDDB 4106AMBC Auto Dosing WiFi-enabled 10 kg Washer Dryer – White,639.99,4.3,35.0
CANDY Rapido ROW61064DWMCE WiFi-enabled 10 kg Washer Dryer - White,539.99,3.95,104.0
HOTPOINT RDGR 9662 KS UK N 9 kg Washer Dryer – Black,499.99,3.75,71.0
INDESIT Ecotime IWDD 75145 UK N Washer Dryer - White,419.99,3.4,51.0
HAIER i-Pro Series 7 HWD120-B14979 12 kg Washer Dryer - White,719.99,4.3,5.0
HOOVER H-WASH & DRY 300 Pro HBDOS695TAMCBT WiFi-enabled Integrated 9 kg Washer Dryer - Black,599.0,3.9,66.0
LG TurboWash 360 with AI DD V9 FWV917WTSE WiFi-enabled 10.5 kg Washer Dryer - White,829.99,4.4,64.0
LG EZDispense with TurboWash360 V11 FWV1117BTSA WiFi-enabled 10.5 kg Washer Dryer - Black Steel,1249.99,4.6,5.0
CDA CI981 Integrated 8 kg Washer Dryer,499.0,3.65,22.0
SMEG WDI147D-2 Integrated 7 kg Washer Dryer,749.0,4.2,11.0
NEFF V6320X2GB Integrated Washer Dryer,999.0,3.5,1.0
HOOVER H-Wash 300 H3DS 4965DACE WiFi-enabled 9 kg Washer Dryer - White,479.99,3.35,39.0
HAIER i-Pro Series 5 HWD90-B14959U1 WiFi-enabled 9 kg Washer Dryer - White,699.99,,
SAMSUNG Series 9 QuickDrive WD80T954DSH/S1 WiFi-enabled 8 kg Washer Dryer - White`,999.0,3.9,4.0
ZANUSSI AutoAdjust ZWD86SB4PW 8 kg Washer Dryer - White,699.99,,
HOOVER H-WASH 300 Lite HBDS485D2ACBE Integrated 8 kg Washer Dryer,479.0,3.85,391.0
AMICA AWDT814S Integrated 8 kg Washer Dryer,499.0,3.35,17.0
LG EZDispense with TurboWash 360 V11 FWV1117WTSA WiFi-enabled 10.5 kg Washer Dryer - White,1199.99,2.85,3.0
INDESIT Innex BDE 861483X W UK N 8 kg Washer Dryer - White,439.99,3.85,556.0
AEG OkoMix L8WEE165C WiFi-enabled 10 kg Washer Dryer - White & Silver,999.99,,
ZANUSSI AutoAdjust ZWD96SB4PW 9 kg Washer Dryer - White,749.99,,
MONTPELLIER MIWD75 Integrated 7.5 kg Washer Dryer,489.0,,
MONTPELLIER MWD7515S 7 kg Washer Dryer - Silver,399.0,0.5,1.0
MONTPELLIER MWD7515W 7 kg Washer Dryer - White,389.99,3.6,5.0
GRUNDIG ExpressCare GD7510644UW Bluetooth 10 kg Washer Dryer - White,579.99,,
CANDY CBD495D2WE/1-80 Integrated 9 kg Washer Dryer,439.0,4.15,18.0
HOTPOINT RDG 9643 W UK N 9 kg Washer Dryer - White,439.99,3.7,310.0
ZANUSSI AutoAdjust ZWD76SB4PW 7 kg Washer Dryer - White,549.99,,
HISENSE WDQY1014EVJM 10 kg Washer Dryer - White,439.99,4.2,25.0
SAMSUNG Series 6 AddWash WD90T654DBN/S1 WiFi-enabled 9 kg Washer Dryer - Graphite,719.0,4.15,70.0
HOOVER H-WASH 300 Lite HBDS495D2ACE Integrated 9 kg Washer Dryer,429.0,,
BOSCH Serie 6 WKD28542GB 7 kg Integrated Washer Dryer - White,1158.0,4.4,6.0
AEG L7WC8632BI Integrated 8 kg Washer Dryer,829.0,4.4,113.0
HAIER 636 Series HWD100-BP14636N 10 kg Washer Dryer - White,649.99,4.55,19.0
SHARP ES-NDH0144WC-EN 10 kg Washer Dryer - White,439.99,3.3,7.0
HOOVER H-Wash 300 H3DS 4965DACGE WiFi-enabled 9 kg Washer Dryer - Graphite,529.99,3.35,39.0
