Laptops,"ASUS Zenbook Flip UX363EA 13.3"" 2 in 1 Laptop - Intel® Core™ i5, 512 GB SSD, Grey"
Laptops,"HP Pavilion 14-ec0537sa 14"" Laptop - AMD Ryzen 5, 256 GB SSD, Blue"
Laptops,"ACER Aspire 5 A514-54 14"" Laptop & Microsoft 365 Personal Bundle - Intel® Core™ i5, 512 GB SSD"
Laptops,"MICROSOFT 13.5"" Surface Laptop 4 - AMD Ryzen 5, 256 GB SSD, Platinum"
Laptops,"ACER Swift 3 14"" Laptop - AMD Ryzen 5, 1 TB SSD, Blue"
Laptops,"ASUS VivoBook M515UA 15.6"" Laptop - AMD Ryzen 5, 256 GB SSD, Silver"
Laptops,"MICROSOFT 13"" Surface Pro 8 - Intel® Core™ i5, 256 GB SSD, Graphite"
Laptops,"ACER Swift 3 14"" Laptop - AMD Ryzen 5, 1 TB SSD, Silver"
Laptops,"ACER Aspire Vero AV15-51 15.6"" Laptop & Microsoft 365 Personal Bundle - Intel® Core™ i5, 512 GB"
Laptops,"HP 15s-eq1516sa 15.6"" Laptop - AMD Ryzen 3, 128 GB SSD, Silver"
Laptops,"DELL Inspiron 15 3511 15.6"" Laptop - Intel® Core™ i5, 256 GB SSD, Silver"
Laptops,"ASUS CX15 15.6"" Chromebook - Intel® Celeron™, 64 GB eMMC, Silver"
Laptops,"LENOVO Yoga 6 13.3"" 2 in 1 Laptop - AMD Ryzen 5, 256 GB SSD, Abyss Blue"
Laptops,"MICROSOFT 13"" Surface Pro 8 - Intel® Core™ i5, 256 GB SSD, Platinum"
Laptops,"ASUS C202 11.6"" Chromebook - 32 GB eMMC, Grey & Black"
Laptops,"HP Pavilion 14-dv0626sa 14"" Laptop - Intel® Core™ i3, 256 GB SSD, Silver"
Laptops,"LENOVO IdeaPad 3i 15.6"" Chromebook - Intel® Pentium®, 64 GB eMMC, Grey"
Laptops,"LENOVO IdeaPad 3i 14"" Chromebook - Intel® Celeron®, 64 GB eMMC, Grey"
Laptops,"ASUS C423 14"" Chromebook - Intel® Celeron™, 64 GB eMMC, Black & Silver"
Laptops,"ASUS C523 15.6"" Chromebook - Intel® Celeron™, 64 GB eMMC, Silver"
Laptops,"LENOVO IdeaPad 3i 14"" Laptop - Intel® Pentium® Gold, 128 GB SSD, Blue"
Laptops,"HP ENVY x360 Convert 13.3"" 2 in 1 Laptop - Intel® Core™ i5, 256 GB SSD, Silver"
Laptops,"MICROSOFT 12.3"" Surface Pro 7+ - Intel® Core™ i5, 128 GB SSD, Platinum"
Laptops,"LENOVO IdeaPad 3i 14"" Laptop - Intel® Core™ i7, 512 GB SSD, Blue"
Laptops,"LENOVO IdeaPad 3i 11.6"" Chromebook - Intel® Celeron®, 32 GB eMMC, Black"
Laptops,"HP Pavilion 14-dv0603na 14"" Laptop - Intel® Pentium® Gold, 128 GB SSD, Silver"
Laptops,"HP 15s-eq1542sa 15.6"" Laptop - AMD 3020e, 128 GB SSD, Silver"
Laptops,"LENOVO IdeaPad 3i 14"" Laptop - Intel® Celeron®, 128 GB SSD, Blue"
Laptops,"LENOVO IdeaPad 3 14"" Chromebook - MediaTek MT8183, 64 GB eMMC, Blue"
Laptops,"ACER Aspire 5 A514-54 14"" Laptop - Intel® Core™ i5, 512 GB SSD, Silver"
Laptops,"ASUS VivoBook X515JA 15.6"" Laptop - Intel® Core™ i3, 256 GB SSD, Silver"
Laptops,"APPLE MacBook Pro 13.3"" (2020) - M1, 256 GB SSD, Space Grey"
Laptops,"LENOVO IdeaPad 3 15.6"" Laptop - AMD Athlon Gold, 128 GB SSD, Black"
Laptops,"HP Pavilion 14-dv1629sa 14"" Laptop - Intel® Core™ i5, 512 GB SSD, Silver"
Laptops,"LENOVO IdeaPad 1i 14"" Laptop - Intel® Celeron™, 64 GB eMMC, Blue"
Laptops,"LENOVO IdeaPad Flex 5 15"" 2 in 1 Laptop - AMD Ryzen 5, 256 GB SSD, Grey"
Laptops,"APPLE MacBook Pro 14"" (2021) - M1 Pro, 512 GB SSD, Space Grey"
Laptops,"ASUS VivoBook X515JA 15.6"" Laptop - Intel® Core™ i5, 512 GB SSD, Silver"
Laptops,"LENOVO IdeaPad Slim 1i 11.6"" Laptop - Intel® Celeron™, 64 GB eMMC, Grey"
Laptops,"ACER Aspire 3 A314-22 14"" Laptop - AMD Ryzen 3, 128 GB SSD, Silver"
Laptops,"ACER Aspire 5 A514-54 14"" Laptop - Intel® Core™ i3, 128 GB SSD, Silver"
Laptops,"APPLE MacBook Pro 14"" (2021) - M1 Pro, 1 TB SSD, Space Grey"
Laptops,"ACER 314 Touch 14"" Chromebook - MediaTek MT8183C, 128 GB eMMC, Silver"
Laptops,"APPLE MacBook Pro 16"" (2021) - M1 Pro, 1 TB SSD, Space Grey"
Laptops,"HP Pavilion x360 14-dy0517sa 14"" 2 in 1 Laptop - Intel® Core™ i5, 256 GB SSD, Silver"
Laptops,"APPLE MacBook Pro 13.3"" (2020) - M1, 512 GB SSD, Space Grey"
Laptops,"ACER Aspire 5 A514-54 14"" Laptop - Intel® Core™ i7, 1 TB SSD, Silver"
Laptops,"SAMSUNG Galaxy Book 15.6"" Laptop - Intel® Core™ i5, 256 GB SSD, Mystic Silver"
Laptops,"HP 11a-na0502sa 11.6"" Chromebook - MediaTek MT8183, 32 GB eMMC, White"
Laptops,"LENOVO Yoga Slim 7i Pro 14"" Laptop - Intel® Core™ i7, 512 GB SSD, Grey"
Laptops,"HP 14s-dq2512na 14"" Laptop - Intel® Core™ i5, 256 GB SSD, Silver"
Laptops,"DELL Inspiron 15 3502 15.6"" Laptop - Intel® Pentium®, 128 GB SSD, Black"
Laptops,"ASUS E210MA 11.6"" Laptop - Intel® Celeron®, 64 GB eMMC, Blue"
Laptops,"ASUS VivoBook M515UA 15.6"" Laptop - AMD Ryzen 5, 256 GB SSD, Silver"
Laptops,"HP 14a-na0510sa 14"" Chromebook - Intel® Pentium® Silver, 128 GB eMMC, White"
Laptops,"LENOVO Yoga 7i 15.6"" 2 in 1 Laptop - Intel® Core™ i7, 1 TB SSD, Slate Grey"
Laptops,"ASUS E410MA 14"" Laptop - Intel® Celeron®, 64 GB eMMC, Blue"
Laptops,"HP 14s-dq2514na 14"" Laptop - Intel® Core i7, 512 GB SSD, Silver"
Laptops,"HP Pavilion x360 14"" 2 in 1 Laptop - Intel® Core™ i7, 512 GB SSD, Silver"
Laptops,"HP Pavilion 14-dv0607na 14"" Laptop - Intel® Pentium® Gold, 128 GB SSD, White & Rose Gold"
Laptops,"LENOVO IdeaPad 1i 14"" Laptop - Intel® Celeron™, 64 GB eMMC, Grey"
Laptops,"HP Pavilion 14-dv0609sa 14"" Laptop - Intel® Pentium® Gold, 128 GB SSD, Gold"
Laptops,"HP Pavilion 14-dv0598sa 14"" Laptop - Intel® Core™ i3, 256 GB SSD, White & Rose Gold"
Laptops,"DELL XPS 13 9305 13.3"" Laptop - Intel® Core™ i5, 256 GB SSD, Silver"
Laptops,"HP ENVY 17-ch0500sa 17.3"" Laptop - Intel® Core™ i7, 1 TB SSD, Silver"
Laptops,"HP x360 14c-cc0505sa 14"" 2 in 1 Chromebook - Intel® Core™ i5, 256 GB SSD, Silver"
Laptops,"APPLE MacBook Pro 14"" (2021) - M1 Pro, 512 GB SSD, Silver"
Laptops,"LENOVO IdeaPad Slim 1i 11.6"" Laptop - Intel® Celeron™, 64 GB eMMC, Blue"
Laptops,"HP Pavilion 14-dv0521sa 14"" Laptop - Intel® Core™ i5, 512 GB SSD, Silver"
Laptops,"HP Pavilion 15-eh0525na 15.6"" Laptop - AMD Athlon, 128 GB SSD, Blue"
Laptops,"APPLE MacBook Pro 13.3"" (2020) - M1, 256 GB SSD, Silver"
Laptops,"ASUS ZenBook Duo UX482EA 14"" Laptop - Intel® Core™ i7, 512 GB SSD, Blue"
Laptops,"HP Stream 14s-dq0504sa 14"" Laptop - Intel® Celeron®, 64 GB eMMC, Black"
Laptops,"MICROSOFT 12.5"" Surface Laptop Go - Intel® Core™ i5, 128 GB SSD, Platinum"
Laptops,"ASUS VivoBook X515JA 15.6"" Laptop - Intel® Core™ i7, 512 GB SSD, Silver"
Laptops,"ACER Aspire 5 A514-54 14"" Laptop - Intel® Core™ i3, 256 GB SSD, Silver"
Laptops,"LENOVO IdeaPad 3i 17.3"" Laptop - Intel® Pentium® Gold, 128 GB SSD, Blue"
Laptops,"HUAWEI MateBook D 15.6"" Laptop - Intel® Core™ i5, 512 GB SSD, Grey"
Laptops,"ACER Aspire 5 A515-56G 15.6"" Laptop - Intel® Core™ i7, 512 GB SSD, Silver"
Laptops,"HP Pavilion 14-dv0511sa 14"" Laptop - Intel® Core™ i3, 256 GB SSD, Silver"
Laptops,"SAMSUNG Galaxy Book2 Pro 360 15.6"" 2 in 1 Laptop - Intel® Core™ i7, 512 GB SSD, Silver"
Laptops,"DELL Inspiron 15 3000 15.6"" Laptop - Intel® Core™ i3, 256 GB SSD, Black"
Laptops,"HP Pavilion 15-eh0507sa 15.6"" Laptop - AMD Ryzen 3, 256 GB, Silver"
Laptops,"ASUS E510MA 15.6"" Laptop - Intel® Celeron®, 64 GB eMMC, Black"
Laptops,"ACER 314 14"" Chromebook - MediaTek MT8183C, 64 GB eMMC, Silver"
Laptops,"ASUS VivoBook X705MA 17.3"" Laptop - Intel® Pentium™ Silver, 1 TB HDD, Grey"
Laptops,"DELL Inspiron 16 Plus 7610 16"" Laptop - Intel® Core™ i7, 512 GB SSD, Blue"
Laptops,"ASUS VivoBook F515EA 15.6"" Laptop - Intel® Core™ i3, 256 GB SSD, Grey"
Laptops,"APPLE MacBook Pro 16"" (2021) - M1 Pro, 512 GB SSD, Silver"
Laptops,"HP Pavilion 15-eh0511sa 15.6"" Laptop - AMD Ryzen 5, 512 GB, Silver"
Laptops,"HP 17-cn0500sa 17.3"" Laptop - Intel® Core™ i3, 512 GB SSD, Black"
Laptops,"HP 14s-dq2507na 14"" Laptop - Intel® Core™ i3, 128 GB SSD, Silver"
Laptops,"HP ENVY x360 Convert 15-eu0500na 15.6"" 2 in 1 Laptop - AMD Ryzen 5, 512 GB SSD, Black"
Laptops,"HP Pavilion 14-dv0602sa 14"" Laptop - Intel® Core™ i5, 512 GB SSD, White & Rose Gold"
Laptops,"HP 14s-dq2510na 14"" Laptop - Intel® Core™ i3, 256 GB SSD, Silver"
Laptops,"ASUS ZenBook 14 UX5400EA 14"" Laptop - Intel® Core™ i7, 1 TB SSD, Grey"
Laptops,"HP Pavilion x360 14-dy0505na 14"" 2 in 1 Laptop - Intel® Core™ i3, 256 GB SSD, Silver"
Laptops,"APPLE MacBook Pro 13.3"" (2020) - M1, 512 GB SSD, Silver"
Laptops,"HP x360 12b-ca0500na 12"" 2 in 1 Chromebook - Intel® Celeron®, 64 GB eMMC, Silver"
Laptops,"MICROSOFT 12.5"" Surface Laptop Go - Intel® Core™ i5, 64 GB eMMC, Platinum"
Laptops,"LENOVO IdeaPad 3i 11.6"" Chromebook - Intel® Celeron®, 64 GB eMMC, Black"
Laptops,"HP Spectre x360 14-ea0519na 13.5"" 2 in 1 Laptop - Intel® Core™ i5, 512 GB SSD, Black"
Laptops,"LENOVO IdeaPad 5i 14"" Chromebook - Intel® Core™ i3, 256 GB SSD, Grey"
Laptops,"ASUS E510MA 15.6"" Laptop - Intel® Celeron®, 128 GB eMMC, Black"
Laptops,"HP ENVY 17-ch0508na 17.3"" Laptop - Intel® Core™ i7, 1 TB SSD, Silver"
Laptops,"HP ENVY x360 Convert 15.6"" 2 in 1 Laptop - Intel® Core™ i7, 512 GB SSD, Silver"
Laptops,"LENOVO IdeaPad Duet 5 13.3"" 2 in 1 Chromebook - Qualcomm Snapdragon, 256 GB eMMC, Blue"
Laptops,"MICROSOFT 13.5"" Surface Laptop 4 - AMD Ryzen 5, 256 GB SSD, Platinum"
Laptops,"ACER Aspire 3 14"" Laptop - AMD Athlon, 128 GB SSD, Silver"
Laptops,"HUAWEI MateBook D 15.6"" Laptop - Intel® Core™ i7, 512 GB SSD, Grey"
Laptops,"DELL XPS 13 9310 13.4"" Laptop - Intel® Core™ i7, 512 GB SSD, Silver"
Laptops,"DELL Inspiron 14 7415 14"" 2 in 1 Laptop - AMD Ryzen 7, 512 GB SSD, Blue"
Laptops,"DELL XPS 15 9510 15.6"" Laptop - Intel® Core™ i7, 1 TB SSD, Silver"
Laptops,"HP 14s-dq2502na 14"" Laptop - Intel® Pentium® Gold, 128 GB SSD, Silver"
Laptops,"ASUS ZenBook 13 UX325EA 13.3"" Laptop - Intel® Core™ i7, 512 GB SSD, Grey"
Laptops,"LENOVO IdeaPad Flex 3i 11.6"" 2 in 1 Laptop - Intel® Celeron®, 64 GB eMMC, Blue"
Laptops,"MICROSOFT 10.5"" Surface Go 3 - Intel® Pentium®, 64 GB, Platinum"
Laptops,"ACER Swift 3 14"" Laptop - AMD Ryzen 3, 256 GB SSD, Silver"
Laptops,"HUAWEI MateBook D 15.6"" Laptop - AMD Ryzen 5, 512 GB SSD, Silver"
Laptops,"ACER Swift 3 16.1"" Laptop - Intel® Core™ i7, 1 TB SSD, Grey"
Laptops,"APPLE MacBook Air 13.3"" (2020) - M1, 512 GB SSD, Silver"
Laptops,"HP 15s-eq2510sa 15.6"" Laptop - AMD Ryzen 7, 512 GB SSD, Silver"
Laptops,"ACER 515 15.6"" Chromebook & Mouse Bundle - Intel® Pentium®, 128 GB SSD, Grey"
Laptops,"LENOVO IdeaPad Flex 5i 13.3"" 2 in 1 Chromebook - Intel® Core™ i3, 128 GB SSD, Grey"
Laptops,"MICROSOFT 15"" Surface Laptop 4 - AMD Ryzen 7, 256 GB SSD, Platinum"
Laptops,"ACER Spin 311 11.6"" 2 in 1 Chromebook - 32 GB eMMC, Silver"
Laptops,"HP ENVY 13-ba1565sa 13.3"" Laptop - Intel® Core™ i7, 1 TB SSD, Silver"
Laptops,"HP Spectre x360 13.5"" 2 in 1 Laptop - Intel® Core™ i7, 512 GB SSD, Black"
Laptops,"DELL Inspiron 15 3515 15.6"" Laptop - AMD Ryzen 5, 256 GB SSD, Black"
Laptops,"ASUS VivoBook X712EA 17.3"" Laptop - Intel® Core™ i5, 512 GB SSD, Silver"
Laptops,"ASUS Zenbook S UX393 13.9"" Laptop - Intel® Core™ i7, 1 TB SSD, Black"
Laptops,"APPLE MacBook Air 13.3"" (2020) - M1, 512 GB SSD, Gold"
Laptops,"ASUS Flip CM3200FM 12"" 2 in 1 Chromebook - MediaTek™ Processor, 64 GB eMMC, Grey"
Laptops,"LENOVO IdeaPad Flex 3 11.6"" 2 in 1 Chromebook - MediaTek MT8183, 64 GB eMMC, Blue"
Laptops,"LENOVO IdeaPad 3i 17.3"" Laptop - Intel® Celeron®, 128 GB SSD, Blue"
Laptops,"DELL Inspiron 15 5518 15.6"" Laptop - Intel® Core™ i7, 512 GB SSD, Silver"
Laptops,"LENOVO Yoga 7i 15.6"" 2 in 1 Laptop - Intel® Core™ i5, 512 GB SSD, Slate Grey"
Laptops,"HP Stream 11-ak0515sa 11"" Laptop - Intel® Celeron™, 64 GB eMMC, White"
Laptops,"ACER Aspire 3 A314-22 14"" Laptop - AMD Ryzen 3, 128 GB SSD, Silver"
Laptops,"LENOVO IdeaPad 3 14"" Chromebook - MediaTek MT8183, 64 GB eMMC, Grey"
Laptops,"DELL Inspiron 14 5415 14"" Laptop - AMD Ryzen 7, 512 GB SSD, Silver"
Laptops,"MICROSOFT 10.5"" Surface Go 3 - Intel® Core™ i3, 128 GB, Platinum"
Laptops,"HP 17-cn0504sa 17.3"" Laptop - Intel® Core™ i5, 512 GB SSD, Black"
Laptops,"MICROSOFT 10.5"" Surface Go 3 - Intel® Pentium®, 128 GB, Platinum"
Laptops,"HP Pavilion 15-eh0523sa 15.6"" Laptop - AMD Ryzen 5, 512 GB, Blue"
Laptops,"ASUS Zenbook Flip UX363EA 13.3"" 2 in 1 Laptop - Intel® Core™ i7, 1 TB SSD, Grey"
Laptops,"ASUS ZenBook UX425EA 14"" Laptop - Intel® Core™ i3, 256 GB SSD, Grey"
Laptops,"ACER Swift 3 16.1"" Laptop - Intel® Core™ i5, 1 TB SSD, Grey"
Laptops,"ASUS ZenBook Pro Duo UX582 15.6"" Laptop - Intel® Core™ i9, 1 TB SSD, Blue"
Laptops,"LENOVO IdeaPad Duet 10.1"" 2 in 1 Chromebook - MediaTek P60T, 64 GB eMCP, Blue & Grey"
Laptops,"HP 15s-eq1048na 15.6"" Laptop - AMD Ryzen 7, 512 GB SSD, Silver"
Laptops,"ACER Spin 311 11.6” 2 in 1 Chromebook - Intel® Celeron®, 64 GB eMMC, Silver"
Laptops,"APPLE MacBook Pro 16"" (2021) - M1 Pro, 512 GB SSD, Space Grey"
Laptops,"ACER 514 14"" Chromebook - Intel® Pentium® Gold, 128 GB SSD, Grey"
Laptops,"DELL Inspiron 15 3515 15.6"" Laptop - AMD Ryzen 7, 512 GB SSD, Silver"
Laptops,"HUAWEI MateBook 14S 14.2"" Laptop - Intel® Core™ i7, 1 TB SSD, Grey"
Laptops,"LENOVO IdeaPad 3i 14"" Laptop - Intel® Core™ i3, 256 GB SSD, Blue"
Laptops,"HP Pavilion 14-dv0564sa 14"" Laptop - Intel® Core™ i7, 512 GB SSD, Silver"
Laptops,"LENOVO IdeaPad 5i 14"" Chromebook - Intel® Core™ i3, 256 GB SSD, Gold"
Laptops,"LENOVO IdeaPad Duet 10.1"" 2 in 1 Chromebook - MediaTek P60T, 128 GB eMCP, Blue & Grey"
Laptops,"HP x360 14c-cc0500sa 14"" 2 in 1 Chromebook - Intel® Core i3, 128 GB SSD, Silver"
Laptops,"HP ENVY 14-eb0505na 14"" Laptop - Intel® Core™ i5, 512 GB SSD, Silver"
Laptops,"HP ENVY x360 Convert 13.3"" 2 in 1 Laptop - Intel® Core™ i7, 512 GB SSD, Silver"
Laptops,"ACER Spin 713 13.5"" 2 in 1 Chromebook - Intel® Core™ i5, 256 GB SSD, Grey"
Laptops,"MICROSOFT 13.5"" Surface Laptop 4 - Intel® Core™ i7, 512 GB, Matte Black"
Laptops,"ACER Spin 514 14"" 2 in 1 Chromebook - AMD Ryzen 5, 128 GB eMMC, Silver"
Laptops,"HUAWEI MateBook D 14"" Laptop - Intel® Core™ i5, 512 GB SSD, Grey"
Laptops,"HP ENVY x360 15.6"" 2 in 1 Laptop - AMD Ryzen 7, 512 GB SSD, Black"
Laptops,"LENOVO IdeaPad 5i 14"" Chromebook - Intel® Pentium® Gold, 128 GB SSD, Grey"
Laptops,"ACER Swift 3 14"" Laptop - AMD Ryzen 5, 1 TB SSD, Blue"
Laptops,"LENOVO IdeaPad 5i 14"" Chromebook - Intel® Core™ i5, 256 GB SSD, Gold"
Laptops,"MICROSOFT 13"" Surface Pro 8 - Intel® Core™ i5, 128 GB SSD, Platinum"
Laptops,"MICROSOFT 14.4"" Surface Laptop Studio - Intel® Core™ i7, 512 GB SSD, Platinum"
Laptops,"LENOVO IdeaPad 5i Pro 14"" Laptop - Intel® Core™ i5, 512 GB SSD, Grey"
Laptops,"LENOVO IdeaPad Duet 3i 10.3"" 2 in 1 Laptop - Intel® Celeron®, 64 GB eMMC, Grey"
Laptops,"ACER Aspire 1 14"" Laptop - Intel® Celeron™, 128 GB eMMC, Silver"
Laptops,"ACER Aspire 5 A515-56G 15.6"" Laptop - Intel® Core™ i5, 512 GB SSD, Silver"
Laptops,"LENOVO IdeaPad 5i 14"" Chromebook - Intel® Core™ i5, 256 GB SSD, Grey"
Laptops,"MICROSOFT 13"" Surface Pro 8 - Intel® Core™ i7, 256 GB SSD, Graphite"
Laptops,"ASUS VivoBook K553 15.6"" Laptop - Intel® Core™ i5, 512 GB SSD, Silver"
Laptops,"HP 15s-eq2504sa 15.6"" Laptop - AMD Ryzen 5, 256 GB SSD, Silver"
Laptops,"ASUS ZenBook Duo UX482EG 14"" Laptop - Intel® Core™ i7, 1 TB SSD, Blue"
Laptops,"ASUS ZenBook 13 UX325EA 13.3"" Laptop - Intel® Core™ i5, 512 GB SSD, Grey"
Laptops,"LENOVO Yoga 7 14"" Laptop - AMD Ryzen 5, 256 GB SSD, Slate Grey"
Laptops,"HP ENVY 13-ba1559na 13.3"" Laptop - Intel® Core™ i5, 512 GB SSD, Silver"
Laptops,"ASUS E410MA 14"" Laptop - Intel® Celeron®, 128 GB eMMC, Blue"
Laptops,"ASUS VivoBook K513E 15.6"" Laptop - Intel® Core™ i5, 512 GB SSD, Black"
Laptops,"ACER Spin 514 14"" 2 in 1 Chromebook - AMD Ryzen 3, 128 GB eMMC, Silver"
Laptops,"DELL XPS 13 9305 13.3"" Laptop - Intel® Core™ i7, 512 GB SSD, Silver"
Laptops,"SAMSUNG Galaxy Book Go LTE 14"" Laptop - Qualcomm Snapdragon 7C, 128 GB SSD, Mystic Silver"
Laptops,"LENOVO IdeaPad Flex 5i 13.3"" 2 in 1 Chromebook - Intel® Core™ i5, 256 GB SSD, Blue"
Laptops,"HP x360 14b-cb0500sa 14"" 2 in 1 Chromebook - Intel® Pentium® Silver, 64 GB eMMC, Silver"
Laptops,"LENOVO IdeaPad 5i Pro 16"" Laptop - Intel® Core™ i5, 512 GB SSD, Grey"
Laptops,"MICROSOFT 15"" Surface Laptop 4 - Intel® Core™ i7, 512 GB SSD, Matte Black"
Laptops,"SAMSUNG Galaxy Book2 15.6"" Laptop - Intel® Core™ i5, 256 GB SSD, Silver"
Laptops,"DELL XPS 17 9710 17"" Laptop - Intel® Core™ i7, 1 TB SSD, Silver"
Laptops,"HP Pavilion 15-eh1502sa 15.6"" Laptop - AMD Ryzen 3, 256 GB SSD, Blue"
Laptops,"SAMSUNG Galaxy Book2 Pro 15.6"" Laptop - Intel® Core™ i7, 512 GB SSD, Silver"
Laptops,"ACER Swift 3 14"" Laptop - AMD Ryzen 7, 1 TB SSD, Silver"
Laptops,"HP Pavilion x360 14-dy0502sa 14"" 2 in 1 Laptop - Intel® Pentium™ Gold, 128 GB SSD, Silver"
Laptops,"ASUS CX15 15.6"" Chromebook - Intel® Pentium®, 64 GB eMMC, Silver"
Laptops,"HP 14a-na0509sa 14"" Chromebook - Intel® Pentium® Silver, 64 GB eMMC, White"
Laptops,"ACER Aspire Vero AV15-51 15.6"" Laptop - Intel® Core™ i5, 512 GB, Grey"
Laptops,"HP 14-na503sa 14"" Chromebook - Intel® Celeron®, 64 GB eMMC, White"
Laptops,"ACER Aspire 3 15.6"" Laptop - Intel® Core™ i5, 256 GB SSD, Black"
Laptops,"HP ENVY x360 Convert 15.6"" 2 in 1 Laptop - Intel® Core™ i7, 512 GB SSD, Silver"
Laptops,"DELL XPS 13 9310 13.4"" Laptop - Intel® Core™ i7, 1 TB SSD, Silver"
Laptops,"ASUS CX17 17.3"" Chromebook - Intel® Celeron™, 128 GB eMMC, Silver"
Laptops,"DELL Inspiron 15 5518 15.6"" Laptop - Intel® Core™ i5, 256 GB SSD, Silver"
Laptops,"SAMSUNG Galaxy Book Pro 15.6"" Laptop - Intel® Core™ i7, 512 GB, Mystic Silver"
Laptops,"HP Pavilion 14-dv0595sa 14"" Laptop - Intel® Core™ i3, 256 GB SSD, Gold"
Laptops,"SAMSUNG Galaxy Book Go 14"" Laptop - Qualcomm Snapdragon 7C, 128 GB SSD, Mystic Silver"
Laptops,"LENOVO IdeaPad 3i 14"" Chromebook - Intel® Celeron®, 64 GB eMMC, Blue"
Laptops,"SAMSUNG Galaxy Go 14"" Chromebook - Intel® Celeron™, 32 GB eMMC, Silver"
Laptops,"ASUS VivoBook Pro M3500QA 15.6"" Laptop - AMD Ryzen 7, 512 GB SSD, Silver"
Laptops,"MICROSOFT 13.5"" Surface Laptop 4 - Intel® Core™ i7, 512 GB, Ice Blue"
Laptops,"HP ENVY 15-ep1503na 15.6"" Laptop - Intel® Core™ i7, 512 GB SSD, Silver"
Laptops,"ACER 315 15.6"" Chromebook - Intel® Celeron®, 64 GB eMMC, Blue"
Laptops,"HP x2 11-da0504na 11"" 2 in 1 Chromebook - Qualcomm Snapdragon, 128 GB eMMC, Silver"
Laptops,"ACER Spin 1 14"" 2 in 1 Laptop - Intel® Pentium® Silver, 256 GB SSD, Silver"
Laptops,"DELL XPS 13 13.4"" 2 in 1 Laptop - Intel® Core™ i7, 512 GB SSD, Silver"
Laptops,"MICROSOFT 13.5"" Surface Laptop 4 - Intel® Core™ i5, 512 GB, Sandstone"
Laptops,"MICROSOFT 14.4"" Surface Laptop Studio - Intel® Core™ i7, 2 TB SSD, Platinum"
Laptops,"HP Spectre x360 13.3"" 2 in 1 Laptop - Intel® Core™ i7, 512 GB SSD, Black"
Laptops,"ASUS E510MA 15.6"" Laptop - Intel® Celeron®, 64 GB eMMC, Black"
Laptops,"MICROSOFT 13"" Surface Pro 8 - Intel® Core™ i7, 256 GB SSD, Platinum"
Laptops,"SAMSUNG Galaxy Book2 360 13.3"" 2 in 1 Laptop - Intel® Core™ i5, 256 GB SSD, Silver"
Laptops,"SAMSUNG Galaxy Book2 15.6"" Laptop - Intel® Core™ i7, 512 GB SSD, Silver"
Laptops,"SAMSUNG Galaxy Book2 Pro 360 13.3"" 2 in 1 Laptop - Intel® Core™ i7, 512 GB SSD, Silver"
Laptops,"LENOVO Yoga 6 13.3"" 2 in 1 Laptop - AMD Ryzen 7, 512 GB SSD, Abyss Blue"
Laptops,"HP Spectre x360 13-aw2501na 13.3"" 2 in 1 Laptop - Intel® Core™ i7, 1 TB SSD, Silver"
Laptops,"HP Stream 14s-dq0505sa 14"" Laptop - Intel® Celeron®, 64 GB eMMC, Blue"
Laptops,"ACER Spin 713 13.5"" 2 in 1 Chromebook - Intel® Core™ i3, 256 GB SSD, Grey"
Laptops,"SAMSUNG Galaxy Book2 360 13.3"" 2 in 1 Laptop - Intel® Core™ i7, 512 GB SSD, Silver"
Laptops,"LENOVO Yoga 7 14"" 2 in 1 Laptop - AMD Ryzen 7, 512 GB SSD, Grey"
Laptops,"ACER Spin 3 13.3"" 2 in 1 Laptop - Intel® Core™ i5, 512 GB SSD, Silver"
Laptops,"DELL XPS 15 9510 15.6"" Laptop - Intel® Core™ i9, 1 TB SSD, Silver"
Laptops,"ACER Swift 3 13.5"" Laptop - Intel® Core™ i5, 512 GB SSD, Silver"
Laptops,"ACER Spin 513 LTE 13.3"" 2 in 1 Chromebook - Qualcomm SC7180, 128 GB eMMC, Blue"
Laptops,"ASUS VivoBook F415 14"" Laptop - Intel® Pentium® Gold, 128 GB SSD, Silver"
Laptops,"HP Stream 11-ak0516sa 11"" Laptop - Intel® Celeron™, 64 GB eMMC, Blue"
Laptops,"ASUS ZenBook 13 UX325EA 13.3"" Laptop - Intel® Core™ i5, 512 GB SSD, Grey"
Laptops,"ACER Spin 513 13.3"" 2 in 1 Chromebook - Qualcomm SC7180, 64 GB eMMC, Silver"
Laptops,"MICROSOFT 8.3"" Surface Duo 2 - 128 GB UFS, Obsidian"
Laptops,"HP x360 14b-cb0502sa 14"" 2 in 1 Chromebook - Intel® Pentium® Silver, 128 GB eMMC, Silver"
Laptops,"HP Pavilion Aero 13-be0506sa 13.3"" Laptop - AMD Ryzen 7, 512 GB SSD, Silver"
Laptops,"LENOVO Yoga 6 13.3"" 2 in 1 Laptop - AMD Ryzen 7, 512 GB SSD, Abyss Blue"
Laptops,"LENOVO IdeaPad 3i 14"" Laptop - Intel® Pentium® Gold, 128 GB SSD, Blue"
Laptops,"VENTURER Europa 14 Plus 14"" Laptop - Intel® Celeron™, 64 GB SSD, Black"
Laptops,"ACER 515 15.6"" Chromebook & Mouse Bundle - Intel® Core™ i3, 128 GB SSD, Grey"
Laptops,"DYNABOOK Toshiba Satellite Pro C40 14"" Laptop - Intel® Core™ i5, 256 GB SSD, Dark Blue"
Laptops,"MICROSOFT 15"" Surface Laptop 4 - Intel® Core™ i7, 1 TB SSD, Matte Black"
Laptops,"SAMSUNG Galaxy Book2 Pro 15.6"" Laptop - Intel® Core™ i5, 256 GB SSD, Dark Grey"
Laptops,"SAMSUNG Galaxy Book Pro 360 5G 13.3"" 2 in 1 Laptop - Intel® Core™ i5, 256 GB SSD, Mystic Silver"
Laptops,"HP Stream 14s-dq0506sa 14"" Laptop - Intel® Celeron®, 64 GB eMMC, White"
Laptops,"LENOVO IdeaPad 3i 14"" Laptop - Intel® Core™ i5, 256 GB SSD, Blue"
Laptops,"HP x2 11-da0502na 11"" 2 in 1 Chromebook - Qualcomm Snapdragon, 64 GB eMMC, Silver"
Laptops,"VENTURER Europa Plus 11"" Laptop - Intel® Celeron™, 64 GB SSD, Black"
Laptops,"DELL XPS 15 9510 15.6"" Laptop - Intel® Core™ i7, 1 TB SSD, Silver"
Laptops,"HP ENVY 13-ba1561sa 13.3"" Laptop - Intel® Core™ i5, 512 GB SSD, Silver"
Laptops,"ACER Aspire 3 15.6"" Laptop - Intel® Pentium® Silver, 128 GB SSD, Silver"
Laptops,"ACER Swift 3 14"" Laptop - Intel® Core™ i5, 1 TB SSD, Silver"
Laptops,"MICROSOFT 14.4"" Surface Laptop Studio - Intel® Core™ i5, 256 GB SSD, Platinum"
Laptops,"LENOVO IdeaPad Flex 3 11.6"" 2 in 1 Chromebook - MediaTek MT8183, 64 GB eMMC, Grey"
Laptops,"SAMSUNG Galaxy Book2 15.6"" Laptop - Intel® Core™ i5, 512 GB SSD, Silver"
Laptops,"SAMSUNG Galaxy Book2 15.6"" Laptop - Intel® Core™ i3, 256 GB SSD, Silver"
Laptops,"ASUS Zenbook S Flip UX371EA 13.3"" 2 in 1 Laptop - Intel® Core™ i7, 1 TB SSD, Black"
Laptops,"ASUS CX17 17.3"" Chromebook - Intel® Pentium®, 128 GB eMMC, Silver"
Laptops,"SAMSUNG Galaxy Book2 Pro 360 15.6"" 2 in 1 Laptop - Intel® Core™ i5, 256 GB SSD, Silver"
Laptops,"SAMSUNG Galaxy Book2 Pro 13.3"" Laptop - Intel® Core™ i5, 256 GB SSD, Silver"
Laptops,"HUAWEI MateBook 16"" Laptop - AMD Ryzen 7, 512 GB SSD, Grey"
Laptops,"ACER Swift 1 14"" Laptop - Intel® Pentium™, 128 GB SSD, Silver"
Laptops,"ACER Spin 1 14"" 2 in 1 Laptop - Intel® Pentium® Silver, 128 GB SSD, Silver"
Laptops,"LENOVO IdeaPad 3i 15.6"" Laptop - Intel® Celeron®, 128 GB SSD, Blue"
Laptops,"ACER 317 17.3"" Chromebook - Intel® Celeron®, 64 GB eMMC, Silver"
Laptops,"MICROSOFT 14.4"" Surface Laptop Studio - Intel® Core™ i5, 512 GB SSD, Platinum"
Laptops,"SAMSUNG Galaxy Book Pro 13.3"" Laptop - Intel® Core™ i5, 256 GB, Mystic Navy"
Laptops,"HP Pavilion 14-ec0531sa 14"" Laptop - AMD Ryzen 7, 512 GB SSD, Blue"
Laptops,"HP 14"" Chromebook, Messenger Bag & Wireless Mouse 200 Bundle - Intel® Pentium® Silver, 128 GB eMMC, White"
Laptops,"DELL Inspiron 13 5310 13.3"" Laptop - Intel® Core™ i7, 512 GB SSD, Silver"
Laptops,"ACER Spin 3 13.3"" 2 in 1 Laptop - Intel® Core™ i7, 512 GB SSD, Silver"
Laptops,"ACER Aspire 1 14"" Laptop - Intel® Celeron™, 64 GB eMMC, Blue"
Laptops,"ACER Aspire 5 A515-45 15.6"" Laptop - AMD Ryzen 3, 128 GB SSD, Black"
Laptops,"SAMSUNG Galaxy Book2 Pro 15.6"" Laptop - Intel® Core™ i5, 256 GB SSD, Silver"
Laptops,"ACER 514 14"" Chromebook - Intel® Core™ i3, 128 GB SSD, Grey"
Laptops,"MICROSOFT 13.5"" Surface Laptop 4 - Intel® Core™ i5, 512 GB, Matte Black"
Laptops,"SAMSUNG Galaxy Book2 Pro 360 13.3"" 2 in 1 Laptop - Intel® Core™ i5, 256 GB SSD, Silver"
Laptops,"SAMSUNG Galaxy Go 14"" Chromebook - Intel® Celeron™, 64 GB eMMC, Silver"
Laptops,"LENOVO IdeaPad Flex 5i 14"" 2 in 1 Laptop - Intel® Core™ i5, 256 GB SSD, Blue"
Laptops,"ACER Swift 3 14"" Laptop - Intel® Core™ i5, 512 GB SSD, Silver"
Laptops,"AVITA Pura 15.6"" Laptop - AMD Ryzen 5, 256 GB SSD, Metallic Black"
Laptops,"ACER Aspire 3 15.6"" Laptop - Intel® Core™ i7, 512 GB SSD, Silver"
Laptops,"LENOVO IdeaPad 3i 15.6"" Chromebook - Intel® Pentium®, 128 GB eMMC, Grey"
Laptops,"MICROSOFT 13.5"" Surface Laptop 4 - Intel® Core™ i5, 512 GB, Ice Blue"
Laptops,"ASUS VivoBook Pro N7600PC-L2175W 16"" Laptop - Intel® Core™ i7, 512 GB SSD, Silver"
Laptops,"SAMSUNG Galaxy Book2 Pro 360 13.3"" 2 in 1 Laptop - Intel® Core™ i7, 256 GB SSD, Silver"
Laptops,"SAMSUNG Galaxy Go LTE 14"" Chromebook - Intel® Celeron™, 64 GB eMMC, Silver"
Laptops,"SAMSUNG Galaxy Book LTE 15.6"" Laptop - Intel® Core™ i5, 256 GB SSD, Mystic Silver"
Laptops,"ASUS CX9 14"" Chromebook - Intel® Core™ i7, 512 GB SSD, Black"
Laptops,"MICROSOFT 13.5"" Surface Laptop 4 - Intel® Core™ i5, 512 GB, Platinum"
Laptops,"MICROSOFT 13"" SQ1 Surface Pro X - 256 GB SSD, Platinum"
Laptops,"AVITA Liber V 14"" Laptop - AMD Ryzen 3, 256 GB SSD, Black"
Laptops,"AVITA Admiror 14"" Laptop - AMD Ryzen 7, 512 GB SSD, Copper"
Laptops,"AVITA Pura 14"" Laptop - AMD Ryzen 5, 256 GB SSD, Rose Gold"
Laptops,"HONOR MagicBook 16.1"" Laptop - AMD Ryzen 5, 512 GB SSD, Grey"
Laptops,"DYNABOOK Toshiba Satellite Pro C40 14"" Laptop - Intel® Core™ i3, 256 GB SSD, Dark Blue"
Laptops,"AVITA Pura 14"" Laptop - AMD Ryzen 5, 256 GB SSD, Red"
Laptops,"HP 14"" Chromebook, Messenger Bag & Wireless Mouse 200 Bundle - Intel® Celeron®, 64 GB eMMC, Silver"
Laptops,"HONOR MagicBook X14 14"" Laptop - Intel® Core™ i5, 512 GB SSD, Grey"
Laptops,"AVITA Liber V 14"" Laptop - AMD Ryzen 5, 256 GB SSD, Gold & Patterned"
Laptops,"HONOR MagicBook 15.6"" Laptop - AMD Ryzen 5, 512 GB SSD, Grey"
Laptops,"AVITA Admiror 14"" Laptop - AMD Ryzen 7, 512 GB SSD, Brown"
Laptops,"AVITA Liber V 14"" Laptop - AMD Ryzen 5, 256 GB SSD, Black"
Laptops,"MEDION AKOYA S6445 15.6"" Intel® Core™ i5 Laptop - 512 GB SSD, Silver"
Laptops,"MEDION AKOYA S4403 14” Intel® Core™ i5 2 in 1 Laptop - 512 GB SSD, Silver"
Laptops,"DYNABOOK Toshiba Portégé X30W-J-12V 13.3"" 2 in 1 Laptop - Intel® Core™ i5, 256 GB SSD, Blue"
Laptops,"MEDION AKOYA S6445 15.6"" Intel® Core™ i7 Laptop - 512 GB SSD, Silver"
Laptops,"ASUS ZenBook 13 UX325EA 13.3"" Laptop - Intel® Core™ i7, 512 GB SSD, Grey"
Laptops,"AVITA Pura 14"" Laptop - AMD Ryzen 5, 256 GB SSD, Silver"
Laptops,"AVITA Pura 15.6"" Laptop - AMD Ryzen 5, 256 GB SSD, Silver Grey"
Laptops,"AVITA Liber V 14"" Laptop - AMD Ryzen 5, 128 GB SSD, Red"
Laptops,"SAMSUNG Galaxy Book 15.6"" Laptop - Intel® Core™ i3, 256 GB SSD, Silver"
Laptops,"LENOVO IdeaPad 3i 14"" Laptop - Intel® Core™ i3, 128 GB SSD, Blue"
Laptops,"APPLE MacBook Air 13.3"" (2020) - M1, 256 GB SSD, Space Grey"
Laptops,"APPLE MacBook Air 13.3"" (2020) - M1, 256 GB SSD, Gold"
Laptops,"APPLE MacBook Air 13.3"" (2020) - M1, 256 GB SSD, Silver"
Laptops,"APPLE MacBook Pro 14"" (2021) - M1 Pro, 1 TB SSD, Silver"
Laptops,"ASUS VivoBook Pro M3500QC 15.6"" Laptop - AMD Ryzen 9, 1 TB SSD, Blue"
Laptops,"DELL Inspiron 14 5415 14"" Laptop - AMD Ryzen 5, 256 GB SSD, Silver"
Laptops,"APPLE MacBook Pro 16"" (2021) - M1 Pro, 1 TB SSD, Silver"
Laptops,"MICROSOFT 12.5"" Surface Laptop Go - Intel® Core™ i5, 256 GB SSD, Platinum"
Laptops,"LG GRAM 17Z90P 17"" Laptop - Intel® Core™ i7, 512 GB SSD, Black"
Laptops,"ACER Aspire 3 15.6"" Laptop - Intel® Core™ i3, 128 GB SSD, Silver"
Laptops,"LG GRAM 16Z90P 16"" Laptop - Intel® Core™ i7, 512 GB SSD, Black"
Laptops,"MICROSOFT 8.3"" Surface Duo 2 - 128 GB UFS, Glacier"
Laptops,"APPLE MacBook Air 13.3"" (2020) - M1, 512 GB SSD, Space Grey"
Laptops,"LG GRAM 17Z90P 17"" Laptop - Intel® Core™ i5, 512 GB SSD, Silver"
Laptops,"DELL Inspiron 13 5310 13.3"" Laptop - Intel® Core™ i5, 256 GB SSD, Silver"
Laptops,"MICROSOFT 8.3"" Surface Duo 2 - 256 GB UFS, Obsidian"
Laptops,"MICROSOFT 8.3"" Surface Duo 2 - 256 GB UFS, Glacier"
Laptops,"DELL Inspiron 14 5410 14"" 2 in 1 Laptop - Intel® Core™ i5, 256 GB SSD, Silver"
Laptops,"APPLE MacBook Pro 16"" (2021) - M1 Max, 1 TB SSD, Space Grey"
Laptops,"HP 17-cn0528sa 17.3"" Laptop - Intel® Pentium® Gold, 128 GB SSD, Black"
Laptops,"LENOVO IdeaPad 5 Pro 16"" Laptop - AMD Ryzen 7, 512 GB SSD, Grey"
Laptops,"LG GRAM 17Z90P 17"" Laptop - Intel® Core™ i7, 1 TB SSD, Black"
Laptops,"MEDION AKOYA S4403 14” Intel® Core™ i7 2 in 1 Laptop - 512 GB SSD, Silver"
Laptops,"ACER Aspire Vero AV15-51 15.6"" Laptop & Microsoft 365 Personal Bundle - Intel® Core™ i7, 1 TB"
Laptops,"APPLE MacBook Pro 16"" (2021) - M1 Max, 1 TB SSD, Silver"
Laptops,"MICROSOFT 13"" Surface Pro 8 - Intel® Core™ i7, 512 GB SSD, Graphite"
Laptops,"ASUS VivoBook Pro N7600PC-L2010W 16"" Laptop - Intel® Core™ i7, 1 TB SSD, Silver"
Laptops,"ACER Aspire Vero AV15-51 15.6"" Laptop - Intel® Core™ i7, 1 TB, Grey"
Laptops,"MICROSOFT 14.4"" Surface Laptop Studio - Intel® Core™ i7, 1 TB SSD, Platinum"
Laptops,"ACER Swift 1 14"" Laptop - Intel® Pentium™, 256 GB SSD, Silver"
Laptops,"ACER Aspire 5 A515-45 15.6"" Laptop - AMD Ryzen 5, 512 GB SSD, Black"
Laptops,"ACER Aspire 5 A517-52G 17.3"" Laptop - Intel® Core™ i7, 512 GB SSD, Silver"
Laptops,"MICROSOFT 13"" SQ1 Surface Pro X - 128 GB SSD, Platinum"
Laptops,"ACER Aspire 5 A517-52G 17.3"" Laptop - Intel® Core™ i5, 512 GB SSD, Silver"
Laptops,"LG GRAM 16Z90P 16"" Laptop - Intel® Core™ i5, 512 GB SSD, Silver"
Laptops,"ACER Aspire 5 A515-45 15.6"" Laptop - AMD Ryzen 7, 512 GB SSD, Black"
Laptops,"ENTITY Rove 14.1"" Laptop Bundle - Intel® Celeron®, 64 GB SSD, Grey"
Laptops,"LG GRAM 16Z90P 16"" Laptop - Intel® Core™ i7, 1 TB SSD, Black"
Laptops,"ACER Swift 3 13.5"" Laptop - Intel® Core™ i7, 512 GB SSD, Silver"
Laptops,"ACER Aspire 3 15.6"" Laptop - Intel® Core™ i3, 128 GB SSD, Silver"
Laptops,"MICROSOFT 13"" Surface Pro 8 - Intel® Core™ i7, 512 GB SSD, Platinum"
Laptops,"ACER ConceptD 3 Ezel 14"" 2 in 1 Laptop - Intel® Core™ i7, 512 GB SSD, White"
Laptops,"VENTURER Europa Plus 14"" Laptop - Intel® Celeron™, 64 GB SSD, Rose Gold"
Laptops,"ACER ConceptD 3 14"" Laptop - Intel® Core™ i7, 512 GB SSD, White"
Laptops,"VENTURER Europa 11 LT 11.6"" Laptop - Intel® Celeron™, 64 GB SSD, Black"
Laptops,"MICROSOFT 13.5"" Surface Laptop 3 - Intel® Core™ i7, 512 GB, Platinum"
Laptops,"DYNABOOK Toshiba Portégé X30W-J-130 13.3"" 2 in 1 Laptop - Intel® Core™ i7, 512 GB SSD, Blue"
Laptops,"ASUS C523 15.6"" Intel® Celeron™ Chromebook - 64 GB eMMC, Silver"
Laptops,"VENTURER Europa 14 LT 14"" Laptop - Intel® Celeron™, 64 GB SSD, Black"
Laptops,"MICROSOFT 13.5"" Surface 3 Laptop - Intel® Core™ i7, 256 GB SSD, Black"
