Tumble Dryers,SAMSUNG Series 5+ DV90T5240AN/S1 WiFi-enabled 9 kg Heat Pump Tumble Dryer - Graphite
Tumble Dryers,BOSCH Serie 4 WTN85280GB Condenser Tumble Dryer - White
Tumble Dryers,BOSCH Serie 4 WTH84000GB 8 kg Heat Pump Tumble Dryer - White
Tumble Dryers,CANDY Smart Pro CSOE C10TG WiFi-enabled 10 kg Condenser Tumble Dryer - White
Tumble Dryers,HOOVER H-Dry 500 NDE H10A2TCE WiFi-enabled 10 kg Heat Pump Tumble Dryer – White
Tumble Dryers,HOOVER H-Dry 300 HLE C10DE NFC 10 kg Condenser Tumble Dryer - White
Tumble Dryers,SAMSUNG DV9BTA020AE 9 kg Heat Pump Tumble Dryer - White
Tumble Dryers,LOGIK LCD7W18 7 kg Condenser Tumble Dryer - White
Tumble Dryers,LOGIK LVD7W18 7 kg Vented Tumble Dryer - White
Tumble Dryers,LOGIK LCD8W18 8 kg Condenser Tumble Dryer - White
Tumble Dryers,LOGIK LHP8W18 8 kg Heat Pump Tumble Dryer - White
Tumble Dryers,BEKO DTKCE80021W 8 kg Condenser Tumble Dryer - White
Tumble Dryers,SAMSUNG Series 5+ DV90T5240AW/S1 WiFi-enabled 9 kg Heat Pump Tumble Dryer - White
Tumble Dryers,INDESIT I1 D80W UK 8 kg Vented Tumble Dryer - White
Tumble Dryers,BEKO DTLCE70051W 7 kg Condenser Tumble Dryer - White
Tumble Dryers,BEKO Pro DCX83120W 8 kg Condenser Tumble Dryer - White
Tumble Dryers,CANDY Smart Pro CSOE C10TG WiFi-enabled 10 kg Condenser Tumble Dryer - White
Tumble Dryers,SAMSUNG Series 5 DV80TA020TH/EU 8 kg Heat Pump Tumble Dryer - White
Tumble Dryers,BEKO DTBC10001W 10 kg Condenser Tumble Dryer - White
Tumble Dryers,INDESIT I2 D81W UK 8 kg Condenser Tumble Dryer - White
Tumble Dryers,HOTPOINT H3 D91GS UK 9 kg Condenser Tumble Dryer - Graphite
Tumble Dryers,CANDY Smart KSE C8LF NFC 8 kg Condenser Tumble Dryer - White
Tumble Dryers,SAMSUNG Series 5 DV80TA020AE/EU 8 kg Heat Pump Tumble Dryer - White
Tumble Dryers,SHARP KD-NCB8S7PB9-EN 8 kg Condenser Tumble Dryer - Black
Tumble Dryers,BEKO DTKCE90021W 9 kg Condenser Tumble Dryer - White
Tumble Dryers,SAMSUNG Series 9 DV90T8240SX/S1 WiFi-enabled 9 kg Heat Pump Tumble Dryer - Graphite
Tumble Dryers,SAMSUNG Series 5 DV90TA040AX/EU 9 kg Heat Pump Tumble Dryer - Graphite
Tumble Dryers,SAMSUNG Series 6 DV90T6240LN/S1 WiFi-enabled 9 kg Heat Pump Tumble Dryer - Graphite
Tumble Dryers,HOOVER H-Dry 300 HLE C10DE NFC 10 kg Condenser Tumble Dryer - White
Tumble Dryers,SAMSUNG Series 5 DV80TA020AX/EU 8 kg Heat Pump Tumble Dryer - Graphite
Tumble Dryers,BOSCH Serie 6 WTWH7660GB WiFi-enabled 9 kg Heat Pump Tumble Dryer - White
Tumble Dryers,BOSCH Serie 4 WTH85222GB 8 kg Heat Pump Tumble Dryer - White
Tumble Dryers,MONTPELLIER MTD30P 3 kg Vented Tumble Dryer - White
Tumble Dryers,SAMSUNG Series 5+ DV80T5220AN/S1 WiFi-enabled 8 kg Heat Pump Tumble Dryer - Graphite
Tumble Dryers,HOOVER H-Dry 500 NDE H10A2TCE WiFi-enabled 10 kg Heat Pump Tumble Dryer – White
Tumble Dryers,HOOVER H-Dry 300 HLE C9DRGR WiFi-enabled 9kg Condenser Tumble Dryer - Graphite
Tumble Dryers,HOOVER H-Dry 300 HLE C9DG NFC 9 kg Condenser Tumble Dryer - White
Tumble Dryers,HOOVER H-Dry 300 HLE C10DCER NFC 10 kg Condenser Tumble Dryer - Graphite
Tumble Dryers,BEKO Pro DHX83420W 8 kg Heat Pump Tumble Dryer - White
Tumble Dryers,HOTPOINT H3 D91WB UK 9 kg Condenser Tumble Dryer - White
Tumble Dryers,HOTPOINT Active Care NT M11 92XB UK 9 kg Heat Pump Tumble Dryer - White
Tumble Dryers,HOTPOINT H2 D81W UK 8 kg Condenser Tumble Dryer - White
Tumble Dryers,SAMSUNG Series 9 DV90T8240SH/S1 WiFi-enabled 9 kg Heat Pump Tumble Dryer - White
Tumble Dryers,BEKO DTLP81151W 8 kg Heat Pump Tumble Dryer - White
Tumble Dryers,HOOVER H-Dry 300 HLE C10DRGR WiFi-enabled 10 kg Condenser Tumble Dryer - Graphite
Tumble Dryers,MONTPELLIER MVSD7W 7 kg Vented Tumble Dryer - White
Tumble Dryers,SAMSUNG Series 5 DV90TA040AE/EU 9 kg Heat Pump Tumble Dryer - White
Tumble Dryers,HOOVER H-Dry 300 HLE V9LF NFC 9 kg Vented Tumble Dryer - White
Tumble Dryers,SHARP KD-HHH8S7GW2-EN 8 kg Heat Pump Tumble Dryer - White
Tumble Dryers,HOTPOINT NT M11 9X2SXB UK 9 kg Heat Pump Tumble Dryer - Silver
Tumble Dryers,HOOVER H-Dry 300 HLE C10DG WiFi-enabled 10 kg Condenser Tumble Dryer - White
Tumble Dryers,BEKO Pro IronFinish B5T4823IW 8 kg Heat Pump Tumble Dryer - White
Tumble Dryers,BEKO Pro B3T4911DW 9 kg Condenser Tumble Dryer - White
Tumble Dryers,GRUNDIG ExpressDry GT76824EW 8 kg Heat Pump Tumble Dryer - White
Tumble Dryers,SAMSUNG Series 5+ DV80T5220AW/S1 WiFi-enabled 8 kg Heat Pump Tumble Dryer - White
Tumble Dryers,HOOVER H-Dry 300 HLE C9DGB NFC 9 kg Condenser Tumble Dryer - Black
Tumble Dryers,BEKO Pro IronFinish B5T4923IW 9 kg Heat Pump Tumble Dryer - White
Tumble Dryers,HOOVER H-Dry 300 HLE H8A2TE WiFi-enabled 8 kg Heat Pump Tumble Dryer - White
Tumble Dryers,CANDY Smart CSE V9DF NFC 9 kg Vented Tumble Dryer - White
Tumble Dryers,HOTPOINT H3 D81WB UK 8 kg Condenser Tumble Dryer - White
Tumble Dryers,HOOVER H-Dry 300 HLE C9DE NFC 9 kg Condenser Tumble Dryer - White
Tumble Dryers,HOOVER H-Dry 300 HLE H9A2DCE NFC 9 kg Heat Pump Tumble Dryer - White
Tumble Dryers,GRUNDIG GT54923CG 9 kg Heat Pump Tumble Dryer - Graphite
Tumble Dryers,BEKO B3T41011DW 10 kg Condenser Tumble Dryer - White
Tumble Dryers,HOTPOINT H3 D91B UK 9 kg Condenser Tumble Dryer - Black
Tumble Dryers,BOSCH Serie 8 WTX88RH9GB Smart 9 kg Heat Pump Tumble Dryer - White
Tumble Dryers,MONTPELLIER MCSD7K 7 kg Condenser Tumble Dryer - Black
Tumble Dryers,HOOVER H-Dry 500 NDE H10A2TCBER WiFi-enabled 10 kg Heat Pump Tumble Dryer - Graphite
Tumble Dryers,HOOVER BHTDH7A1TCEB WiFi-enabled Integrated 7 kg Heat Pump Tumble Dryer
Tumble Dryers,MONTPELLIER MCD7W 7 kg Condenser Tumble Dryer - White
Tumble Dryers,LG FDV309W WiFi-enabled 9 kg Heat Pump Tumble Dryer - White
Tumble Dryers,GRUNDIG GT541023CW 10 kg Heat Pump Tumble Dryer - White
Tumble Dryers,MIELE EcoSpeed TWF760WP WiFi-enabled 8 kg Heat Pump Tumble Dryer - White
Tumble Dryers,CANDY Smart Pro CSOE C9TG WiFi-enabled 9kg Condenser Tumble Dryer - White
Tumble Dryers,LG FDV909S WiFi-enabled 9 kg Heat Pump Tumble Dryer - Graphite
Tumble Dryers,GRUNDIG GT54823CG 8 kg Heat Pump Tumble Dryer - Graphite
Tumble Dryers,GRUNDIG GT56824CW WiFi-enabled 8 kg Heat Pump Tumble Dryer - White
Tumble Dryers,HOOVER BHTDH7A1TCE WiFi-enabled Integrated 7 kg Heat Pump Tumble Dryer
Tumble Dryers,LG FDV909W WiFi-enabled 9 kg Heat Pump Tumble Dryer - White
Tumble Dryers,HOTPOINT NT M11 9X3E UK 9 kg Heat Pump Tumble Dryer - White
Tumble Dryers,LG Styler S3BF WiFi-enabled Steam Clothing Care System - Black
Tumble Dryers,HISENSE DCGE801 8 kg Condenser Tumble Dryer - White
Tumble Dryers,CANDY BKTDH7A1TCEB-80 WiFi-enabled Integrated 7 kg Heat Pump Tumble Dryer
Tumble Dryers,LG FDV1109B WiFi-enabled 9 kg Heat Pump Tumble Dryer - Black Steel
Tumble Dryers,LG FDV909B WiFi-enabled 9 kg Heat Pump Tumble Dryer - Black
Tumble Dryers,SHARP KD-HHH9S7GW2-EN 9 kg Heat Pump Tumble Dryer - White
Tumble Dryers,BOSCH WTN85201GB 7 kg Condenser Tumble Dryer - White
Tumble Dryers,GRUNDIG GT54823CW 8 kg Heat Pump Tumble Dryer - White
Tumble Dryers,MIELE EcoSpeed TWL780WP WiFi-enabled 9 kg Heat Pump Tumble Dryer - White
Tumble Dryers,BEKO Pro RapiDry B5T4823RW 8 kg Heat Pump Tumble Dryer - White
Tumble Dryers,MONTPELLIER MCD8W 8 kg Condenser Tumble Dryer - White
Tumble Dryers,AEG AbsoluteCare T8DEE945R Heat Pump Tumble Dryer - White
Tumble Dryers,BEKO Pro RapiDry B5T4923RW 9 kg Heat Pump Tumble Dryer - White
Tumble Dryers,BOSCH Serie 6 WTG86402GB Condenser Tumble Dryer - White
Tumble Dryers,CANDY Smart Pro CSOE H9A2TE WiFi-enabled 9 kg Heat Pump Tumble Dryer - White
Tumble Dryers,ZANUSSI ZDH87A2PW 8 kg Heat Pump Tumble Dryer - White
Tumble Dryers,HAIER HD80-A636 8 kg Heat Pump Tumble Dryer – White
Tumble Dryers,CANDY BCTD H7A1TBE-80 WiFi-enabled Integrated 7 kg Heat Pump Tumble Dryer
Tumble Dryers,LG FDV1109W WiFi-enabled 9 kg Heat Pump Tumble Dryer - White
Tumble Dryers,SHARP KD-NCB9S7PW9-EN 9 kg Condenser Tumble Dryer - White
Tumble Dryers,INDESIT YT M11 82 X UK 8 kg Heat Pump Tumble Dryer - White
Tumble Dryers,HAIER 959 Series HD90-A2959 WiFi-enabled 9 kg Heat Pump Tumble Dryer - White
Tumble Dryers,HAIER HD90-A636 9 kg Heat Pump Tumble Dryer – White
Tumble Dryers,LG Styler S3WF WiFi-enabled Steam Clothing Care System - White
Tumble Dryers,MIELE T1 Active TCA220WP 7 kg Heat Pump Tumble Dryer - White
Tumble Dryers,HAIER I-Pro Series 7 HD90-A2979S 9 kg Heat Pump Tumble Dryer - Graphite
Tumble Dryers,INDESIT I3 D81W UK 8 kg Condenser Tumble Dryer - White
Tumble Dryers,HOOVER H-Dry 500 NDE H11A2TCEXM WiFi-enabled 11 kg Heat Pump Tumble Dryer – White
Tumble Dryers,HOTPOINT H8 D94WB UK 9 kg Heat Pump Tumble Dryer - White
Tumble Dryers,MIELE T1 Eco&Steam TWR780 WP WiFi-enabled 9 kg Heat Pump Tumble Dryer - White
Tumble Dryers,HAIER 959 Series HD90-A2959S WiFi-enabled 9 kg Heat Pump Tumble Dryer - Graphite
Tumble Dryers,HISENSE Essential DHGE901 9 kg Heat Pump Tumble Dryer - White
Tumble Dryers,CANDY Smart Pro CSOE C10TE WiFi-enabled 10 kg Condenser Tumble Dryer - White
Tumble Dryers,HOTPOINT H8 D94SB UK 9 kg Heat Pump Tumble Dryer - Silver
Tumble Dryers,AEG 7000 Series T7DBG840N 8 kg Heat Pump Tumble Dryer - White
Tumble Dryers,LG V7 FDV709W WiFi-enabled 9 kg Heat Pump Tumble Dryer - White
Tumble Dryers,GRUNDIG GT54923CW 9 kg Heat Pump Tumble Dryer - White
Tumble Dryers,HAIER HD90-A2979 9 kg Heat Pump Tumble Dryer - White
Tumble Dryers,SAMSUNG Series 6 DV90T6240LH/S1 WiFi-enabled 9 kg Heat Pump Tumble Dryer - White
Tumble Dryers,HOOVER H-Dry 300 HLE V10DG-80 NFC 10 kg Vented Tumble Dryer - White
Tumble Dryers,BEKO Pro HygieneShield DHY9P56VW 9 kg Heat Pump Tumble Dryer - White
Tumble Dryers,INDESIT I1 D80S UK 8 kg Vented Tumble Dryer - Silver
Tumble Dryers,HOTPOINT H2 D71W UK 7 kg Condenser Tumble Dryer - White
Tumble Dryers,HOTPOINT H3 D81GS UK 8 kg Condenser Tumble Dryer - Graphite
Tumble Dryers,HOTPOINT H1 D80W UK 8 kg Vented Tumble Dryer - White
Tumble Dryers,HOTPOINT H3 D81B UK 8 kg Condenser Tumble Dryer - Black
Tumble Dryers,MONTPELLIER MIHP70 Integrated 7 kg Heat Pump Tumble Dryer
Tumble Dryers,HOTPOINT NT M10 81WK UK 8 kg Heat Pump Tumble Dryer - White
Tumble Dryers,BOSCH Serie 4 WTN83201GB 8 kg Condenser Tumble Dryer - White
Tumble Dryers,SHARP KD-NCB8S7PW9 8 kg Condenser Tumble Dryer - White
Tumble Dryers,BOSCH Serie 4 WTW85231GB 8 kg Heat Pump Tumble Dryer - White
Tumble Dryers,BOSCH Serie 8 WTX88EH9GB Smart 9 kg Heat Pump Tumble Dryer - White
Tumble Dryers,AEG ProSense T6DBG822N Condenser Tumble Dryer - White
Tumble Dryers,HISENSE Essential DHGE901B 9 kg Heat Pump Tumble Dryer - Black
Tumble Dryers,INDESIT I3 D81B UK 8 kg Condenser Tumble Dryer - Black
Tumble Dryers,HISENSE DCGE802B 8 kg Condenser Tumble Dryer - Black
