TV,"LG OLED48C14LB 48"" Smart 4K Ultra HD HDR OLED TV with Google Assistant & Amazon Alexa"
TV,"SAMSUNG QE50QN94AATXXU 50"" Smart 4K Ultra HD HDR Neo QLED TV with Bixby, Alexa & Google Assistant"
TV,"SAMSUNG QE65QN95AATXXU 65"" Smart 4K Ultra HD HDR Neo QLED TV with Bixby, Alexa & Google Assistant"
TV,"PANASONIC TX-50JX800B 50"" Smart 4K Ultra HD HDR LED TV with Google Assistant"
TV,"HISENSE 55A7GQTUK 55"" Smart 4K Ultra HD HDR QLED TV with Alexa & Google Assistant"
TV,"SAMSUNG QE65QN94AATXXU 65"" Smart 4K Ultra HD HDR Neo QLED TV with Bixby, Alexa & Google Assistant"
TV,"LG OLED42C24LA 42"" Smart 4K Ultra HD HDR OLED TV with Google Assistant & Amazon Alexa"
TV,"SAMSUNG QE55QN700ATXXU 55"" Smart 8K HDR Neo QLED TV with Bixby, Alexa & Google Assistant"
TV,"SAMSUNG The Frame QE43LS03AAUXXU 43"" Smart 4K Ultra HD HDR QLED TV with Bixby, Alexa & Google Assistant"
TV,"SAMSUNG UE43AU9007KXXU 43"" Smart 4K Ultra HD HDR LED TV with Bixby, Alexa & Google Assistant"
TV,"LOGIK L43AUE21 Android TV 43"" Smart 4K Ultra HD HDR LED TV with Google Assistant"
TV,"SAMSUNG UE43TU7020KXXU 43"" Smart 4K Ultra HD HDR LED TV"
TV,"SAMSUNG UE50AU9007KXXU 50"" Smart 4K Ultra HD HDR LED TV with Bixby, Alexa & Google Assistant"
TV,"SONY BRAVIA XR55A84JU 55"" Smart 4K Ultra HD HDR OLED TV with Google TV & Assistant"
TV,"SONY BRAVIA KD43X85JU 43"" Smart 4K Ultra HD HDR LED TV with Google TV & Assistant"
TV,"SONY BRAVIA XR65A84JU 65"" Smart 4K Ultra HD HDR OLED TV with Google TV & Assistant"
TV,"SONY BRAVIA KD55X85JU 55"" Smart 4K Ultra HD HDR LED TV with Google TV & Assistant"
TV,"SONY BRAVIA KD50X85JU 50"" Smart 4K Ultra HD HDR LED TV with Google TV & Assistant"
TV,"SAMSUNG QE75QN94AATXXU 75"" Smart 4K Ultra HD HDR Neo QLED TV with Bixby, Alexa & Google Assistant"
TV,"SONY BRAVIA KD65X85JU 65"" Smart 4K Ultra HD HDR LED TV with Google TV & Assistant"
TV,"SONY BRAVIA KD85X85JU 85"" Smart 4K Ultra HD HDR LED TV with Google TV & Assistant"
TV,"SONY BRAVIA XR77A84JU 77"" Smart 4K Ultra HD HDR OLED TV with Google TV & Assistant"
TV,"SONY BRAVIA KD75X85JU 75"" Smart 4K Ultra HD HDR LED TV with Google TV & Assistant"
TV,"LG OLED83C14LA 83"" Smart 4K Ultra HD HDR OLED TV with Google Assistant & Amazon Alexa"
TV,"SAMSUNG QE55Q70AATXXU 55"" Smart 4K Ultra HD HDR QLED TV with Bixby, Alexa & Google Assistant"
TV,"SAMSUNG UE32T4300AKXXU 32"" Smart HD Ready HDR LED TV"
TV,"LG OLED65C14LB 65"" Smart 4K Ultra HD HDR OLED TV with Google Assistant & Amazon Alexa"
TV,"LG OLED55A16LA 55"" Smart 4K Ultra HD HDR OLED TV with Google Assistant & Amazon Alexa"
TV,"SAMSUNG QE65QN94AATXXU 65"" Smart 4K Ultra HD HDR Neo QLED TV with Bixby, Alexa & Google Assistant"
TV,"LG OLED77C14LB 77"" Smart 4K Ultra HD HDR OLED TV with Google Assistant & Amazon Alexa"
TV,"SAMSUNG UE75AU9007KXXU 75"" Smart 4K Ultra HD HDR LED TV with Bixby, Alexa & Google Assistant"
TV,"SAMSUNG QE65QN800ATXXU 65"" Smart 8K HDR Neo QLED TV with Bixby, Alexa & Google Assistant"
TV,"SAMSUNG QE85QN94CATXXU 85"" Smart 4K Ultra HD HDR Neo QLED TV with Bixby, Alexa & Google Assistant"
TV,"TCL 32RS520K Roku 32"" Smart HD Ready LED TV"
TV,"SAMSUNG UE65TU7020KXXU 65"" Smart 4K Ultra HD HDR LED TV"
TV,"HISENSE 50A6GTUK 50"" Smart 4K Ultra HD HDR LED TV with Alexa & Google Assistant"
TV,"JVC LT-50CF810 50"" Smart 4K Ultra HD HDR LED Fire TV with Amazon Alexa"
TV,"HISENSE 43A6GTUK 43"" Smart 4K Ultra HD HDR LED TV with Alexa & Google Assistant"
TV,"SAMSUNG UE55TU7020KXXU 55"" Smart 4K Ultra HD HDR LED TV"
TV,"SAMSUNG UE50TU7020KXXU 50"" Smart 4K Ultra HD HDR LED TV"
TV,"LG 43UP75006LF 43"" Smart 4K Ultra HD HDR LED TV"
TV,"TCL 40RS520K Roku 40"" Smart Full HD HDR LED TV"
TV,"SAMSUNG LS27AM500NUXEN 27"" Full HD HDR LED Smart Display with Bixby (No Aerial)"
TV,"SHARP 1T-C32BC5KH2FB 32"" Smart HD Ready LED TV"
TV,"LG 32LQ63006LA 32"" Smart Full HD HDR LED TV"
TV,"SAMSUNG UE43AU7100KXXU 43"" Smart 4K Ultra HD HDR LED TV"
TV,"JVC LT-75CF810 75"" Smart 4K Ultra HD HDR LED Fire TV with Amazon Alexa"
TV,"SAMSUNG QE43Q60AAUXXU 43"" Smart 4K Ultra HD HDR QLED TV with Bixby, Alexa & Google Assistant"
TV,"LG OLED55C14LB 55"" Smart 4K Ultra HD HDR OLED TV with Google Assistant & Amazon Alexa"
TV,"LG 50UP75006LF 50"" Smart 4K Ultra HD HDR LED TV"
TV,"JVC LT-43CA790 Android TV 43"" Smart Full HD LED TV with Google Assistant"
TV,"TOSHIBA 24WK3C63DB 24"" Smart HD Ready HDR LED TV with Amazon Alexa"
TV,SHARP 1T-C24BE0KR1FB 24” Smart HD Ready LED TV with Built-in DVD Player
TV,"LG 55UP78006LB 55"" Smart 4K Ultra HD HDR LED TV with Google Assistant & Amazon Alexa"
TV,"JVC LT-43CF810 43"" Smart 4K Ultra HD HDR LED Fire TV with Amazon Alexa"
TV,"SAMSUNG LS32AM700UUXEN 32"" 4K Ultra HD HDR LED Smart Display with Bixby (No Aerial)"
TV,"SAMSUNG UE75TU7020KXXU 75"" Smart 4K Ultra HD HDR LED TV"
TV,"SAMSUNG UE65AU7100KXXU 65"" Smart 4K Ultra HD HDR LED TV"
TV,"LG 50UP78006LB 50"" Smart 4K Ultra HD HDR LED TV with Google Assistant & Amazon Alexa"
TV,"HISENSE 32A4GTUK 32"" Smart HD Ready LED TV with Amazon Alexa"
TV,"LG 22TN410V 21.5"" Full HD LED TV Monitor"
TV,"HISENSE 55A6GTUK 55"" Smart 4K Ultra HD HDR LED TV with Alexa & Google Assistant"
TV,"SAMSUNG UE55AU9007KXXU 55"" Smart 4K Ultra HD HDR LED TV with Bixby, Alexa & Google Assistant"
TV,"LG 55UP75006LF 55"" Smart 4K Ultra HD HDR LED TV"
TV,"PANASONIC TX-43JX600B 43"" Smart 4K Ultra HD HDR LED TV"
TV,"LG 65UP75006LF 65"" Smart 4K Ultra HD HDR LED TV"
TV,"SAMSUNG UE32T5300CKXXU 32"" Smart Full HD HDR LED TV"
TV,"SAMSUNG QE55Q80AATXXU 55"" Smart 4K Ultra HD HDR QLED TV with Bixby, Alexa & Google Assistant"
TV,"LG 24TN510S 24"" Smart HD Ready LED TV"
TV,"SAMSUNG UE65AU9007KXXU 65"" Smart 4K Ultra HD HDR LED TV with Bixby, Alexa & Google Assistant"
TV,"LG 43UP77006LB 43"" Smart 4K Ultra HD HDR LED TV with Google Assistant & Amazon Alexa"
TV,"LOGIK L24HE21 24"" HD Ready LED TV"
TV,"TOSHIBA 50UK3163DB 50"" Smart 4K Ultra HD HDR LED TV with Amazon Alexa"
TV,"PHILIPS 58PUS9006/12 58"" Smart 4K Ultra HD HDR LED TV with Google Assistant"
TV,"SAMSUNG UE43AU9000KXXU 43"" Smart 4K Ultra HD HDR LED TV with Bixby, Alexa & Google Assistant"
TV,"SAMSUNG LS32AM500NUXEN 32"" Full HD HDR LED Smart Display with Bixby (No Aerial)"
TV,"SAMSUNG UE43AU8000KXXU 43"" Smart 4K Ultra HD HDR LED TV with Bixby, Alexa & Google Assistant"
TV,"SAMSUNG QE50Q60AAUXXU 50"" Smart 4K Ultra HD HDR QLED TV with Bixby, Alexa & Google Assistant"
TV,"PHILIPS 50PUS7956/12 50"" 4K Ultra HD HDR LED TV"
TV,"SAMSUNG UE75AU8000KXXU 75"" Smart 4K Ultra HD HDR LED TV with Bixby, Alexa & Google Assistant"
TV,"SAMSUNG UE24N4300AKXXU 24"" Smart HD Ready LED TV"
TV,"LG 28TN515S 28"" Smart HD Ready LED TV"
TV,"JVC LT-32C605 32"" Smart HD Ready LED TV with Built-in DVD Player"
TV,"SAMSUNG UE55AU8000KXXU 55"" Smart 4K Ultra HD HDR LED TV with Bixby, Alexa & Google Assistant"
TV,"TCL 50RP620K Roku 50"" Smart 4K Ultra HD HDR LED TV"
TV,"PANASONIC TX-40JX800B 40"" Smart 4K Ultra HD HDR LED TV with Google Assistant"
TV,"JVC LT-24C605 24"" Smart HD Ready HDR LED TV with Built-in DVD Player"
TV,"SAMSUNG QE55QN85AATXXU 55"" Smart 4K Ultra HD HDR Neo QLED TV with Bixby, Alexa & Google Assistant"
TV,"SAMSUNG The Frame QE32LS03TCUXXU 32"" Smart Full HD HDR QLED TV with Bixby, Alexa & Google Assistant - Black"
TV,"SAMSUNG UE50AU7100KXXU 50"" Smart 4K Ultra HD HDR LED TV"
TV,"JVC LT-65CF810 65"" Smart 4K Ultra HD HDR LED Fire TV with Amazon Alexa"
TV,"LOGIK L58AUE21 Android TV 58"" Smart 4K Ultra HD HDR LED TV with Google Assistant"
TV,"SAMSUNG UE55AU7100KXXU 55"" Smart 4K Ultra HD HDR LED TV"
TV,"LG OLED48A16LA 48"" Smart 4K Ultra HD HDR OLED TV with Google Assistant & Amazon Alexa"
TV,"JVC LT-55CF810 55"" Smart 4K Ultra HD HDR LED Fire TV with Amazon Alexa"
TV,"PANASONIC TX-58JX800B 58"" Smart 4K Ultra HD HDR LED TV with Google Assistant"
TV,"SAMSUNG QE55Q60AAUXXU 55"" Smart 4K Ultra HD HDR QLED TV with Bixby, Alexa & Google Assistant"
TV,"LG 43NANO756PR 43"" Smart 4K Ultra HD HDR LED TV with Google Assistant & Amazon Alexa"
TV,"PHILIPS 58PUS8506/12 58"" Smart 4K Ultra HD HDR LED TV with Google Assistant"
TV,"JVC LT-65CF890 Fire TV Edition 65"" Smart 4K Ultra HD HDR LED TV with Amazon Alexa"
TV,"JVC LT-39C3210 39"" Smart HD Ready HDR LED TV"
TV,"SAMSUNG UE58AU7100KXXU 58"" Smart 4K Ultra HD HDR LED TV"
TV,"TCL 55RP620K Roku 55"" Smart 4K Ultra HD HDR LED TV"
TV,"SAMSUNG QE55QN95AATXXU 55"" Smart 4K Ultra HD HDR Neo QLED TV with Bixby, Alexa & Google Assistant"
TV,"LG 55UP81006LR 55"" Smart 4K Ultra HD HDR LED TV with Google Assistant & Amazon Alexa"
TV,"TOSHIBA 32WK3C63DB 32"" Smart HD Ready HDR LED TV with Amazon Alexa"
TV,"SAMSUNG QE85Q60AAUXXU 85"" Smart 4K Ultra HD HDR QLED TV with Bixby, Alexa & Google Assistant"
TV,"HISENSE 65A6GTUK 65"" Smart 4K Ultra HD HDR LED TV with Alexa & Google Assistant"
TV,"LG 55NANO756PR 55"" Smart 4K Ultra HD HDR LED TV with Google Assistant & Amazon Alexa"
TV,"LG 75UP75006LC 75"" Smart 4K Ultra HD HDR LED TV"
TV,"JVC LT-32CF600 Fire TV Edition 32"" Smart HD Ready LED TV with Amazon Alexa"
TV,"SAMSUNG QE43QN90AATXXU 43"" Smart 4K Ultra HD HDR Neo QLED TV with Bixby, Alexa & Google Assistant"
TV,"TOSHIBA 32LL3C63DB 32"" Smart Full HD HDR LED TV"
TV,"SAMSUNG UE85AU7100KXXU 85"" Smart 4K Ultra HD HDR LED TV"
TV,"PHILIPS 43PUS8506/12 43"" 4K Ultra HD HDR LED TV with Google Assistant"
TV,"LG 32LQ630B6LA 32"" Smart HD Ready HDR LED TV"
TV,"LG OLED65A16LA 65"" Smart 4K Ultra HD HDR OLED TV with Google Assistant & Amazon Alexa"
TV,"PANASONIC TX-50JX800B 50"" Smart 4K Ultra HD HDR LED TV with Google Assistant"
TV,"LG 70UP76706LB 70"" Smart 4K Ultra HD HDR LED TV"
TV,"SONY BRAVIA KD43X80JU 43"" Smart 4K Ultra HD HDR LED TV with Google TV & Assistant"
TV,"SAMSUNG QE75QN85AATXXU 75"" Smart 4K Ultra HD HDR Neo QLED TV with Bixby, Alexa & Google Assistant"
TV,"HISENSE 55A7GQTUK 55"" Smart 4K Ultra HD HDR QLED TV with Alexa & Google Assistant"
TV,"HISENSE 50A7100FTUK 50"" Smart 4K Ultra HD HDR LED TV"
TV,"JVC LT-40CF700 Fire TV Edition 40"" Smart Full HD LED TV with Amazon Alexa"
TV,"SAMSUNG QE50QN90AATXXU 50"" Smart 4K Ultra HD HDR Neo QLED TV with Bixby, Alexa & Google Assistant"
TV,"PHILIPS 50PUS9006/12 50"" Smart 4K Ultra HD HDR LED TV with Google Assistant"
TV,"LG 50NANO756PR 50"" Smart 4K Ultra HD HDR LED TV with Google Assistant & Amazon Alexa"
TV,"SAMSUNG QE65QN85AATXXU 65"" Smart 4K Ultra HD HDR Neo QLED TV with Bixby, Alexa & Google Assistant"
TV,"TCL 50C725K 50"" Smart 4K Ultra HD HDR QLED TV with Google Assistant"
TV,"PHILIPS 32PFS6905/05 32"" Smart Full HD HDR LED TV - Silver"
TV,"SAMSUNG UE85AU8000KXXU 85"" Smart 4K Ultra HD HDR LED TV with Bixby, Alexa & Google Assistant"
TV,"SONY BRAVIA KD32W800PU 32"" Smart HD Ready HDR LED TV with Google Assistant"
TV,"SAMSUNG QE55QN94AATXXU 55"" Smart 4K Ultra HD HDR Neo QLED TV with Bixby, Alexa & Google Assistant"
TV,"SAMSUNG UE75AU7100KXXU 75"" Smart 4K Ultra HD HDR LED TV"
TV,"LOGIK L40AFE21 Android TV 40"" Smart Full HD LED TV with Google Assistant"
TV,"SAMSUNG QE65Q80AATXXU 65"" Smart 4K Ultra HD HDR QLED TV with Bixby, Alexa & Google Assistant"
TV,"LG 86UP80006LA 86"" Smart 4K Ultra HD HDR LED TV with Google Assistant & Amazon Alexa"
TV,"TCL 43RP620K Roku 43"" Smart 4K Ultra HD HDR LED TV"
TV,"JVC LT-24C600 24"" Smart HD Ready LED TV"
TV,"JVC LT-43CF700 Fire TV Edition 43"" Smart Full HD HDR LED TV with Amazon Alexa"
TV,"SAMSUNG UE50AU9000KXXU 50"" Smart 4K Ultra HD HDR LED TV with Bixby, Alexa & Google Assistant"
TV,"JVC LT-50CA890 Android TV 50"" Smart 4K Ultra HD HDR LED TV with Google Assistant"
TV,"LG 50NANO816PA 50"" Smart 4K Ultra HD HDR LED TV with Google Assistant & Amazon Alexa"
TV,"LG 55NANO866PA 55"" Smart 4K Ultra HD HDR LED TV with Google Assistant & Amazon Alexa"
TV,"PHILIPS 48OLED806/12 48"" Smart 4K Ultra HD HDR OLED TV with Google Assistant"
TV,"LG OLED55C24LA 55"" Smart 4K Ultra HD HDR OLED TV with Google Assistant & Amazon Alexa"
TV,"SAMSUNG QE75Q70AATXXU 75"" Smart 4K Ultra HD HDR QLED TV with Bixby, Alexa & Google Assistant"
TV,"SAMSUNG QE50Q80AATXXU 50"" Smart 4K Ultra HD HDR QLED TV with Bixby, Alexa & Google Assistant"
TV,"JVC LT-58CA810 Android TV 58"" Smart 4K Ultra HD HDR LED TV with Google Assistant"
TV,"SAMSUNG QE75QN900ATXXU 75"" Smart 8K HDR Neo QLED TV with Bixby, Alexa & Google Assistant"
TV,"LG 50NANO866PA 50"" Smart 4K Ultra HD HDR LED TV with Google Assistant & Amazon Alexa"
TV,"PANASONIC TX-65JX800B 65"" Smart 4K Ultra HD HDR LED TV with Google Assistant"
TV,"TCL 65C725K 65"" Smart 4K Ultra HD HDR QLED TV with Google Assistant"
TV,"PHILIPS 65PUS8506/12 65"" 4K Ultra HD HDR LED TV with Google Assistant"
TV,"SAMSUNG UE55AU9000KXXU 55"" Smart 4K Ultra HD HDR LED TV with Bixby, Alexa & Google Assistant"
TV,"SAMSUNG The Frame QE55LS03AAUXXU 55"" Smart 4K Ultra HD HDR QLED TV with Bixby, Alexa & Google Assistant"
TV,"SONY BRAVIA KE48A9BU 48"" Smart 4K Ultra HD HDR OLED TV with Google Assistant"
TV,"TCL 55C725K 55"" Smart 4K Ultra HD HDR QLED TV with Google Assistant"
TV,"PHILIPS 65OLED706/12 65"" Smart 4K Ultra HD HDR OLED TV with Google Assistant"
TV,"PANASONIC TX-50JX600B 50"" Smart 4K Ultra HD HDR LED TV"
TV,"SONY BRAVIA KD55X80JU 55"" Smart 4K Ultra HD HDR LED TV with Google TV & Assistant"
TV,"SONY BRAVIA XR55X94JU 55"" Smart 4K Ultra HD HDR LED TV with Google Assistant"
TV,"LG 70UP81006LR 70"" Smart 4K Ultra HD HDR LED TV with Google Assistant & Amazon Alexa"
TV,"PHILIPS 50PUS8506/12 50"" 4K Ultra HD HDR LED TV with Google Assistant"
TV,"TCL 65RP620K Roku 65"" Smart 4K Ultra HD HDR LED TV"
TV,"SAMSUNG QE65QN700ATXXU 65"" Smart 8K HDR Neo QLED TV with Bixby, Alexa & Google Assistant"
TV,"PANASONIC TX-40FS503B 40"" Smart Full HD HDR LED TV"
TV,"LG 50UP77006LB 50"" Smart 4K Ultra HD HDR LED TV with Google Assistant & Amazon Alexa"
TV,"LG 65NANO756PR 65"" Smart 4K Ultra HD HDR LED TV with Google Assistant & Amazon Alexa"
TV,"LG 50UP81006LR 50"" Smart 4K Ultra HD HDR LED TV with Google Assistant & Amazon Alexa"
TV,"TOSHIBA 65UL2163DBC 65"" Smart 4K Ultra HD HDR LED TV"
TV,"JVC LT-32CA690 Android TV 32"" Smart HD Ready LED TV with Google Assistant"
TV,"TCL 43C725K 43"" Smart 4K Ultra HD HDR QLED TV with Google Assistant"
TV,"JVC LT-43CA890 Android TV 43"" Smart 4K Ultra HD HDR LED TV with Google Assistant"
TV,"TOSHIBA 55UL2163DBC 55"" Smart 4K Ultra HD HDR LED TV"
TV,"LG OLED55B16LA 55"" Smart 4K Ultra HD HDR OLED TV with Google Assistant & Amazon Alexa"
TV,"TOSHIBA 43UK3163DB 43"" Smart 4K Ultra HD HDR LED TV with Amazon Alexa"
TV,"SONY BRAVIA KD50X80JU 50"" Smart 4K Ultra HD HDR LED TV with Google TV & Assistant"
TV,"SAMSUNG QE75QN95AATXXU 75"" Smart 4K Ultra HD HDR Neo QLED TV with Bixby, Alexa & Google Assistant"
TV,"PANASONIC TX-55JX600B 55"" Smart 4K Ultra HD HDR LED TV"
TV,"LG 70NANO756PA 70"" Smart 4K Ultra HD HDR LED TV with Google Assistant & Amazon Alexa"
TV,"PANASONIC TX-65JZ1500B 65"" Smart 4K Ultra HD HDR OLED TV with Google Assistant & Amazon Alexa"
TV,"HISENSE 50A7GQTUK 50"" Smart 4K Ultra HD HDR QLED TV with Alexa & Google Assistant"
TV,"PHILIPS 43PUS7956/12 43"" 4K Ultra HD HDR LED TV"
TV,"TOSHIBA 55UK3163DB 55"" Smart 4K Ultra HD HDR LED TV with Amazon Alexa"
TV,"PHILIPS 70PUS9006/12 70"" Smart 4K Ultra HD HDR LED TV with Google Assistant"
TV,"HISENSE 43A7GQTUK 43"" Smart 4K Ultra HD HDR QLED TV with Alexa & Google Assistant"
TV,"SONY BRAVIA XR55A80JU 55"" Smart 4K Ultra HD HDR OLED TV with Google TV & Assistant"
TV,"LG 75UP80006LR 75"" Smart 4K Ultra HD HDR LED TV with Google Assistant & Amazon Alexa"
TV,"PHILIPS 55OLED806/12 55"" Smart 4K Ultra HD HDR OLED TV with Google Assistant"
TV,"SONY BRAVIA XR65X90JU 65"" Smart 4K Ultra HD HDR LED TV with Google Assistant"
TV,"TOSHIBA 65UK3163DB 65"" Smart 4K Ultra HD HDR LED TV with Amazon Alexa"
TV,"SONY BRAVIA XR50X94JU 50"" Smart 4K Ultra HD HDR LED TV with Google Assistant"
TV,"LG 28TN515V 27.5"" HD Ready LED TV Monitor"
TV,"PANASONIC TX-50JX850B 50"" Smart 4K Ultra HD HDR LED TV with Google Assistant & Amazon Alexa"
TV,"LG OLED65G26LA 65"" Smart 4K Ultra HD HDR OLED TV with Google Assistant & Amazon Alexa"
TV,"PHILIPS 55PUS7556/12 55"" 4K Ultra HD HDR LED TV"
TV,"PHILIPS 65OLED806/12 65"" Smart 4K Ultra HD HDR OLED TV with Google Assistant"
TV,"PANASONIC TX-32FS503B 32"" Smart HD Ready HDR LED TV"
TV,"SAMSUNG The Frame QE65LS03AAUXXU 65"" Smart 4K Ultra HD HDR QLED TV with Bixby, Alexa & Google Assistant"
TV,"TOSHIBA 43L2163DB 43"" Smart Full HD HDR LED TV"
TV,"PANASONIC TX-55JZ1500B 55"" Smart 4K Ultra HD HDR OLED TV with Google Assistant & Amazon Alexa"
TV,"HISENSE 65A7100FTUK 65"" Smart 4K Ultra HD HDR LED TV"
TV,"JVC LT-40C590 40"" Full HD LED TV - Black"
TV,"LG OLED77A16LA 77"" Smart 4K Ultra HD HDR OLED TV with Google Assistant & Amazon Alexa"
TV,"LG OLED65G16LA 65"" Smart 4K Ultra HD HDR OLED TV with Google Assistant & Amazon Alexa"
TV,"LG 75NANO756PA 75"" Smart 4K Ultra HD HDR LED TV with Google Assistant & Amazon Alexa"
TV,"SONY BRAVIA XR55A90JU 55"" Smart 4K Ultra HD HDR OLED TV with Google TV & Assistant"
TV,"SAMSUNG QE65QN900ATXXU 65"" Smart 8K HDR Neo QLED TV with Bixby, Alexa & Google Assistant"
TV,"PHILIPS 65PUS7956/12 65"" 4K Ultra HD HDR LED TV"
TV,"LG 43UP81006LR 43"" Smart 4K Ultra HD HDR LED TV with Google Assistant & Amazon Alexa"
TV,"PHILIPS Ambilight 55OLED936/12 55"" Smart 4K Ultra HD HDR OLED TV with Google Assistant"
TV,"SONY BRAVIA KD50X89JU 50"" Smart 4K Ultra HD HDR LED TV with Google TV & Assistant"
TV,"PHILIPS 43PUS7556/12 43"" 4K Ultra HD HDR LED TV"
TV,"LG OLED65C24LA 65"" Smart 4K Ultra HD HDR OLED TV with Google Assistant & Amazon Alexa"
TV,"PANASONIC TX-24G310B 24"" HD Ready LED TV"
TV,"HISENSE 65A7GQTUK 65"" Smart 4K Ultra HD HDR QLED TV with Alexa & Google Assistant"
TV,"PHILIPS 55PUS7956/12 55"" 4K Ultra HD HDR LED TV"
TV,"SONY BRAVIA XR65A90JU 65"" Smart 4K Ultra HD HDR OLED TV with Google TV & Assistant"
TV,"SONY BRAVIA XR55X90JU 55"" Smart 4K Ultra HD HDR LED TV with Google Assistant"
TV,"SAMSUNG QE55QN90AATXXU 55"" Smart 4K Ultra HD HDR Neo QLED TV with Bixby, Alexa & Google Assistant"
TV,"TCL 75C725K 75"" Smart 4K Ultra HD HDR QLED TV with Google Assistant"
TV,"SONY BRAVIA XR75X94JU 75"" Smart 4K Ultra HD HDR LED TV with Google Assistant"
TV,"LG 86NANO756PA 86"" Smart 4K Ultra HD HDR LED TV with Google Assistant & Amazon Alexa - Ashed Blue"
TV,"PHILIPS 55OLED706/12 55"" Smart 4K Ultra HD HDR OLED TV with Google Assistant"
TV,"SAMSUNG QE55S95BATXXU 55"" Smart 4K Ultra HD HDR OLED TV with Bixby, Alexa & Google Assistant"
TV,"LG OLED88Z29LA 88"" Smart 8K HDR OLED TV with Google Assistant & Amazon Alexa"
TV,"SAMSUNG QE65S95BATXXU 65"" Smart 4K Ultra HD HDR OLED TV with Bixby, Alexa & Google Assistant"
TV,"HISENSE 58A7100FTUK 58"" Smart 4K Ultra HD HDR LED TV"
TV,"LG 24TL510V 24"" HD Ready LED TV Monitor"
TV,"PHILIPS 32PFS6855/05 32"" Smart Full HD HDR LED TV - Silver"
TV,"LG 55UP77006LB 55"" Smart 4K Ultra HD HDR LED TV with Google Assistant & Amazon Alexa"
TV,"HISENSE 65U7QFTUK 65"" Smart 4K Ultra HD HDR QLED TV with Amazon Alexa"
TV,"LG 75NANO806PA 75"" Smart 4K Ultra HD HDR LED TV with Google Assistant & Amazon Alexa"
TV,"LG OLED55G16LA 55"" Smart 4K Ultra HD HDR OLED TV with Google Assistant & Amazon Alexa"
TV,"SAMSUNG QE65Q70AATXXU 65"" Smart 4K Ultra HD HDR QLED TV with Bixby, Alexa & Google Assistant"
TV,"LG 55NANO916PA 55"" Smart 4K Ultra HD HDR LED TV with Google Assistant & Amazon Alexa"
TV,"LG OLED55G26LA 55"" Smart 4K Ultra HD HDR OLED TV with Google Assistant & Amazon Alexa"
TV,"LG OLED77G16LA 77"" Smart 4K Ultra HD HDR OLED TV with Google Assistant & Amazon Alexa"
TV,"SONY BRAVIA XR65X94JU 65"" Smart 4K Ultra HD HDR LED TV with Google Assistant"
TV,"SAMSUNG QE85QN85AATXXU 85"" Smart 4K Ultra HD HDR Neo QLED TV with Bixby, Alexa & Google Assistant"
TV,"SONY BRAVIA KD75X81JU 75"" Smart 4K Ultra HD HDR LED TV with Google TV & Assistant"
TV,"SONY BRAVIA XR83A90J 83"" Smart 4K Ultra HD HDR OLED TV with Google TV & Assistant"
TV,"PANASONIC TX-55JZ1000B 55"" Smart 4K Ultra HD HDR OLED TV with Google Assistant & Amazon Alexa"
TV,SAMSUNG The Freestyle SP-LSP3BLAXXU Smart Full HD TV Projector with Amazon Alexa - White
TV,"LG OLED48C24LA 48"" Smart 4K Ultra HD HDR OLED TV with Google Assistant & Amazon Alexa"
TV,"LG 60UQ90006LA 60"" Smart 4K Ultra HD HDR LED TV with Google Assistant & Amazon Alexa - Ashed Blue"
TV,"LG 82UP80006LA 82"" Smart 4K Ultra HD HDR LED TV with Google Assistant & Amazon Alexa"
TV,"LG 55NANO966PA 55"" Smart 8K HDR LED TV with Google Assistant & Amazon Alexa"
TV,"LG 75NANO816PA 75"" Smart 4K Ultra HD HDR LED TV with Google Assistant & Amazon Alexa"
TV,"PANASONIC TX-48JZ1000B 48"" Smart 4K Ultra HD HDR OLED TV with Google Assistant & Amazon Alexa"
TV,"SAMSUNG QE85Q80AATXXU 85"" Smart 4K Ultra HD HDR QLED TV with Bixby, Alexa & Google Assistant"
TV,"LG 65NANO866PA 65"" Smart 4K Ultra HD HDR LED TV with Google Assistant & Amazon Alexa"
TV,"PHILIPS 50PUS7556/12 50"" 4K Ultra HD HDR LED TV"
TV,"SAMSUNG The Serif QE50LS01TAUXXU 50"" Smart 4K Ultra HD HDR QLED TV with Bixby, Alexa & Google Assistant - Cloud White"
TV,"PHILIPS 70PUS7956/12 70"" 4K Ultra HD HDR LED TV"
TV,"LG 75UP81006LR 75"" Smart 4K Ultra HD HDR LED TV with Google Assistant & Amazon Alexa"
TV,"LG 60UP80006LR 60"" Smart 4K Ultra HD HDR LED TV with Google Assistant & Amazon Alexa"
TV,"PANASONIC TX-65JZ1000B 65"" Smart 4K Ultra HD HDR OLED TV with Google Assistant & Amazon Alexa"
TV,"SONY BRAVIA XR75X90JU 75"" Smart 4K Ultra HD HDR LED TV with Google Assistant"
TV,"LG 75NANO866PA 75"" Smart 4K Ultra HD HDR LED TV with Google Assistant & Amazon Alexa"
TV,"PHILIPS Ambilight 55OLED935/12 55"" Smart 4K Ultra HD HDR OLED TV with Google Assistant"
TV,"PHILIPS Ambilight 48OLED935/12 48"" Smart 4K Ultra HD HDR OLED TV with Google Assistant"
TV,"LG 43UP80006LR 43"" Smart 4K Ultra HD HDR LED TV with Google Assistant & Amazon Alexa"
TV,"PHILIPS 70PUS8506/12 70"" Smart 4K Ultra HD HDR LED TV with Google Assistant"
TV,"SONY BRAVIA XR65X95JU 65"" Smart 4K Ultra HD HDR LED TV with Google Assistant"
TV,"SONY BRAVIA KD55X89JU 55"" Smart 4K Ultra HD HDR LED TV with Google TV & Assistant"
TV,"SONY BRAVIA XR75X95JU 75"" Smart 4K Ultra HD HDR LED TV with Google Assistant"
TV,"SAMSUNG QE85QN900ATXXU 85"" Smart 8K HDR Neo QLED TV with Bixby, Alexa & Google Assistant"
TV,"SAMSUNG UE70AU7100KXXU 70"" Smart 4K Ultra HD HDR LED TV"
TV,"LG OLED77G26LA 77"" Smart 4K Ultra HD HDR OLED TV with Google Assistant & Amazon Alexa"
TV,"PANASONIC TX-32G310B 32"" HD Ready LED TV"
TV,"SAMSUNG QE43QN90BATXXU 43"" Smart 4K Ultra HD HDR Neo QLED TV with Bixby, Alexa & Google Assistant"
TV,"LG 50NANO766QA 50"" Smart 4K Ultra HD HDR LED TV with Google Assistant & Amazon Alexa"
TV,"PANASONIC TX-55JX940B 55"" Smart 4K Ultra HD HDR LED TV with Google Assistant & Amazon Alexa"
TV,"LG OLED48A26LA 48"" Smart 4K Ultra HD HDR OLED TV with Google Assistant & Amazon Alexa"
TV,"SAMSUNG The Serif QE65LS01TAUXXU 65"" Smart 4K Ultra HD HDR QLED TV with Bixby, Alexa & Google Assistant - Cloud White"
TV,"PHILIPS Ambilight 65OLED936/12 65"" Smart 4K Ultra HD HDR OLED TV with Google Assistant"
TV,"LG 86NANO866PA 86"" Smart 4K Ultra HD HDR LED TV with Google Assistant & Amazon Alexa"
TV,"SAMSUNG The Frame QE75LS03AAUXXU 75"" Smart 4K Ultra HD HDR QLED TV with Bixby, Alexa & Google Assistant"
TV,"LG OLED55C14LB 55"" Smart 4K Ultra HD HDR OLED TV & SP8YA 3.1.2 Wireless Sound Bar Bundle"
TV,"PHILIPS 65PML9636 65"" Smart 4K Ultra HD HDR MiniLED TV with Google Assistant"
TV,"LG 43UQ80006LB 43"" Smart 4K Ultra HD HDR LED TV with Google Assistant & Amazon Alexa"
TV,"SAMSUNG QE43Q60BAUXXU 43"" Smart 4K Ultra HD HDR QLED TV with Bixby, Alexa & Google Assistant"
TV,"JVC LT-32C490 32"" HD Ready LED TV"
TV,"LG 65QNED916PA 65"" Smart 4K Ultra HD HDR QNED TV with Google Assistant & Amazon Alexa"
TV,"LG 50QNED816QA 50"" Smart 4K Ultra HD HDR QNED TV with Google Assistant & Amazon Alexa"
TV,"LG 43UQ81006LB 43"" Smart 4K Ultra HD HDR LED TV with Google Assistant & Amazon Alexa - Dark Iron Grey"
TV,"SAMSUNG The Frame QE55LS03BAUXXU 55"" Smart 4K Ultra HD HDR QLED TV with Bixby, Alexa & Google Assistant"
TV,"LG 75NANO916PA 75"" Smart 4K Ultra HD HDR LED TV with Google Assistant & Amazon Alexa"
TV,"HISENSE 75A7GQTUK 75"" Smart 4K Ultra HD HDR QLED TV with Alexa & Google Assistant"
TV,"HISENSE 55U8GQTUK 55"" Smart 4K Ultra HD HDR QLED TV with Alexa & Google Assistant"
TV,"SAMSUNG QE50QN90BATXXU 50"" Smart 4K Ultra HD HDR Neo QLED TV with Bixby, Alexa & Google Assistant"
TV,"LG 65NANO916PA 65"" Smart 4K Ultra HD HDR LED TV with Google Assistant & Amazon Alexa"
TV,"LG 55NANO766QA 55"" Smart 4K Ultra HD HDR LED TV with Google Assistant & Amazon Alexa"
TV,"SAMSUNG 32"" Customisable Frame Bezel - White"
TV,"LG 50NANO806PA 50"" Smart 4K Ultra HD HDR LED TV with Google Assistant & Amazon Alexa"
TV,"SONY BRAVIA KD65X89JU 65"" Smart 4K Ultra HD HDR LED TV with Google TV & Assistant"
TV,"LG OLED77B16LA 77"" Smart 4K Ultra HD HDR OLED TV with Google Assistant & Amazon Alexa"
TV,"SAMSUNG QE65QN95BATXXU 65"" Smart 4K Ultra HD HDR Neo QLED TV with Bixby, Alexa & Google Assistant"
TV,"SAMSUNG The Frame QE85LS03AAUXXU 85"" Smart 4K Ultra HD HDR QLED TV with Bixby, Alexa & Google Assistant"
TV,"SAMSUNG The Sero QE43LS05TCUXXU 43"" Smart 4K Ultra HD HDR QLED TV with Bixby, Alexa & Google Assistant - Navy Blue"
TV,"HISENSE 55A9GTUK 55"" Smart 4K Ultra HD HDR OLED TV with Alexa & Google Assistant"
TV,"SAMSUNG QE65Q60BAUXXU 65"" Smart 4K Ultra HD HDR QLED TV with Bixby, Alexa & Google Assistant"
TV,"PHILIPS 65PUS7556/12 65"" 4K Ultra HD HDR LED TV"
TV,"SAMSUNG UE43BU8000KXXU 43"" Smart 4K Ultra HD HDR LED TV with Bixby, Alexa & Google Assistant"
TV,"LG OLED83G26LA 83"" Smart 4K Ultra HD HDR OLED TV with Google Assistant & Amazon Alexa"
TV,"SAMSUNG UE43BU8500KXXU 43"" Smart 4K Ultra HD HDR LED TV with Bixby, Alexa & Google Assistant"
TV,"SAMSUNG QE55QN95BATXXU 55"" Smart 4K Ultra HD HDR Neo QLED TV with Bixby, Alexa & Google Assistant"
TV,"SAMSUNG QE85QN900BTXXU 85"" Smart 8K HDR Neo QLED TV with Bixby, Alexa & Google Assistant"
TV,"SONY BRAVIA XR85Z9JU 85"" Smart 8K HDR LED TV with Google TV & Assistant"
TV,"LG OLED77Z29LA 77"" Smart 8K HDR OLED TV with Google Assistant & Amazon Alexa"
TV,"SONY BRAVIA XR75Z9JU 75"" Smart 8K HDR LED TV with Google TV & Assistant"
TV,"HISENSE 65U8GQTUK 65"" Smart 4K Ultra HD HDR QLED TV with Alexa & Google Assistant"
TV,"SAMSUNG The Terrace QE55LST7TAUXXU 55"" Smart 4K Ultra HD HDR QLED Outdoor TV with Bixby & Google Assistant"
TV,"SAMSUNG UE55BU8000KXXU 55"" Smart 4K Ultra HD HDR LED TV with Bixby, Alexa & Google Assistant"
TV,"LG 50NANO816QA 50"" Smart 4K Ultra HD HDR LED TV with Google Assistant & Amazon Alexa"
TV,"SAMSUNG QE50Q60BAUXXU 50"" Smart 4K Ultra HD HDR QLED TV with Bixby, Alexa & Google Assistant"
TV,"SAMSUNG QE65Q70BATXXU 65"" Smart 4K Ultra HD HDR QLED TV with Bixby, Alexa & Google Assistant"
TV,"SAMSUNG QE65QN800BTXXU 65"" Smart 8K HDR Neo QLED TV with Bixby, Alexa & Google Assistant"
TV,"SONY BRAVIA XR85X95JU 85"" Smart 4K Ultra HD HDR LED TV with Google Assistant"
TV,"SAMSUNG QE75QN900BTXXU 75"" Smart 8K HDR Neo QLED TV with Bixby, Alexa & Google Assistant"
TV,"LG OLED42C24LA 42"" Smart 4K Ultra HD HDR OLED TV & Sound Bar Bundle - Dark Grey"
TV,"LG OLED65G16LA 65"" Smart 4K Ultra HD HDR OLED TV & GX Wireless Sound Bar Bundle"
TV,"SAMSUNG QE85QN800BTXXU 85"" Smart 8K HDR Neo QLED TV with Bixby, Alexa & Google Assistant"
TV,"LG OLED55G16LA 55"" Smart 4K Ultra HD HDR OLED TV & G1 Wireless Sound Bar Bundle"
TV,"LG OLED88ZX9LA 88"" Smart 8K HDR OLED TV with Google Assistant & Amazon Alexa"
TV,"LG OLED55A16LA 55"" Smart 4K Ultra HD HDR OLED TV & SP8YA 3.1.2 Wireless Sound Bar Bundle"
TV,"HISENSE 65A9GTUK 65"" Smart 4K Ultra HD HDR OLED TV with Alexa & Google Assistant"
TV,"SAMSUNG UE55BU8500KXXU 55"" Smart 4K Ultra HD HDR LED TV with Bixby, Alexa & Google Assistant"
TV,"SAMSUNG QE55QN700BTXXU 55"" Smart 8K HDR Neo QLED TV with Bixby, Alexa & Google Assistant"
TV,"SAMSUNG Modern 75"" Customisable Frame Bezel - Teak"
TV,"SONY BRAVIA XR-50X90SU 50"" Smart 4K Ultra HD HDR LED TV with Google TV & Assistant"
TV,"SAMSUNG 32"" Customisable Frame Bezel - Natural Pink"
TV,"LG 43NANO766QA 43"" Smart 4K Ultra HD HDR LED TV with Google Assistant & Amazon Alexa"
TV,"SONY BRAVIA KD75X89JU 75"" Smart 4K Ultra HD HDR LED TV with Google TV & Assistant"
TV,"LG OLED77C24LA 77"" Smart 4K Ultra HD HDR OLED TV with Google Assistant & Amazon Alexa"
TV,"SAMSUNG The Frame QE43LS03BAUXXU 43"" Smart 4K Ultra HD HDR QLED TV with Bixby, Alexa & Google Assistant"
TV,"PHILIPS Ambilight 48OLED936/12 48"" Smart 4K Ultra HD HDR OLED TV with Google Assistant"
TV,"SAMSUNG Modern 75"" Customisable Frame Bezel - Beige"
TV,"LG OLED55B26LA 55"" Smart 4K Ultra HD HDR OLED TV with Google Assistant & Amazon Alexa"
TV,"SAMSUNG The Serif QE43LS01BAUXXU 43"" Smart 4K Ultra HD HDR QLED TV with Bixby, Alexa & Google Assistant - Cloud White"
TV,"SAMSUNG UE65BU8500KXXU 65"" Smart 4K Ultra HD HDR LED TV with Bixby, Alexa & Google Assistant"
TV,"LG 65UQ80006LB 65"" Smart 4K Ultra HD HDR LED TV with Google Assistant & Amazon Alexa"
TV,"PHILIPS 55OLED805 55"" Smart 4K Ultra HD HDR OLED TV with Google Assistant"
TV,"PHILIPS 75PML9636 75"" Smart 4K Ultra HD HDR MiniLED TV with Google Assistant"
TV,"SAMSUNG The Terrace QE75LST7TAUXXU 75"" Smart 4K Ultra HD HDR QLED Outdoor TV with Bixby & Google Assistant"
TV,"LG OLED55B16LA 55"" Smart 4K Ultra HD HDR OLED TV & SP8YA 3.1.2 Wireless Sound Bar Bundle"
TV,"LG 65UP80006LR 65"" Smart 4K Ultra HD HDR LED TV with Google Assistant & Amazon Alexa"
TV,"LG 75QNED916PA 75"" Smart 4K Ultra HD HDR QNED TV with Google Assistant & Amazon Alexa"
TV,"LG OLED65A16LA 65"" Smart 4K Ultra HD HDR OLED TV & SP8YA 3.1.2 Wireless Sound Bar Bundle"
TV,"SAMSUNG UE65BU8000KXXU 65"" Smart 4K Ultra HD HDR LED TV with Bixby, Alexa & Google Assistant"
TV,"SAMSUNG QE65QN900BTXXU 65"" Smart 8K HDR Neo QLED TV with Bixby, Alexa & Google Assistant"
TV,"HISENSE 75A6GTUK 75"" Smart 4K Ultra HD HDR LED TV with Alexa & Google Assistant"
TV,"SAMSUNG 32"" Customisable Frame Bezel - Brown"
TV,"SAMSUNG QE55QN90BATXXU 55"" Smart 4K Ultra HD HDR Neo QLED TV with Bixby, Alexa & Google Assistant"
TV,"SAMSUNG QE55QN85BATXXU 55"" Smart 4K Ultra HD HDR Neo QLED TV with Bixby, Alexa & Google Assistant"
TV,"LG OLED77Z19LA 77"" Smart 8K HDR OLED TV with Google Assistant & Amazon Alexa"
TV,"LG 55NANO816QA 55"" Smart 4K Ultra HD HDR LED TV with Google Assistant & Amazon Alexa"
TV,"SAMSUNG The Frame QE65LS03BAUXXU 65"" Smart 4K Ultra HD HDR QLED TV with Bixby, Alexa & Google Assistant"
TV,"LG 65NANO766QA 65"" Smart 4K Ultra HD HDR LED TV with Google Assistant & Amazon Alexa"
TV,"LG 65UQ91006LA 65"" Smart 4K Ultra HD HDR LED TV with Google Assistant & Amazon Alexa"
TV,"LG 75QNED996PB 75"" Smart 8K Ultra HD HDR QNED TV with Google Assistant & Amazon Alexa"
TV,"SONY BRAVIA XR-55X94KU 55"" Smart 4K Ultra HD HDR LED TV with Google TV & Assistant"
TV,"LG OLED65B26LA 65"" Smart 4K Ultra HD HDR OLED TV with Google Assistant & Amazon Alexa"
TV,"SONY BRAVIA KD-50X81KU 50"" Smart 4K Ultra HD HDR LED TV with Google TV & Assistant"
TV,"SONY BRAVIA XR-50X94SU 50"" Smart 4K Ultra HD HDR LED TV with Google TV & Assistant"
TV,"LG 55QNED816QA 55"" Smart 4K Ultra HD HDR QNED TV with Google Assistant & Amazon Alexa"
TV,"SONY BRAVIA KD-65X81KU 65"" Smart 4K Ultra HD HDR LED TV with Google TV & Assistant"
TV,"LG 86NANO916PA 86"" Smart 4K Ultra HD HDR LED TV with Google Assistant & Amazon Alexa"
TV,"SAMSUNG QE55Q60BAUXXU 55"" Smart 4K Ultra HD HDR QLED TV with Bixby, Alexa & Google Assistant"
TV,"LG 50UQ91006LA 50"" Smart 4K Ultra HD HDR LED TV with Google Assistant & Amazon Alexa"
TV,"SAMSUNG The Terrace QE65LST7TAUXXU 65"" Smart 4K Ultra HD HDR QLED Outdoor TV with Bixby & Google Assistant"
TV,"LG 86QNED816QA 86"" Smart 4K Ultra HD HDR QNED TV with Google Assistant & Amazon Alexa"
TV,"LG OLED48C14LB 48"" Smart 4K Ultra HD HDR OLED TV & UltraGear GP9 Gaming Speaker Bundle"
TV,"SONY BRAVIA KD-55X81KU 55"" Smart 4K Ultra HD HDR LED TV with Google TV & Assistant"
TV,"LG 65QNED816QA 65"" Smart 4K Ultra HD HDR QNED TV with Google Assistant & Amazon Alexa"
TV,"SAMSUNG QE65QN85BATXXU 65"" Smart 4K Ultra HD HDR Neo QLED TV with Bixby, Alexa & Google Assistant"
TV,"PHILIPS 55PUS9435/12 55"" Smart 4K Ultra HD HDR LED TV with Google Assistant"
TV,"LG OLED83C24LA 83"" Smart 4K Ultra HD HDR OLED TV with Google Assistant & Amazon Alexa"
TV,"SAMSUNG UE50BU8500KXXU 50"" Smart 4K Ultra HD HDR LED TV with Bixby, Alexa & Google Assistant"
TV,"SAMSUNG QE50Q80BATXXU 50"" Smart 4K Ultra HD HDR QLED TV with Bixby, Alexa & Google Assistant"
TV,"SAMSUNG QE65QN90BATXXU 65"" Smart 4K Ultra HD HDR Neo QLED TV with Bixby, Alexa & Google Assistant"
TV,"LG 50UQ81006LB 50"" Smart 4K Ultra HD HDR LED TV with Google Assistant & Amazon Alexa - Dark Iron Grey"
TV,"SAMSUNG QE55Q70BATXXU 55"" Smart 4K Ultra HD HDR QLED TV with Bixby, Alexa & Google Assistant"
TV,"SAMSUNG QE75QN85BATXXU 75"" Smart 4K Ultra HD HDR Neo QLED TV with Bixby, Alexa & Google Assistant"
TV,"SAMSUNG QE75Q60BAUXXU 75"" Smart 4K Ultra HD HDR QLED TV with Bixby, Alexa & Google Assistant"
TV,"SAMSUNG The Terrace QE75LST7TAUXXU 75"" Smart 4K Ultra HD HDR QLED Outdoor TV & All-in-One Sound Bar Bundle"
TV,"LG 65UQ75006LF 65"" Smart 4K Ultra HD HDR LED TV"
TV,"SAMSUNG Modern 43"" Customisable Frame Bezel - Teak"
TV,"LG 75UQ80006LB.AEK 75"" Smart 4K Ultra HD HDR LED TV with Google Assistant & Amazon Alexa"
TV,"SAMSUNG 32"" Customisable Frame Bezel - Black"
TV,"SAMSUNG Bevelled 55"" Customisable Frame Bezel - Terracotta"
TV,"LG 86UQ91006LA 86"" Smart 4K Ultra HD HDR LED TV with Google Assistant & Amazon Alexa"
TV,"LG OLED48A16LA 48"" Smart 4K Ultra HD HDR OLED TV & UltraGear GP9 Gaming Speaker Bundle"
TV,"SAMSUNG QE85Q80BATXXU 85"" Smart 4K Ultra HD HDR QLED TV with Bixby, Alexa & Google Assistant"
TV,"LG 75NANO766QA 75"" Smart 4K Ultra HD HDR LED TV with Google Assistant & Amazon Alexa"
TV,"PHILIPS Ambilight 65OLED935/12 65"" Smart 4K Ultra HD HDR OLED TV with Google Assistant"
TV,"SAMSUNG QE75QN95BATXXU 75"" Smart 4K Ultra HD HDR Neo QLED TV with Bixby, Alexa & Google Assistant"
TV,"LG 55UQ91006LA 55"" Smart 4K Ultra HD HDR LED TV with Google Assistant & Amazon Alexa"
TV,"LG OLED55A26LA 55"" Smart 4K Ultra HD HDR OLED TV with Google Assistant & Amazon Alexa"
TV,"SAMSUNG QE75QN90BATXXU 75"" Smart 4K Ultra HD HDR Neo QLED TV with Bixby, Alexa & Google Assistant"
TV,"SAMSUNG QE75QN800BTXXU 75"" Smart 8K HDR Neo QLED TV with Bixby, Alexa & Google Assistant"
TV,"SAMSUNG Modern 55"" Customisable Frame Bezel - Teak"
TV,"SAMSUNG The Frame QE85LS03BAUXXU 85"" Smart 4K Ultra HD HDR QLED TV with Bixby, Alexa & Google Assistant"
TV,"LG OLED83C14LA 83"" Smart 4K Ultra HD HDR OLED TV & Wireless Sound Bar Bundle"
TV,"LG 50UQ80006LB 50"" Smart 4K Ultra HD HDR LED TV with Google Assistant & Amazon Alexa"
TV,"LG 55UQ80006LB 55"" Smart 4K Ultra HD HDR LED TV with Google Assistant & Amazon Alexa"
TV,"LG OLED77A16LA 77"" Smart 4K Ultra HD HDR OLED TV & Wireless Sound Bar Bundle"
TV,"SAMSUNG QE55Q80BATXXU 55"" Smart 4K Ultra HD HDR QLED TV with Bixby, Alexa & Google Assistant"
TV,"SAMSUNG Modern 55"" Customisable Frame Bezel - Beige"
TV,"LG 75QNED996PB 75"" Smart 8K Ultra HD TV & Wireless Sound Bar Bundle"
TV,"LG 70NANO766QA 70"" Smart 4K Ultra HD HDR LED TV with Google Assistant & Amazon Alexa"
TV,"LG 55UQ81006LB 55"" Smart 4K Ultra HD HDR LED TV with Google Assistant & Amazon Alexa - Dark Iron Grey"
TV,"LG 65QNED916PA 65"" Smart 4K Ultra HD TV & Wireless Sound Bar Bundle"
TV,"LG 65NANO816QA 65"" Smart 4K Ultra HD HDR LED TV with Google Assistant & Amazon Alexa"
TV,"PHILIPS 65PUS9435/12 65"" Smart 4K Ultra HD HDR LED TV with Google Assistant"
TV,"SAMSUNG QE85Q60BAUXXU 85"" Smart 4K Ultra HD HDR QLED TV with Bixby, Alexa & Google Assistant"
TV,"SAMSUNG QE85Q70BATXXU 85"" Smart 4K Ultra HD HDR QLED TV with Bixby, Alexa & Google Assistant"
TV,"SAMSUNG Modern 55"" Customisable Frame Bezel - Brown"
TV,"SAMSUNG The Terrace QE65LST7TAUXXU 65"" Smart 4K Ultra HD HDR QLED Outdoor TV & All-in-One Sound Bar Bundle"
TV,"LG 75UQ81006LB 75"" Smart 4K Ultra HD HDR LED TV with Google Assistant & Amazon Alexa - Dark Iron Grey"
TV,"LG 86NANO766QA 86"" Smart 4K Ultra HD HDR LED TV with Google Assistant & Amazon Alexa"
TV,"SAMSUNG Modern 43"" Customisable Frame Bezel - Beige"
TV,"SAMSUNG Modern 65"" Customisable Frame Bezel - Brown"
TV,"LG 55UQ75006LF 55"" Smart 4K Ultra HD HDR LED TV"
TV,"SAMSUNG QE75QN700BTXXU 75"" Smart 8K HDR Neo QLED TV with Bixby, Alexa & Google Assistant"
TV,"HISENSE 75U9GQTUK 75"" Smart 4K Ultra HD HDR Mini-LED TV with Alexa & Google Assistant"
TV,"LG 86QNED996PB 86"" Smart 8K Ultra HD TV & Wireless Sound Bar Bundle"
TV,"LG 75UQ91006 75"" Smart 4K Ultra HD HDR LED TV with Google Assistant & Amazon Alexa"
TV,"SAMSUNG QE65QN700BTXXU 65"" Smart 8K HDR Neo QLED TV with Bixby, Alexa & Google Assistant"
TV,"SAMSUNG Modern 65"" Customisable Frame Bezel - Terracotta"
TV,"SAMSUNG UE50BU8000KXXU 50"" Smart 4K Ultra HD HDR LED TV with Bixby, Alexa & Google Assistant"
TV,"SAMSUNG QE85QN95BATXXU 85"" Smart 4K Ultra HD HDR Neo QLED TV with Bixby, Alexa & Google Assistant"
TV,"SAMSUNG UE75BU8000KXXU 75"" Smart 4K Ultra HD HDR LED TV with Bixby, Alexa & Google Assistant"
TV,"LG 70UQ81006LB 70"" Smart 4K Ultra HD HDR LED TV with Google Assistant & Amazon Alexa - Dark Iron Grey"
TV,"SAMSUNG QE85QN85BATXXU 85"" Smart 4K Ultra HD HDR Neo QLED TV with Bixby, Alexa & Google Assistant"
TV,"SONY BRAVIA XR-75X95KU 75"" Smart 4K Ultra HD HDR LED TV with Google TV & Assistant"
TV,"SAMSUNG The Serif QE65LS01BAUXXU 65"" Smart 4K Ultra HD HDR QLED TV with Bixby, Alexa & Google Assistant - Cloud White"
TV,"SONY BRAVIA XR-85X95KU 85"" Smart 4K Ultra HD HDR LED TV with Google TV & Assistant"
TV,"SAMSUNG 32"" Customisable Frame Bezel - Lemon"
TV,"SAMSUNG Modern 65"" Customisable Frame Bezel - Teak"
TV,"SAMSUNG QE65Q80BATXXU 65"" Smart 4K Ultra HD HDR QLED TV with Bixby, Alexa & Google Assistant"
TV,"SAMSUNG QE85QN90BATXXU 85"" Smart 4K Ultra HD HDR Neo QLED TV with Bixby, Alexa & Google Assistant"
TV,"LG OLED77B16LA 77"" Smart 4K Ultra HD HDR OLED TV & Wireless Sound Bar Bundle"
TV,"SAMSUNG QE75Q80BATXXU 75"" Smart 4K Ultra HD HDR QLED TV with Bixby, Alexa & Google Assistant"
TV,"SAMSUNG UE85BU8000KXXU 85"" Smart 4K Ultra HD HDR LED TV with Bixby, Alexa & Google Assistant"
TV,"LG 43UQ75006LF 43"" Smart 4K Ultra HD HDR LED TV"
TV,"SAMSUNG 32"" Customisable Frame Bezel - Platinum"
TV,"LG 65UQ81006LB 65"" Smart 4K Ultra HD HDR LED TV with Google Assistant & Amazon Alexa - Dark Iron Grey"
TV,"SONY BRAVIA KD-75X81KU 75"" Smart 4K Ultra HD HDR LED TV with Google TV & Assistant"
TV,"SAMSUNG QE75Q70BATXXU 75"" Smart 4K Ultra HD HDR QLED TV with Bixby, Alexa & Google Assistant"
TV,"LG 86UQ80006LB 86"" Smart 4K Ultra HD HDR LED TV with Google Assistant & Amazon Alexa"
TV,"LG 50UQ75006LF 50"" Smart 4K Ultra HD HDR LED TV"
TV,"LG 75QNED816QA 75"" Smart 4K Ultra HD HDR QNED TV with Google Assistant & Amazon Alexa"
TV,"SAMSUNG The Serif QE50LS01BAUXXU 50"" Smart 4K Ultra HD HDR QLED TV with Bixby, Alexa & Google Assistant - Cloud White"
TV,"LG OLED77B26LA 77"" Smart 4K Ultra HD HDR OLED TV with Google Assistant & Amazon Alexa"
TV,"LG 75NANO816QA 75"" Smart 4K Ultra HD HDR LED TV with Google Assistant & Amazon Alexa"
TV,"SAMSUNG Modern 65"" Customisable Frame Bezel - Beige"
TV,"SAMSUNG Modern 43"" Customisable Frame Bezel - Brown"
TV,"SAMSUNG Modern 75"" Customisable Frame Bezel - White"
TV,"SAMSUNG The Serif QE55LS01BAUXXU 55"" Smart 4K Ultra HD HDR QLED TV with Bixby, Alexa & Google Assistant - Cloud White"
TV,"SAMSUNG Modern 75"" Customisable Frame Bezel - Brown"
TV,"SONY BRAVIA KD-43X81KU 43"" Smart 4K Ultra HD HDR LED TV with Google TV & Assistant"
TV,"SAMSUNG Modern 85"" Customisable Frame Bezel - Beige"
TV,"SAMSUNG Modern 85"" Customisable Frame Bezel - Brown"
TV,"SAMSUNG Modern 85"" Customisable Frame Bezel - Teak"
TV,"SAMSUNG UE65AU8000KXXU 65"" Smart 4K Ultra HD HDR LED TV with Bixby, Alexa & Google Assistant"
TV,"HISENSE 40A4GTUK 40"" Smart Full HD LED TV with Amazon Alexa"
TV,"SAMSUNG QE32Q50AAUXXU 32"" Smart Full HD HDR QLED TV with Bixby, Alexa & Google Assistant"
TV,"SAMSUNG UE75AU9000KXXU 75"" Smart 4K Ultra HD HDR LED TV with Bixby, Alexa & Google Assistant"
TV,"SAMSUNG UE65AU9000KXXU 65"" Smart 4K Ultra HD HDR LED TV with Bixby, Alexa & Google Assistant"
TV,"SAMSUNG QE85QN95AATXXU 85"" Smart 4K Ultra HD HDR Neo QLED TV with Bixby, Alexa & Google Assistant"
TV,"SAMSUNG UE70AU8000KXXU 70"" Smart 4K Ultra HD HDR LED TV with Bixby, Alexa & Google Assistant"
TV,"LG 75UP78006LB 75"" Smart 4K Ultra HD HDR LED TV with Google Assistant & Amazon Alexa"
TV,"LG 43UP78006LB 43"" Smart 4K Ultra HD HDR LED TV with Google Assistant & Amazon Alexa"
TV,"LG 65UP81006LR 65"" Smart 4K Ultra HD HDR LED TV with Google Assistant & Amazon Alexa"
TV,"TOSHIBA 43UL2163DBC 43"" Smart 4K Ultra HD HDR LED TV"
TV,"PANASONIC TX-24FS500B 24"" Smart HD Ready HDR LED TV"
TV,"SAMSUNG QE75QN700ATXXU 75"" Smart 8K HDR Neo QLED TV with Bixby, Alexa & Google Assistant"
TV,"LG 65UP78006LB 65"" Smart 4K Ultra HD HDR LED TV with Google Assistant & Amazon Alexa"
TV,"LG 55NANO816PA 55"" Smart 4K Ultra HD HDR LED TV with Google Assistant & Amazon Alexa"
TV,"LG OLED65B16LA 65"" Smart 4K Ultra HD HDR OLED TV with Google Assistant & Amazon Alexa"
TV,"LG 55UP80006LR 55"" Smart 4K Ultra HD HDR LED TV with Google Assistant & Amazon Alexa"
TV,"SONY BRAVIA XR65A80JU 65"" Smart 4K Ultra HD HDR OLED TV with Google TV & Assistant"
TV,"SONY BRAVIA KD65X80JU 65"" Smart 4K Ultra HD HDR LED TV with Google TV & Assistant"
TV,"JVC LT-40CA790 Android TV 40"" Smart Full HD LED TV with Google Assistant"
TV,"LOGIK L32AHE19 Android TV 32"" Smart HD Ready LED TV with Google Assistant"
TV,"SONY BRAVIA KD43X89JU 43"" Smart 4K Ultra HD HDR LED TV with Google TV & Assistant"
TV,"LG 65NANO816PA 65"" Smart 4K Ultra HD HDR LED TV with Google Assistant & Amazon Alexa"
TV,"SONY BRAVIA XR77A80JU 77"" Smart 4K Ultra HD HDR OLED TV with Google TV & Assistant"
TV,"JVC LT-32CA790 Android TV 32"" Smart Full HD LED TV with Google Assistant"
TV,"LG 55NANO806PA 55"" Smart 4K Ultra HD HDR LED TV with Google Assistant & Amazon Alexa"
TV,"BLAUPUNKT BN40F1131BKB 40"" Full HD LED TV"
TV,"LG 65QNED996PB 65"" Smart 8K Ultra HD HDR QNED TV with Google Assistant & Amazon Alexa"
TV,"LG 65UP77006LB 65"" Smart 4K Ultra HD HDR LED TV with Google Assistant & Amazon Alexa"
TV,"LOGIK L43AFE20 Android TV 43"" Smart Full HD LED TV with Google Assistant"
TV,"LG 50UP80006LR 50"" Smart 4K Ultra HD HDR LED TV with Google Assistant & Amazon Alexa"
TV,"LG 65NANO806PA 65"" Smart 4K Ultra HD HDR LED TV with Google Assistant & Amazon Alexa"
TV,"JVC LT-32C700 32"" Smart Full HD HDR LED TV"
TV,"LG 43UQ91006LA 43"" Smart 4K Ultra HD HDR LED TV with Google Assistant & Amazon Alexa"
TV,HISENSE 50U7QFTUK 50” Smart 4K Ultra HD HDR QLED TV with Amazon Alexa
TV,"LG 75UP77006LB 75"" Smart 4K Ultra HD HDR LED TV with Google Assistant & Amazon Alexa"
TV,"LG 86QNED996PB 86"" Smart 8K Ultra HD HDR QNED TV with Google Assistant & Amazon Alexa"
TV,"HISENSE 55AE7400FTUK 55"" Smart 4K Ultra HD HDR LED TV"
TV,"SAMSUNG Modern 65"" Customisable Frame Bezel - White"
TV,"SAMSUNG Modern 55"" Customisable Frame Bezel - White"
TV,"LG 65QNED916PA 65"" Smart 4K Ultra HD HDR QNED TV with Google Assistant & Amazon Alexa"
TV,"SAMSUNG Modern 43"" Customisable Frame Bezel - White"
TV,"SAMSUNG UE75BU8500KXXU 75"" Smart 4K Ultra HD HDR LED TV with Bixby, Alexa & Google Assistant"
TV,"SAMSUNG Bevelled 65"" Customisable Frame Bezel - White"
TV,"LG OLED65A26LA 65"" Smart 4K Ultra HD HDR OLED TV with Google Assistant & Amazon Alexa"
TV,"SAMSUNG Bevelled 55"" Customisable Frame Bezel - White"
TV,"SAMSUNG The Frame QE75LS03BAUXXU 75"" Smart 4K Ultra HD HDR QLED TV with Bixby, Alexa & Google Assistant"
TV,"LG 75QNED916QA 75"" Smart 4K Ultra HD HDR QNED TV with Google Assistant & Amazon Alexa"
TV,"SAMSUNG QE85Q70AATXXU 85"" Smart 4K Ultra HD HDR QLED TV with Bixby, Alexa & Google Assistant"
