Vacuum Cleaners,DYSON V12 Detect Slim Absolute Cordless Vacuum Cleaner - Yellow & Nickel
Vacuum Cleaners,SAMSUNG Jet 60 Turbo Max 150 W Suction Power Cordless Vacuum Cleaner with Jet Fit Brush - Teal Violet & Cotta Black
Vacuum Cleaners,HOOVER Upright 300 Pets HU300UPT Bagless Vacuum Cleaner - Blue & Grey
Vacuum Cleaners,SHARK Anti Hair Wrap Plus Powered Lift-Away & Pet Tool AZ912UKT Upright Bagless Vacuum Cleaner - Mojito
Vacuum Cleaners,SHARK Anti Hair Wrap with Pet Tool IZ201UKT Cordless Vacuum Cleaner - Teal
Vacuum Cleaners,SHARK Anti Hair Wrap with PowerFins IZ300UKT Cordless Vacuum Cleaner - Ruby
Vacuum Cleaners,SHARK DuoClean Lift-Away & Pet Tool NV702UKT Upright Bagless Vacuum Cleaner - Grey & Rose Gold
Vacuum Cleaners,DYSON V15 Detect Absolute Cordless Vacuum Cleaner - Yellow & Nickel
Vacuum Cleaners,VAX Air Stretch Pet Max U85-AS-Pme Upright Bagless Vacuum Cleaner - Silver & Purple
Vacuum Cleaners,DYSON V7 Animal Cordless Vacuum Cleaner - Purple
Vacuum Cleaners,VAX Blade 4 Pet & Car CLSV-B4KC Cordless Vacuum Cleaner - Blue
Vacuum Cleaners,VAX Air Lift Steerable Pet Max UCPMSHV1 Upright Bagless Vacuum Cleaner - Black & Pink
Vacuum Cleaners,VAX ONEPWR Blade 4 CLSV-B4KS Cordless Vacuum Cleaner – Graphite
Vacuum Cleaners,SAMSUNG Jet 90 Pro Max 200 W Suction Power Cordless Vacuum Cleaner with Spinning Sweeper - Silver
Vacuum Cleaners,DYSON Omni-glide Cordless Vacuum Cleaner - Purple & Nickel
Vacuum Cleaners,"DYSON V8 Animal Cordless Vacuum Cleaner - Nickel, Iron & Titanium"
Vacuum Cleaners,DYSON Cyclone V10 Animal Cordless Vacuum Cleaner - Purple
Vacuum Cleaners,SHARK CH950UKT Handheld Vacuum Cleaner - Black
Vacuum Cleaners,RUSSELL HOBBS Atlas2 RHCV3601 Cylinder Bagless Vacuum Cleaner - Purple & Grey
Vacuum Cleaners,DYSON Outsize Absolute Cordless Vacuum Cleaner - Red & Nickel
Vacuum Cleaners,SHARK Anti Hair Wrap IZ201UK Cordless Vacuum Cleaner - Orange
Vacuum Cleaners,SHARK Anti Hair Wrap with PowerFins & Pet Tool IZ320UKT Cordless Vacuum Cleaner - Blue
Vacuum Cleaners,SHARK Anti Hair Wrap & PowerFins IZ300UK Cordless Vacuum Cleaner – Copper
Vacuum Cleaners,NUMATIC Henry HVR 160-11 Cylinder Vacuum Cleaner - Blue
Vacuum Cleaners,SHARK Anti Hair Wrap AZ912UK Upright Bagless Vacuum Cleaner - Magenta
Vacuum Cleaners,SHARK Lift-Away NV612UK Upright Bagless Vacuum Cleaner - Metallic Turquoise
Vacuum Cleaners,DYSON Cyclone V10 Absolute Cordless Vacuum Cleaner - Iron
Vacuum Cleaners,SHARK Anti Hair Wrap Plus Powered Lift-Away & Pet Tool AZ912UKT Upright Bagless Vacuum Cleaner - Mojito
Vacuum Cleaners,SHARK Anti Hair Wrap with PowerFins IZ300UKT Cordless Vacuum Cleaner - Ruby
Vacuum Cleaners,SHARK Anti Hair Wrap with Pet Tool IZ201UKT Cordless Vacuum Cleaner - Teal
Vacuum Cleaners,SHARK Lift-Away with TruePet NV612UKT Upright Bagless Vacuum Cleaner - Purple
Vacuum Cleaners,SHARK Anti Hair Wrap HZ500UK Bagless Vacuum Cleaner - Charcoal Grey & Purple
Vacuum Cleaners,DYSON Ball Animal Upright Bagless Vacuum Cleaner - Nickel & Silver
Vacuum Cleaners,NUMATIC Henry PET200 Cylinder Vacuum Cleaner - Green
Vacuum Cleaners,SHARK CV100UKT Cylinder Bagless Vacuum Cleaner – Grey & Black
Vacuum Cleaners,SHARK Anti Hair Wrap XL with Powered Lift-Away PZ1000UK Upright Bagless Vacuum Cleaner - Blue
Vacuum Cleaners,SHARK DuoClean Powered Lift-Away Anti Hair Wrap AZ910UK Upright Bagless Vacuum Cleaner - Purple
Vacuum Cleaners,"SHARK Anti Hair Wrap, Powered Lift-Away & Pet tool ICZ300UKT Cordless Vacuum Cleaner - Blue"
Vacuum Cleaners,HOOVER Breeze Evo Pets TH31BO02 Upright Bagless Vacuum Cleaner - Black & Turquoise
Vacuum Cleaners,NUMATIC Henry HVR160 Cylinder Vacuum Cleaner - Red
Vacuum Cleaners,MIELE Blizzard CX1 Cat & Dog PowerLine Cylinder Bagless Vacuum Cleaner - Red
Vacuum Cleaners,DYSON Ball Animal Multi-floor Upright Bagless Vacuum Cleaner - Copper & Silver
Vacuum Cleaners,NUMATIC Henry Allergy HVA 160-11 Cylinder Vacuum Cleaner – Blue
Vacuum Cleaners,NUMATIC Hetty HET.160-11 Cylinder Vacuum Cleaner – Yellow
Vacuum Cleaners,SHARK Anti Hair Wrap with PowerFins IZ320UK Cordless Vacuum Cleaner - Silver
Vacuum Cleaners,SHARK Wandvac 2.0 WV270UK Handheld Vacuum Cleaner - Blue Jean
Vacuum Cleaners,DAEWOO Cyclone Pro FLR00010 Cordless Vacuum Cleaner - Grey
Vacuum Cleaners,NUMATIC Henry Spring Clean HVA 160-11 Cylinder Vacuum Cleaner - Red
Vacuum Cleaners,MIELE Complete C2 Pure Power PowerLine Cylinder Vacuum Cleaner - Graphite Grey
Vacuum Cleaners,BELDRAY 2-in-1 BEL0770N-GRY Upright Bagless Vacuum Cleaner - Grey
Vacuum Cleaners,VAX Mach Air Revive UCA2GEV1 Upright Bagless Vacuum Cleaner - Grey & Red
Vacuum Cleaners,HOOVER H-FREE 300 HF322HM Cordless Vacuum Cleaner - Grey & Magenta
Vacuum Cleaners,BOSCH Athlet ProHygienic BCH6HYGGB Cordless Vacuum Cleaner - Blue
Vacuum Cleaners,HOOVER Breeze Evo TH31BO01 Upright Bagless Vacuum Cleaner - Black & Turquoise
Vacuum Cleaners,SHARK Anti Hair Wrap & DuoClean CZ500UKT Cylinder Bagless Vacuum Cleaner - Black
Vacuum Cleaners,RUSSELL HOBBS Compact Cyclonic RHCV1611 Cylinder Bagless Vacuum Cleaner - Spectrum Grey & Silver
Vacuum Cleaners,RUSSELL HOBBS Edge RHCHS2001 Bagless Vacuum Cleaner - Grey & Blue
Vacuum Cleaners,SHARK WandVac with Anti Hair Wrap & Pet tool 2-in-1 WV362UKT Cordless Vacuum Cleaner - Royal Blue
Vacuum Cleaners,MIELE Classic C1 Junior PowerLine Cylinder Vacuum Cleaner - Blue
Vacuum Cleaners,RUSSELL HOBBS Atlas RHCV3101 Cylinder Bagless Vacuum Cleaner - Spectrum Grey & Blue
Vacuum Cleaners,RUSSELL HOBBS Titan RHCV4101 Cylinder Bagless Vacuum Cleaner - Spectrum Grey & Blue
Vacuum Cleaners,ESSENTIALS C700VC18 Cylinder Bagless Vacuum Cleaner - Red & Grey
Vacuum Cleaners,EUFY RoboVac X8 Hybrid Robot Vacuum Cleaner - Black
Vacuum Cleaners,VAX Air Stretch Upright Bagless Vacuum Cleaner – Silver & Orange
Vacuum Cleaners,RUSSELL HOBBS Athena RHUV5101 Upright Bagless Vacuum Cleaner - Grey & Blue
Vacuum Cleaners,"HOOVER H-FREE 100 Home HF122GH Cordless Vacuum Cleaner - Grey, Silver & Red"
Vacuum Cleaners,DAEWOO Cyclone Essential FLR00038 Upright Bagless Vacuum Cleaner - Black
Vacuum Cleaners,VAX Pace CLSV-VPKS Cordless Vacuum Cleaner - Blue & Graphite
Vacuum Cleaners,NUMATIC Hetty HET.160-11 Cylinder Vacuum Cleaner – Pink
Vacuum Cleaners,MIELE Complete C3 Pure Power Cylinder Vacuum Cleaner - Black
Vacuum Cleaners,SAMSUNG Jet 70 Pet Max 150 W Suction Power Cordless Vacuum Cleaner with Combination Tool - Teal Mint
Vacuum Cleaners,GTECH Multi MK2 Handheld Vacuum Cleaner - Grey
Vacuum Cleaners,NUMATIC Henry Xtra HVX200 Cylinder Vacuum Cleaner - Red
Vacuum Cleaners,SHARK Anti Hair Wrap with Pet Tool AZ910UKT Upright Bagless Vacuum Cleaner - Rose Gold
Vacuum Cleaners,HOOVER H-FREE 500 Pets HF522UPT Cordless Vacuum Cleaner - Blue
Vacuum Cleaners,HOOVER Upright 300 HU300RHM Home Bagless Vacuum Cleaner - Red & Grey
Vacuum Cleaners,DYSON Ball Animal 2 Upright Bagless Vacuum Cleaner - Grey & Red
Vacuum Cleaners,MIELE Complete C3 Cat & Dog PowerLine Cylinder Vacuum Cleaner - Red
Vacuum Cleaners,GTECH Pro 2 Cordless Vacuum Cleaner - Green
Vacuum Cleaners,"HOOVER Breeze Pets BR71 BR02 Cylinder Bagless Vacuum Cleaner - Black, Green & Grey"
Vacuum Cleaners,VAX Blade 4 Dual Pet & Car CLSV-B4DC Cordless Vacuum Cleaner - Blue
Vacuum Cleaners,BLACK + DECKER Dustbuster Flexi PD1020LP-GB Handheld Vacuum Cleaner - Black & Chrome
Vacuum Cleaners,SEBO Automatic X7 ePower 91501GB Upright Vacuum Cleaner - White & Grey
Vacuum Cleaners,DAEWOO Pro Flexi Hose FLR00013 Handheld Vacuum Cleaner - Black
Vacuum Cleaners,"BELDRAY Airgility Cordless Vacuum Cleaner - Silver, Black & Red"
Vacuum Cleaners,SHARK Anti Hair Wrap with Pet Tool HZ500UKT Upright Bagless Vacuum Cleaner - Grey & Rose Gold
Vacuum Cleaners,HOOVER Breeze BR71 BR01 Cylinder Bagless Vacuum Cleaner - Black & Green
Vacuum Cleaners,SHARK Anti Hair Wrap & Pet Tool PZ1000UKT Upright Bagless Vacuum Cleaner - Rose Gold
Vacuum Cleaners,VAX Air Stretch Pet CCQSASV1P1 Bagless Cylinder Vacuum Cleaner - Graphite
Vacuum Cleaners,BOSCH Serie 8 Athlet ProPower BCH87POWGB Cordless Vacuum Cleaner - Black & Red
Vacuum Cleaners,BEKO ErgoClean VRT50121VR Cordless Vacuum Cleaner – Black & Red
Vacuum Cleaners,BLACK + DECKER Pet Dustbuster DVB315JP-GB Handheld Vacuum Cleaner - Purple & Grey
Vacuum Cleaners,DAEWOO Cyclone One FLR00042 Cordless Vacuum Cleaner - Grey & Green
Vacuum Cleaners,RUSSELL HOBBS Titan RHCV4601 Cylinder Bagless Vacuum Cleaner - Spectrum Grey & Purple
Vacuum Cleaners,TOWER Pro Pet 3-in-1 VL40 T513004 Cordless Vacuum Cleaner - Rose Gold
Vacuum Cleaners,EUFY RoboVac 35C Robot Vacuum Cleaner - Black
Vacuum Cleaners,BLACK + DECKER Dustbuster BHHV315J-GB Handheld Vacuum Cleaner - Red & Grey
Vacuum Cleaners,BOSCH Serie 4 Flexxo ProHome BBH3211GB Cordless Vacuum Cleaner - Black
Vacuum Cleaners,MIELE Triflex HX1 Cordless Vacuum Cleaner - Grey
Vacuum Cleaners,BELDRAY Airgility Max BEL0813NRG Cordless Vacuum Cleaner - Rose Gold
Vacuum Cleaners,BLACK + DECKER SVJ520BFS-GB Cordless Vacuum Cleaner - Titanium & Deep Blue Ocean
Vacuum Cleaners,EUFY RoboVac G30 Verge Robot Vacuum Cleaner - Black
Vacuum Cleaners,VAX Pick Up Pet CVRAV013 Cylinder Bagless Vacuum Cleaner - Silver & Blue
Vacuum Cleaners,SHARK WV200UK Handheld Vacuum Cleaner - Grey
Vacuum Cleaners,HOOVER Optimum Power PETS OP30ALG Cylinder Bagless Vacuum Cleaner - Green
Vacuum Cleaners,VAX Air Lift 2 Pet CDUP-PLXS Upright Bagless Vacuum Cleaner - Blue & Graphite
Vacuum Cleaners,BLACK + DECKER Dustbuster BHHV520BFP-GB Handheld Vacuum Cleaner - Purple & Grey
Vacuum Cleaners,BLACK + DECKER Dustbuster Pivot PV1820LRGP-GB Handheld Vacuum Cleaner - Rose Gold
Vacuum Cleaners,VAX Edge Dual Pet & Car CLUP-EGKS Cordless Vacuum Cleaner - Blue & Graphite
Vacuum Cleaners,BLACK + DECKER Multipower Pet CUA525BHP-GB Cordless Vacuum Cleaner - Purple & Grey
Vacuum Cleaners,TOWER T113000 Cordless Vacuum Cleaner - Silver & Blue
Vacuum Cleaners,RUSSELL HOBBS Athena RHUV5601 Upright Bagless Vacuum Cleaner - Spectrum Grey & Purple
Vacuum Cleaners,BOSCH Serie 2 ProEco BGBS2BA1GB Cylinder Vacuum Cleaner - Black
Vacuum Cleaners,DAEWOO Tornado Pets FLR00048 Cylinder Bagless Vacuum Cleaner - Grey & Green
Vacuum Cleaners,EUFY RoboVac X8 Robot Vacuum Cleaner - Black
Vacuum Cleaners,SEBO 9849GB Upright Vacuum Cleaner - Arctic White & Dark Grey
Vacuum Cleaners,VAX Pace Pet CLSV-VPKA Cordless Vacuum Cleaner - Blue & Graphite
Vacuum Cleaners,HOOVER H-Free 300 PETS HF322PT Cordless Vacuum Cleaner - Grey & Cyan
Vacuum Cleaners,BLACK + DECKER PowerSeries+ BHFEA18D1-GB Cordless Vacuum Cleaner - Grey & Orange
Vacuum Cleaners,GTECH Multi MK2 K9 Handheld Vacuum Cleaner - Black
Vacuum Cleaners,MIELE Triflex HX1 Cat & Dog Cordless Vacuum Cleaner - Black
Vacuum Cleaners,HOOVER H-FREE 500 Special Edition HF522LHM Cordless Vacuum Cleaner - Red & Grey
Vacuum Cleaners,BEKO VRT61814VR Cordless Vacuum Cleaner - Red
Vacuum Cleaners,BOSCH Serie 6 Athlet ProPower BBH6POWGB Cordless Vacuum Cleaner - Black
Vacuum Cleaners,MIELE Triflex HX1 Pro Cordless Vacuum Cleaner - Grey
Vacuum Cleaners,BISSELL MultiReach Active Tangle-Free 2907B Cordless Vacuum Cleaner - Silver & Blue
Vacuum Cleaners,HOOVER H-FREE 500 Home HF522BH Cordless Vacuum Cleaner - Red & Black
Vacuum Cleaners,BELDRAY Wet & Dry BEL0676 Handheld Vacuum Cleaner - Dark Grey & Copper
Vacuum Cleaners,HOOVER Power Capsule PC20PET Bagged Cylinder Vacuum Cleaner - Black
Vacuum Cleaners,SHARK WandVac with Anti Hair Wrap 2-in-1 WV361GDUK Cordless Vacuum Cleaner - Gold
Vacuum Cleaners,BOSCH Serie 4 Flexxo ProHome BBH3280GB Cordless Vacuum Cleaner - White
Vacuum Cleaners,SAMSUNG Jet 75 Pet VS20T7532T1/EU Max 200 W Suction Power Cordless Vacuum Cleaner with Turbo Action Brush - ChroMetal & Teal Mint
Vacuum Cleaners,MIELE Blizzard CX1 Pure Power Cylinder Bagless Vacuum Cleaner - Black & Red
Vacuum Cleaners,NUMATIC Henry HVR160 Cylinder Vacuum Cleaner - Green
Vacuum Cleaners,BLACK + DECKER SpillBuster Spill + Spot BHSB320JP-GB Handheld Vacuum Cleaner - Aqua & Titanium
Vacuum Cleaners,BLACK + DECKER PowerSeries Extreme BHFEV182C-GB Cordless Vacuum Cleaner - Orange
Vacuum Cleaners,SHARK WandVac with Anti Hair Wrap 2-in-1 WV361UK Cordless Vacuum Cleaner - Grey
Vacuum Cleaners,HOOVER Telios Extra TX50PET Cylinder Vacuum Cleaner - Blue
Vacuum Cleaners,BOSCH Serie 6 Unlimited BCS611GB Cordless Vacuum Cleaner - White
Vacuum Cleaners,SHARK Dynamic Technology & Anti Hair Wrap CZ250UKT Cylinder Bagless Vacuum Cleaner - Blue
Vacuum Cleaners,BLACK + DECKER POWERSERIES Extreme Pet 4-in-1 BHFEV362DP-GB Cordless Vacuum Cleaner - Purple & Grey
Vacuum Cleaners,GTECH AirRam MK2 Cordless Bagless Vacuum Cleaner - Grey
Vacuum Cleaners,SEBO Automatic X7 PET ePower 91540GB Upright Vacuum Cleaner – Onyx Black & Silver
Vacuum Cleaners,DAEWOO Emerald CBL-SV1606 Cordless Vacuum Cleaner - Silver & Green
Vacuum Cleaners,SWAN PowerPlush Turbo SC15822N Cordless Vacuum Cleaner - Purple & Grey
Vacuum Cleaners,HOOVER H-FREE 500 Pets Energy HF522PTE Cordless Vacuum Cleaner - Magenta
Vacuum Cleaners,BEKO PractiClean VRT82821DV Cordless Vacuum Cleaner - Blue
Vacuum Cleaners,SHARK Anti Hair Wrap & Powered Lift-Away ICZ300UK Cordless Vacuum Cleaner - Red
Vacuum Cleaners,EUFY T2520G31 HomeVac H11 Pure Handheld Vacuum Cleaner & Air Purifier - Blue
Vacuum Cleaners,BLACK + DECKER PowerSeries Extreme Twin Battery BHFEV182C2-GB Cordless Vacuum Cleaner - Orange
Vacuum Cleaners,SAMSUNG Jet Bot AI+ VR50T95735W/EU Robot Vacuum Cleaner with built-in Clean Station - Misty White
Vacuum Cleaners,DYSON Micro 1.5 kg Cordless Vacuum Cleaner - Nickel & Red
Vacuum Cleaners,BISSELL SmartClean Pet Cylinder Bagless Vacuum Cleaner - Black
Vacuum Cleaners,ZANUSSI AirSpeed Lite II Pet ZAN2087PT Upright Vacuum Cleaner - White
Vacuum Cleaners,SHARK WandVac with Anti Hair Wrap & Pet tool 2-in-1 WV362BLUKT Cordless Vacuum Cleaner - Blue
Vacuum Cleaners,VAX Blade 4 Pet CLSV-B4KP Cordless Vacuum Cleaner – Graphite & Blue
Vacuum Cleaners,SHARK WandVac with Anti Hair Wrap 2-in-1 WV361PLUK Cordless Vacuum Cleaner - Purple
Vacuum Cleaners,DAEWOO Cyclone Turbo Pro FLR00040 Cordless Vacuum Cleaner - Grey & Green
Vacuum Cleaners,BLACK + DECKER Pet 2 in 1SVJ520BFSP-GB Cordless Vacuum Cleaner - Titanium Grey & Purple
Vacuum Cleaners,BOSCH Flexxo Serie 4 ProAnimal 2 in 1 BBH3ZOOGB Cordless Vacuum Cleaner - Red
Vacuum Cleaners,BEKO PowerClean VRT94929VI Cordless Vacuum Cleaner - Graphite
Vacuum Cleaners,BELDRAY Revo BEL0944RD Handheld Vacuum Cleaner - Grey & Red
Vacuum Cleaners,HALO Capsule Cordless Vacuum Cleaner - Cool Grey
Vacuum Cleaners,BLACK + DECKER PowerSeries Extreme BHFEV362D-GB Cordless Vacuum Cleaner - Blue
Vacuum Cleaners,LENOVO T1-S-L-VCL0L1 Robot Vacuum Cleaner - White
Vacuum Cleaners,HOOVER H-Upright 500 Sensor Plus Home HU500SBH Upright Bagless Vacuum Cleaner - Blue & Grey
Vacuum Cleaners,EUFY T2501K23 HomeVac S11 Reach Cordless Vacuum Cleaner - White
Vacuum Cleaners,DAEWOO Tornado FLR00047 Cylinder Vacuum Cleaner - Grey & Green
Vacuum Cleaners,ZANUSSI Compact Go II ZAN4002WT Cylinder Vacuum Cleaner - White
Vacuum Cleaners,BOSCH Serie 8 Unlimited BCS122GB Cordless Vacuum Cleaner - White
Vacuum Cleaners,NUMATIC Henry HVR160 Cylinder Vacuum Cleaner - Yellow
Vacuum Cleaners,TOWER VL30 Plus T513003 Cordless Vacuum Cleaner - Rose Gold
Vacuum Cleaners,BOSCH Serie 6 Unlimited BBS611GB Cordless Vacuum Cleaner - Blue
Vacuum Cleaners,BELDRAY Turbo Swivel BEL0648NRG Upright Bagless Vacuum Cleaner - Black & Rose Gold
Vacuum Cleaners,VAX Blade 4 Pet Dual Battery CLSV-B4DP Cordless Vacuum Cleaner – Graphite & Blue
Vacuum Cleaners,BOSCH Serie 6 Athlet ProAnimal BCH86PETGB Cordless Vacuum Cleaner - Red
Vacuum Cleaners,HOOVER H-Free 100 Pets HF122RPT Cordless Vacuum Cleaner - Grey & Red
Vacuum Cleaners,VAX Evolve CLSV-LXKS Cordless Vacuum Cleaner - Graphite & Blue
Vacuum Cleaners,LENOVO E1-LD450 Robot Vacuum Cleaner - Black
Vacuum Cleaners,BELDRAY Airlite BEL01096 Handheld Vacuum Cleaner - Graphite
Vacuum Cleaners,BLACK + DECKER Dustbuster BHHV320B-GB Handheld Vacuum Cleaner - Blue & Grey
Vacuum Cleaners,BOSCH Serie 2 ProClean Ready'y BCHF220GB Cordless Vacuum Cleaner – Black
Vacuum Cleaners,RUSSELL HOBBS RHCHS1001 Handheld Vacuum Cleaner - Gunmetal Grey & Purple
Vacuum Cleaners,BOSCH Serie 4 Flexxo ProHome BBH3230GB Cordless Vacuum Cleaner - Midnight Sapphire
Vacuum Cleaners,SHARK DuoClean Powered Lift-Away True Pet Anti Hair Wrap AZ910UKT Upright Bagless Vacuum Cleaner & Klik N' Flip Steam Mop Bundle
Vacuum Cleaners,BEKO VCS5125AB Upright Bagless Vacuum Cleaner - Blue
Vacuum Cleaners,SAMSUNG Bespoke Jet Pet Max 210 W Suction Power Cordless Vacuum Cleaner with All-in-One Clean Station - Misty White
Vacuum Cleaners,ZANUSSI Airwave ZHS-32802-RD Cordless Vacuum Cleaner - Red & White
Vacuum Cleaners,MEDION MD18871 Robot Vacuum Cleaner - White
Vacuum Cleaners,BELDRAY Revo BEL01163 Handheld Vacuum Cleaner - Blue
Vacuum Cleaners,HOOVER H-Handy 700 Pets HH710TPT Handheld Vacuum Cleaner - Titanium
Vacuum Cleaners,BELDRAY Revo BEL0944SL Handheld Vacuum Cleaner - Silver
Vacuum Cleaners,HOOVER H-Upright 500 HU500SGP Sensor Plus Pets Upright Bagless Vacuum Cleaner - Blue & Grey
Vacuum Cleaners,TOWER Pro Performance Pet 3-in-1 VL50 T513002 Cordless Vacuum Cleaner - Purple & Grey
Vacuum Cleaners,BELDRAY AirGility Pet Plus BEL01195-150 Cordless Vacuum Cleaner - Black & Silver
Vacuum Cleaners,"ZANUSSI ZAN2021PT Upright Bagless Vacuum Cleaner - Blue, Grey & White"
Vacuum Cleaners,BOSCH Serie 6 Athlet ProHygienic BCH86HYGGB Cordless Vacuum Cleaner – White & Black
Vacuum Cleaners,ZANUSSI Easy Go II ZAN5100BL Cylinder Vacuum Cleaner - Blue
Vacuum Cleaners,VAX Air Lift 2 Pet Plus CDUP-PLXP Upright Bagless Vacuum Cleaner - Purple & Graphite
Vacuum Cleaners,BEKO Smart PowerClean Pro VRT95929VI Cordless Vacuum Cleaner - Anthracite
Vacuum Cleaners,TOWER Pro Pet 3-in-1 VL40 T513004 Cordless Vacuum Cleaner - Blue
Vacuum Cleaners,BELDRAY BEL0960 Cylinder Bagless Vacuum Cleaner - Blue & Grey
Vacuum Cleaners,DAEWOO Cyclone Digi-One FLR00043 Cordless Vacuum Cleaner - Grey & Green
Vacuum Cleaners,FLYMO SimpliVac Garden Vacuum
Vacuum Cleaners,BELDRAY BEL0769NRG BGC Upright Bagless Vacuum Cleaner - Rose Gold & Black
Vacuum Cleaners,SAMSUNG Jet 90 Pro Max Cordless Vacuum Cleaner & Clean Station Bundle - Silver
Vacuum Cleaners,TOWER VL30 Plus T513003 Cordless Vacuum Cleaner - Blue
Vacuum Cleaners,KARCHER VC 4 Cordless Vacuum Cleaner - Yellow & Black
Vacuum Cleaners,DAEWOO Tornado Freedom Pro FLR00044 Cordless Vacuum Cleaner - Grey & Black
Vacuum Cleaners,ZANUSSI Compact Go II ZAN4002RD Cylinder Vacuum Cleaner - Red
Vacuum Cleaners,BOSCH Serie 8 Unlimited Gen 2 ProHome BBS8213GB Cordless Vacuum Cleaner - Graphite
Vacuum Cleaners,ZANUSSI Easy Go II ZAN5100RD Cylinder Vacuum Cleaner - Red
Vacuum Cleaners,BOSCH Serie 6 Athlet ProHome BCH85NGB Cordless Vacuum Cleaner - Blue
Vacuum Cleaners,ZANUSSI Airwave ZHS-32802-BL Cordless Vacuum Cleaner - Blue & White
Vacuum Cleaners,BELDRAY Airgility Plus BEL0813P Cordless Vacuum Cleaner - Platinum
Vacuum Cleaners,"ZANUSSI Airwave ZHS-32802-YL Cordless Vacuum Cleaner - Yellow, Grey & White"
Vacuum Cleaners,BOSCH Serie 6 Athlet ProHome BCH85KITGB Cordless Vacuum Cleaner - Black
Vacuum Cleaners,KARCHER VC 6 Cordless Vacuum Cleaner - Yellow & Black
Vacuum Cleaners,HOOVER H-FREE 500 Home Energy HF522BEN Cordless Vacuum Cleaner - Blue
Vacuum Cleaners,SEBO Felix PET ePower 90810GB Upright Vacuum Cleaner – Onyx Black & Silver
Vacuum Cleaners,SAMSUNG Jet 60 Pet Max 150 W Suction Power Cordless Vacuum Cleaner with Jet Fit Brush - Teal & Silver
Vacuum Cleaners,ZANUSSI Z8 Complete Clean ZANXZ251BL Cordless Vacuum Cleaner - Blue & Grey
Vacuum Cleaners,BOSCH Serie 6 Unlimited BCS612GB Cordless Vacuum Cleaner - White
Vacuum Cleaners,BLACK + DECKER POWERSERIES Extreme BHFEV36B2D-GB Cordless Vacuum Cleaner - Gold & Grey
Vacuum Cleaners,BOSCH Serie 8 Athlet ProPower BCH87POWGB Cordless Vacuum Cleaner - Black & Red
Vacuum Cleaners,BELDRAY Multicyclonic Pet+ BEL0812 Cylinder Bagless Vacuum Cleaner - Grey
Vacuum Cleaners,BEKO PractiClean VRT82821BV Cordless Vacuum Cleaner - Graphite
Vacuum Cleaners,DAEWOO Cyclone Digi-Pro FLR00041 Cordless Vacuum Cleaner - Grey & Green
Vacuum Cleaners,"ZANUSSI ZAN8620PT Cylinder Bagless Vacuum Cleaner - Grey, White & Blue"
Vacuum Cleaners,DAEWOO Tornado F1 FLR00049 Upright Bagless Vacuum Cleaner - Green & Black
Vacuum Cleaners,BEKO VCS5125AR Upright Bagless Vacuum Cleaner - Red
Vacuum Cleaners,TOWER T102000PETS Cylinder Vacuum Cleaner - Blue
Vacuum Cleaners,TOWER T108000PETS Upright Bagless Vacuum Cleaner - Washington Blue
Vacuum Cleaners,TOWER T108000 Upright Bagless Vacuum Cleaner - Washington Blue
Vacuum Cleaners,BELDRAY BEL01194-150 Cordless Vacuum Cleaner - Copper
Vacuum Cleaners,SEBO NAVY ePower 90815GB Upright Vacuum Cleaner – Arctic White & Navy Blue
Vacuum Cleaners,TOWER T102000 Bagless Cylinder Vacuum Cleaner - Washington Blue
Vacuum Cleaners,RUSSELL HOBBS RHUV6001 Bagless Vacuum Cleaner - Grey
Vacuum Cleaners,ZANUSSI Handy Go ZANDX75BL Cordless Vacuum Cleaner - Blue & Black
Vacuum Cleaners,EUFY RoboVac 15C Robot Vacuum Cleaner - Black
Vacuum Cleaners,SAMSUNG Jet Bot+ VR30T85513W/EU Robot Vacuum Cleaner - Misty White
Vacuum Cleaners,SHARK WandVac with Anti Hair Wrap & Pet tool 2-in-1 WV362RGUKT Cordless Vacuum Cleaner - Rose Gold
Vacuum Cleaners,"ZANUSSI ZAN2020UR Upright Bagless Vacuum Cleaner - Yellow, Grey & White"
Vacuum Cleaners,NUMATIC Henry XL Plus Cylinder Vacuum Cleaner - Red
Vacuum Cleaners,RUSSELL HOBBS Centaur RHSV2211 Cordless Vacuum Cleaner - Grey & Blue
Vacuum Cleaners,MEDION MD 19700 Robot Vacuum Cleaner - White
Vacuum Cleaners,RUSSELL HOBBS RHSV1601 Cordless Vacuum Cleaner - Gunmetal Grey & Purple
Vacuum Cleaners,GTECH AirRam MK2 K9 Cordless Bagless Vacuum Cleaner - Grey
Vacuum Cleaners,MEDION 50066594 Robot Vacuum Cleaner - White
Vacuum Cleaners,TOWER 3-in-1 F1PRO Cordless Vacuum Cleaner - Blue & Silver
Vacuum Cleaners,ZANUSSI Air Cyclonic ZAN8620CV Cylinder Bagless Vacuum Cleaner - White
Vacuum Cleaners,SAMSUNG Jet Bot VR30T80313W/EU Robot Vacuum Cleaner with LiDAR Sensor - White
Vacuum Cleaners,BELDRAY Revo Pet Plus BEL01111 Handheld Vacuum Cleaner - Black
Vacuum Cleaners,BEKO VRT61818VW 2-in-1 Cordless Vacuum Cleaner - White
Vacuum Cleaners,SAMSUNG Bespoke Jet Pro Extra Max 210 W Suction Power Cordless Vacuum Cleaner with All-in-One Clean Station - Midnight Blue
Vacuum Cleaners,"DAEWOO Tornado Essential Pro FLR00052 Upright Bagless Vacuum Cleaner - Green, Black & Grey"
Vacuum Cleaners,TOWER T113004BLG Cordless Vacuum Cleaner - Blush & Rose Gold
Vacuum Cleaners,TOWER T102000BLG Cylinder Bagless Vacuum Cleaner - Black & Rose Gold
Vacuum Cleaners,SAMSUNG Bespoke Jet Complete Extra Max 210 W Suction Power Cordless Vacuum Cleaner with All-in-One Clean Station - Woody Green
Vacuum Cleaners,TOWER T108000BLG Upright Bagless Vacuum Cleaner - Blush & Rose Gold
Vacuum Cleaners,BEKO VCO32801AR Cylinder Bagless Vacuum Cleaner - Red
Vacuum Cleaners,TOWER T121001 Upright Bagless Vacuum Cleaner - Purple
Vacuum Cleaners,BELDRAY Airgility Pet Max BEL01004 Cordless Vacuum Cleaner - Copper
Vacuum Cleaners,BEKO ErgoClean VRT50225VB Cordless Vacuum Cleaner - Graphite
Vacuum Cleaners,BOSCH Serie 6 Unlimited ProAnimal BCS61PETGB Cordless Vacuum Cleaner - Red
Vacuum Cleaners,DAEWOO Tornado Freedom Pro FLR00004 Cordless Vacuum Cleaner - Blue & Black
